date,home_team,away_team,team,scorer,minute,own_goal,penalty
2022-01-09,Cameroon,Burkina Faso,Burkina Faso,Gustavo Sangaré,24,FALSE,FALSE
2022-01-09,Cameroon,Burkina Faso,Cameroon,Vincent Aboubakar,40,FALSE,TRUE
2022-01-09,Cameroon,Burkina Faso,Cameroon,Vincent Aboubakar,45,FALSE,TRUE
2022-01-09,Ethiopia,Cape Verde,Cape Verde,Júlio Tavares,45,FALSE,FALSE
2022-01-10,Comoros,Gabon,Gabon,Aaron Boupendza,16,FALSE,FALSE
2022-01-10,Guinea,Malawi,Guinea,Issiaga Sylla,35,FALSE,FALSE
2022-01-10,Morocco,Ghana,Morocco,Sofiane Boufal,83,FALSE,FALSE
2022-01-10,Senegal,Zimbabwe,Senegal,Sadio Mané,90,FALSE,TRUE
2022-01-11,Nigeria,Egypt,Nigeria,Kelechi Iheanacho,30,FALSE,FALSE
2022-01-12,Equatorial Guinea,Ivory Coast,Ivory Coast,Max Gradel,5,FALSE,FALSE
2022-01-12,Mauritania,Gambia,Gambia,Ablie Jallow,10,FALSE,FALSE
2022-01-12,Tunisia,Mali,Mali,Ibrahima Koné,48,FALSE,TRUE
2022-01-13,Cameroon,Ethiopia,Ethiopia,Dawa Hotessa,4,FALSE,FALSE
2022-01-13,Cameroon,Ethiopia,Cameroon,Karl Toko Ekambi,8,FALSE,FALSE
2022-01-13,Cameroon,Ethiopia,Cameroon,Vincent Aboubakar,53,FALSE,FALSE
2022-01-13,Cameroon,Ethiopia,Cameroon,Vincent Aboubakar,55,FALSE,FALSE
2022-01-13,Cameroon,Ethiopia,Cameroon,Karl Toko Ekambi,68,FALSE,FALSE
2022-01-13,Cape Verde,Burkina Faso,Burkina Faso,Hassane Bandé,39,FALSE,FALSE
2022-01-14,Gabon,Ghana,Ghana,André Ayew,18,FALSE,FALSE
2022-01-14,Gabon,Ghana,Gabon,Jim Allevinah,88,FALSE,FALSE
2022-01-14,Malawi,Zimbabwe,Zimbabwe,Ishmael Wadi,38,FALSE,FALSE
2022-01-14,Malawi,Zimbabwe,Malawi,Gabadinho Mhango,43,FALSE,FALSE
2022-01-14,Malawi,Zimbabwe,Malawi,Gabadinho Mhango,58,FALSE,FALSE
2022-01-14,Morocco,Comoros,Morocco,Selim Amallah,16,FALSE,FALSE
2022-01-14,Morocco,Comoros,Morocco,Zakaria Aboukhlal,88,FALSE,FALSE
2022-01-15,Guinea-Bissau,Egypt,Egypt,Mohamed Salah,69,FALSE,FALSE
2022-01-15,Nigeria,Sudan,Nigeria,Samuel Chukwueze,3,FALSE,FALSE
2022-01-15,Nigeria,Sudan,Nigeria,Taiwo Awoniyi,45,FALSE,FALSE
2022-01-15,Nigeria,Sudan,Nigeria,Moses Simon,46,FALSE,FALSE
2022-01-15,Nigeria,Sudan,Sudan,Walieldin Khedr,70,FALSE,TRUE
2022-01-16,Algeria,Equatorial Guinea,Equatorial Guinea,Esteban Obiang,70,FALSE,FALSE
2022-01-16,Gambia,Mali,Mali,Ibrahima Koné,79,FALSE,TRUE
2022-01-16,Gambia,Mali,Gambia,Musa Barrow,90,FALSE,TRUE
2022-01-16,Ivory Coast,Sierra Leone,Ivory Coast,Sébastien Haller,25,FALSE,FALSE
2022-01-16,Ivory Coast,Sierra Leone,Sierra Leone,Musa Noah Kamara,55,FALSE,FALSE
2022-01-16,Ivory Coast,Sierra Leone,Ivory Coast,Nicolas Pépé,65,FALSE,FALSE
2022-01-16,Ivory Coast,Sierra Leone,Sierra Leone,Alhaji Kamara,90,FALSE,FALSE
2022-01-16,Tunisia,Mauritania,Tunisia,Hamza Mathlouthi,4,FALSE,FALSE
2022-01-16,Tunisia,Mauritania,Tunisia,Wahbi Khazri,9,FALSE,FALSE
2022-01-16,Tunisia,Mauritania,Tunisia,Wahbi Khazri,64,FALSE,FALSE
2022-01-16,Tunisia,Mauritania,Tunisia,Seifeddine Jaziri,66,FALSE,FALSE
2022-01-17,Burkina Faso,Ethiopia,Burkina Faso,Cyrille Bayala,25,FALSE,FALSE
2022-01-17,Burkina Faso,Ethiopia,Ethiopia,Getaneh Kebede,52,FALSE,TRUE
2022-01-17,Cameroon,Cape Verde,Cameroon,Vincent Aboubakar,39,FALSE,FALSE
2022-01-17,Cameroon,Cape Verde,Cape Verde,Garry Rodrigues,53,FALSE,FALSE
2022-01-18,Gabon,Morocco,Gabon,Jim Allevinah,21,FALSE,FALSE
2022-01-18,Gabon,Morocco,Morocco,Sofiane Boufal,74,FALSE,TRUE
2022-01-18,Gabon,Morocco,Gabon,Nayef Aguerd,81,TRUE,FALSE
2022-01-18,Gabon,Morocco,Morocco,Achraf Hakimi,84,FALSE,FALSE
2022-01-18,Ghana,Comoros,Comoros,El Fardou Ben Nabouhane,4,FALSE,FALSE
2022-01-18,Ghana,Comoros,Comoros,Ahmed Mogni,62,FALSE,FALSE
2022-01-18,Ghana,Comoros,Ghana,Richmond Boakye,64,FALSE,FALSE
2022-01-18,Ghana,Comoros,Ghana,Alexander Djiku,77,FALSE,FALSE
2022-01-18,Ghana,Comoros,Comoros,Ahmed Mogni,85,FALSE,FALSE
2022-01-18,Zimbabwe,Guinea,Zimbabwe,Knowledge Musona,26,FALSE,FALSE
2022-01-18,Zimbabwe,Guinea,Zimbabwe,Kudakwashe Mahachi,43,FALSE,FALSE
2022-01-18,Zimbabwe,Guinea,Guinea,Naby Keïta,49,FALSE,FALSE
2022-01-19,Egypt,Sudan,Egypt,Mohamed Abdelmonem,35,FALSE,FALSE
2022-01-19,Guinea-Bissau,Nigeria,Nigeria,Umar Sadiq,56,FALSE,FALSE
2022-01-19,Guinea-Bissau,Nigeria,Nigeria,William Troost-Ekong,75,FALSE,FALSE
2022-01-20,Gambia,Tunisia,Gambia,Ablie Jallow,90,FALSE,FALSE
2022-01-20,Ivory Coast,Algeria,Ivory Coast,Franck Kessié,22,FALSE,FALSE
2022-01-20,Ivory Coast,Algeria,Ivory Coast,Ibrahim Sangaré,39,FALSE,FALSE
2022-01-20,Ivory Coast,Algeria,Ivory Coast,Nicolas Pépé,54,FALSE,FALSE
2022-01-20,Ivory Coast,Algeria,Algeria,Sofiane Bendebka,73,FALSE,FALSE
2022-01-20,Mali,Mauritania,Mali,Massadio Haïdara,2,FALSE,FALSE
2022-01-20,Mali,Mauritania,Mali,Ibrahima Koné,49,FALSE,TRUE
2022-01-20,Sierra Leone,Equatorial Guinea,Equatorial Guinea,Pablo Ganet,38,FALSE,FALSE
2022-01-23,Burkina Faso,Gabon,Burkina Faso,Bertrand Traoré,28,FALSE,FALSE
2022-01-23,Burkina Faso,Gabon,Gabon,Adama Guira,90,TRUE,FALSE
2022-01-23,Nigeria,Tunisia,Tunisia,Youssef Msakni,47,FALSE,FALSE
2022-01-24,Cameroon,Comoros,Cameroon,Karl Toko Ekambi,29,FALSE,FALSE
2022-01-24,Cameroon,Comoros,Cameroon,Vincent Aboubakar,70,FALSE,FALSE
2022-01-24,Cameroon,Comoros,Comoros,Youssouf M'Changama,81,FALSE,FALSE
2022-01-24,Guinea,Gambia,Gambia,Musa Barrow,71,FALSE,FALSE
2022-01-25,Morocco,Malawi,Malawi,Gabadinho Mhango,7,FALSE,FALSE
2022-01-25,Morocco,Malawi,Morocco,Youssef En-Nesyri,45,FALSE,FALSE
2022-01-25,Morocco,Malawi,Morocco,Achraf Hakimi,70,FALSE,FALSE
2022-01-25,Senegal,Cape Verde,Senegal,Sadio Mané,63,FALSE,FALSE
2022-01-25,Senegal,Cape Verde,Senegal,Bamba Dieng,90,FALSE,FALSE
2022-01-27,Australia,Vietnam,Australia,Jamie Maclaren,30,FALSE,FALSE
2022-01-27,Australia,Vietnam,Australia,Tom Rogic,45,FALSE,FALSE
2022-01-27,Australia,Vietnam,Australia,Craig Goodwin,72,FALSE,FALSE
2022-01-27,Australia,Vietnam,Australia,Riley McGree,76,FALSE,FALSE
2022-01-27,Chile,Argentina,Argentina,Ángel Di María,10,FALSE,FALSE
2022-01-27,Chile,Argentina,Chile,Ben Brereton Díaz,21,FALSE,FALSE
2022-01-27,Chile,Argentina,Argentina,Lautaro Martínez,34,FALSE,FALSE
2022-01-27,Costa Rica,Panama,Costa Rica,Bryan Ruiz,65,FALSE,FALSE
2022-01-27,Ecuador,Brazil,Brazil,Casemiro,6,FALSE,FALSE
2022-01-27,Ecuador,Brazil,Ecuador,Félix Torres,75,FALSE,FALSE
2022-01-27,Honduras,Canada,Canada,Denil Maldonado,10,TRUE,FALSE
2022-01-27,Honduras,Canada,Canada,Jonathan David,73,FALSE,FALSE
2022-01-27,Iran,Iraq,Iran,Mehdi Taremi,48,FALSE,FALSE
2022-01-27,Jamaica,Mexico,Jamaica,Daniel Johnson,50,FALSE,FALSE
2022-01-27,Jamaica,Mexico,Mexico,Henry Martín,82,FALSE,FALSE
2022-01-27,Jamaica,Mexico,Mexico,Alexis Vega,83,FALSE,FALSE
2022-01-27,Japan,China PR,Japan,Yuya Osako,13,FALSE,TRUE
2022-01-27,Japan,China PR,Japan,Junya Ito,61,FALSE,FALSE
2022-01-27,Lebanon,South Korea,South Korea,Cho Gue-sung,45,FALSE,FALSE
2022-01-27,Paraguay,Uruguay,Uruguay,Luis Suárez,50,FALSE,FALSE
2022-01-27,Saudi Arabia,Oman,Saudi Arabia,Firas Al-Buraikan,48,FALSE,FALSE
2022-01-27,United Arab Emirates,Syria,United Arab Emirates,Caio Canedo,43,FALSE,FALSE
2022-01-27,United Arab Emirates,Syria,United Arab Emirates,Yahya Al-Ghassani,70,FALSE,FALSE
2022-01-27,United States,El Salvador,United States,Antonee Robinson,52,FALSE,FALSE
2022-01-28,Colombia,Peru,Peru,Edison Flores,85,FALSE,FALSE
2022-01-28,Venezuela,Bolivia,Venezuela,Salomón Rondón,24,FALSE,FALSE
2022-01-28,Venezuela,Bolivia,Venezuela,Salomón Rondón,34,FALSE,FALSE
2022-01-28,Venezuela,Bolivia,Bolivia,Bruno Miranda,38,FALSE,FALSE
2022-01-28,Venezuela,Bolivia,Venezuela,Darwin Machís,55,FALSE,FALSE
2022-01-28,Venezuela,Bolivia,Venezuela,Salomón Rondón,67,FALSE,FALSE
2022-01-29,Burkina Faso,Tunisia,Burkina Faso,Dango Ouattara,45,FALSE,FALSE
2022-01-29,Cameroon,Gambia,Cameroon,Karl Toko Ekambi,50,FALSE,FALSE
2022-01-29,Cameroon,Gambia,Cameroon,Karl Toko Ekambi,57,FALSE,FALSE
2022-01-30,Canada,United States,Canada,Cyle Larin,7,FALSE,FALSE
2022-01-30,Canada,United States,Canada,Sam Adekugbe,90,FALSE,FALSE
2022-01-30,Egypt,Morocco,Morocco,Sofiane Boufal,7,FALSE,TRUE
2022-01-30,Egypt,Morocco,Egypt,Mohamed Salah,53,FALSE,FALSE
2022-01-30,Egypt,Morocco,Egypt,Trézéguet,100,FALSE,FALSE
2022-01-30,Honduras,El Salvador,El Salvador,Nelson Bonilla,35,FALSE,FALSE
2022-01-30,Honduras,El Salvador,El Salvador,Darwin Cerén,90,FALSE,FALSE
2022-01-30,Panama,Jamaica,Jamaica,Michail Antonio,5,FALSE,TRUE
2022-01-30,Panama,Jamaica,Panama,Javain Brown,43,TRUE,FALSE
2022-01-30,Panama,Jamaica,Panama,Eric Davis,51,FALSE,FALSE
2022-01-30,Panama,Jamaica,Panama,Azmahar Ariano,69,FALSE,FALSE
2022-01-30,Panama,Jamaica,Jamaica,Andre Gray,87,FALSE,FALSE
2022-01-30,Senegal,Equatorial Guinea,Senegal,Famara Diédhiou,28,FALSE,FALSE
2022-01-30,Senegal,Equatorial Guinea,Equatorial Guinea,Jannick Buyla,57,FALSE,FALSE
2022-01-30,Senegal,Equatorial Guinea,Senegal,Cheikhou Kouyaté,68,FALSE,FALSE
2022-01-30,Senegal,Equatorial Guinea,Senegal,Ismaïla Sarr,79,FALSE,FALSE
2022-02-01,Argentina,Colombia,Argentina,Lautaro Martínez,29,FALSE,FALSE
2022-02-01,Bolivia,Chile,Chile,Alexis Sánchez,14,FALSE,FALSE
2022-02-01,Bolivia,Chile,Bolivia,Marc Enoumba,37,FALSE,FALSE
2022-02-01,Bolivia,Chile,Chile,Marcelino Núñez,77,FALSE,FALSE
2022-02-01,Bolivia,Chile,Chile,Alexis Sánchez,86,FALSE,FALSE
2022-02-01,Bolivia,Chile,Bolivia,Marcelo Martins Moreno,88,FALSE,FALSE
2022-02-01,Brazil,Paraguay,Brazil,Raphinha,28,FALSE,FALSE
2022-02-01,Brazil,Paraguay,Brazil,Philippe Coutinho,62,FALSE,FALSE
2022-02-01,Brazil,Paraguay,Brazil,Antony,86,FALSE,FALSE
2022-02-01,Brazil,Paraguay,Brazil,Rodrygo,88,FALSE,FALSE
2022-02-01,Iran,United Arab Emirates,Iran,Mehdi Taremi,44,FALSE,FALSE
2022-02-01,Japan,Saudi Arabia,Japan,Takumi Minamino,32,FALSE,FALSE
2022-02-01,Japan,Saudi Arabia,Japan,Junya Ito,50,FALSE,FALSE
2022-02-01,Lebanon,Iraq,Iraq,Aymen Hussein,39,FALSE,FALSE
2022-02-01,Lebanon,Iraq,Lebanon,Maher Sabra,45,FALSE,FALSE
2022-02-01,Oman,Australia,Australia,Jamie Maclaren,15,FALSE,TRUE
2022-02-01,Oman,Australia,Oman,Abdullah Fawaz,54,FALSE,FALSE
2022-02-01,Oman,Australia,Australia,Aaron Mooy,79,FALSE,FALSE
2022-02-01,Oman,Australia,Oman,Abdullah Fawaz,89,FALSE,TRUE
2022-02-01,Peru,Ecuador,Ecuador,Michael Estrada,2,FALSE,FALSE
2022-02-01,Peru,Ecuador,Peru,Edison Flores,69,FALSE,FALSE
2022-02-01,Syria,South Korea,South Korea,Kim Jin-su,53,FALSE,FALSE
2022-02-01,Syria,South Korea,South Korea,Kwon Chang-hoon,71,FALSE,FALSE
2022-02-01,Uruguay,Venezuela,Uruguay,Rodrigo Bentancur,1,FALSE,FALSE
2022-02-01,Uruguay,Venezuela,Uruguay,Giorgian de Arrascaeta,23,FALSE,FALSE
2022-02-01,Uruguay,Venezuela,Uruguay,Edinson Cavani,45,FALSE,FALSE
2022-02-01,Uruguay,Venezuela,Uruguay,Luis Suárez,53,FALSE,TRUE
2022-02-01,Uruguay,Venezuela,Venezuela,Josef Martínez,65,FALSE,FALSE
2022-02-01,Vietnam,China PR,Vietnam,Hồ Tấn Tài,9,FALSE,FALSE
2022-02-01,Vietnam,China PR,Vietnam,Nguyễn Tiến Linh,16,FALSE,FALSE
2022-02-01,Vietnam,China PR,Vietnam,Phan Văn Đức,76,FALSE,FALSE
2022-02-01,Vietnam,China PR,China PR,Xu Xin,90,FALSE,FALSE
2022-02-02,Burkina Faso,Senegal,Senegal,Abdou Diallo,70,FALSE,FALSE
2022-02-02,Burkina Faso,Senegal,Senegal,Idrissa Gueye,76,FALSE,FALSE
2022-02-02,Burkina Faso,Senegal,Burkina Faso,Blati Touré,82,FALSE,FALSE
2022-02-02,Burkina Faso,Senegal,Senegal,Sadio Mané,87,FALSE,FALSE
2022-02-02,El Salvador,Canada,Canada,Atiba Hutchinson,66,FALSE,FALSE
2022-02-02,El Salvador,Canada,Canada,Jonathan David,90,FALSE,FALSE
2022-02-02,Jamaica,Costa Rica,Costa Rica,Joel Campbell,62,FALSE,FALSE
2022-02-02,Mexico,Panama,Mexico,Raúl Jiménez,80,FALSE,TRUE
2022-02-02,United States,Honduras,United States,Weston McKennie,8,FALSE,FALSE
2022-02-02,United States,Honduras,United States,Walker Zimmerman,37,FALSE,FALSE
2022-02-02,United States,Honduras,United States,Christian Pulisic,67,FALSE,FALSE
2022-02-05,Cameroon,Burkina Faso,Burkina Faso,Steeve Yago,24,FALSE,FALSE
2022-02-05,Cameroon,Burkina Faso,Burkina Faso,André Onana,43,TRUE,FALSE
2022-02-05,Cameroon,Burkina Faso,Burkina Faso,Djibril Ouattara,49,FALSE,FALSE
2022-02-05,Cameroon,Burkina Faso,Cameroon,Stéphane Bahoken,71,FALSE,FALSE
2022-02-05,Cameroon,Burkina Faso,Cameroon,Vincent Aboubakar,85,FALSE,FALSE
2022-02-05,Cameroon,Burkina Faso,Cameroon,Vincent Aboubakar,87,FALSE,FALSE
2022-03-17,Cook Islands,Solomon Islands,Solomon Islands,Atkin Kaua,20,FALSE,FALSE
2022-03-17,Cook Islands,Solomon Islands,Solomon Islands,Alwin Hou,45,FALSE,FALSE
2022-03-18,New Caledonia,Fiji,Fiji,Sairusi Nalaubu,11,FALSE,FALSE
2022-03-18,New Caledonia,Fiji,New Caledonia,Jordan Wetria,78,FALSE,FALSE
2022-03-18,New Caledonia,Fiji,Fiji,Sairusi Nalaubu,89,FALSE,FALSE
2022-03-18,Papua New Guinea,New Zealand,New Zealand,Ben Waine,75,FALSE,FALSE
2022-03-21,New Zealand,Fiji,New Zealand,Chris Wood,45,FALSE,FALSE
2022-03-21,New Zealand,Fiji,New Zealand,Elijah Just,71,FALSE,FALSE
2022-03-21,New Zealand,Fiji,New Zealand,Chris Wood,73,FALSE,FALSE
2022-03-21,New Zealand,Fiji,New Zealand,Clayton Lewis,90,FALSE,TRUE
2022-03-21,Papua New Guinea,New Caledonia,Papua New Guinea,Tommy Semmy,8,FALSE,FALSE
2022-03-24,Australia,Japan,Japan,Kaoru Mitoma,89,FALSE,FALSE
2022-03-24,Australia,Japan,Japan,Kaoru Mitoma,90,FALSE,FALSE
2022-03-24,Brazil,Chile,Brazil,Neymar,44,FALSE,TRUE
2022-03-24,Brazil,Chile,Brazil,Vinícius Júnior,45,FALSE,FALSE
2022-03-24,Brazil,Chile,Brazil,Philippe Coutinho,72,FALSE,TRUE
2022-03-24,Brazil,Chile,Brazil,Richarlison,90,FALSE,FALSE
2022-03-24,China PR,Saudi Arabia,Saudi Arabia,Saleh Al-Shehri,45,FALSE,FALSE
2022-03-24,China PR,Saudi Arabia,China PR,Zhu Chenjie,82,FALSE,TRUE
2022-03-24,Colombia,Bolivia,Colombia,Luis Díaz,39,FALSE,FALSE
2022-03-24,Colombia,Bolivia,Colombia,Miguel Borja,72,FALSE,FALSE
2022-03-24,Colombia,Bolivia,Colombia,Mateus Uribe,90,FALSE,FALSE
2022-03-24,Costa Rica,Canada,Costa Rica,Celso Borges,45,FALSE,FALSE
2022-03-24,Fiji,Papua New Guinea,Fiji,Tevita Waranaivalu,12,FALSE,FALSE
2022-03-24,Fiji,Papua New Guinea,Papua New Guinea,Ati Kepo,45,FALSE,FALSE
2022-03-24,Fiji,Papua New Guinea,Papua New Guinea,Tommy Semmy,63,FALSE,FALSE
2022-03-24,Iraq,United Arab Emirates,Iraq,Hussein Ali Al-Saedi,53,FALSE,FALSE
2022-03-24,Italy,North Macedonia,North Macedonia,Aleksandar Trajkovski,90,FALSE,FALSE
2022-03-24,Jamaica,El Salvador,El Salvador,Eriq Zavaleta,21,FALSE,FALSE
2022-03-24,Jamaica,El Salvador,Jamaica,Andre Gray,72,FALSE,FALSE
2022-03-24,Lebanon,Syria,Syria,Alaa Al Dali,14,FALSE,FALSE
2022-03-24,Lebanon,Syria,Syria,Mardik Mardikian,38,FALSE,TRUE
2022-03-24,Lebanon,Syria,Syria,Mohammad Al Marmour,44,FALSE,FALSE
2022-03-24,Moldova,Kazakhstan,Moldova,Ion Nicolaescu,45,FALSE,FALSE
2022-03-24,Moldova,Kazakhstan,Kazakhstan,Serhiy Malyi,63,FALSE,FALSE
2022-03-24,Moldova,Kazakhstan,Kazakhstan,Veaceslav Posmac,79,TRUE,FALSE
2022-03-24,New Zealand,New Caledonia,New Zealand,Alex Greive,8,FALSE,FALSE
2022-03-24,New Zealand,New Caledonia,New Caledonia,Jean-Philippe Saïko,12,FALSE,FALSE
2022-03-24,New Zealand,New Caledonia,New Zealand,Logan Rogerson,36,FALSE,TRUE
2022-03-24,New Zealand,New Caledonia,New Zealand,Alex Greive,45,FALSE,FALSE
2022-03-24,New Zealand,New Caledonia,New Zealand,Andre de Jong,75,FALSE,FALSE
2022-03-24,New Zealand,New Caledonia,New Zealand,Bill Tuiloma,81,FALSE,FALSE
2022-03-24,New Zealand,New Caledonia,New Zealand,Chris Wood,83,FALSE,FALSE
2022-03-24,New Zealand,New Caledonia,New Zealand,Chris Wood,89,FALSE,FALSE
2022-03-24,Panama,Honduras,Panama,Rolando Blackburn,23,FALSE,FALSE
2022-03-24,Panama,Honduras,Honduras,Kevin López,65,FALSE,FALSE
2022-03-24,Paraguay,Ecuador,Paraguay,Robert Morales,10,FALSE,FALSE
2022-03-24,Paraguay,Ecuador,Paraguay,Piero Hincapié,45,TRUE,FALSE
2022-03-24,Paraguay,Ecuador,Paraguay,Miguel Almirón,54,FALSE,FALSE
2022-03-24,Paraguay,Ecuador,Ecuador,Jordy Caicedo,85,FALSE,TRUE
2022-03-24,Portugal,Turkey,Portugal,Otávio,15,FALSE,FALSE
2022-03-24,Portugal,Turkey,Portugal,Diogo Jota,42,FALSE,FALSE
2022-03-24,Portugal,Turkey,Turkey,Burak Yılmaz,65,FALSE,FALSE
2022-03-24,Portugal,Turkey,Portugal,Matheus Nunes,90,FALSE,FALSE
2022-03-24,Solomon Islands,Tahiti,Solomon Islands,Raphael Lea'i,20,FALSE,FALSE
2022-03-24,Solomon Islands,Tahiti,Tahiti,Alvin Tehau,26,FALSE,FALSE
2022-03-24,Solomon Islands,Tahiti,Solomon Islands,Raphael Lea'i,52,FALSE,FALSE
2022-03-24,Solomon Islands,Tahiti,Solomon Islands,Raphael Lea'i,90,FALSE,FALSE
2022-03-24,South Korea,Iran,South Korea,Son Heung-min,45,FALSE,FALSE
2022-03-24,South Korea,Iran,South Korea,Kim Young-gwon,62,FALSE,FALSE
2022-03-24,Sweden,Czech Republic,Sweden,Robin Quaison,110,FALSE,FALSE
2022-03-24,Uruguay,Peru,Uruguay,Giorgian de Arrascaeta,42,FALSE,FALSE
2022-03-24,Vietnam,Oman,Oman,Khalid Al-Hajri,65,FALSE,FALSE
2022-03-24,Wales,Austria,Wales,Gareth Bale,25,FALSE,FALSE
2022-03-24,Wales,Austria,Wales,Gareth Bale,51,FALSE,FALSE
2022-03-24,Wales,Austria,Austria,Marcel Sabitzer,65,FALSE,FALSE
2022-03-25,Argentina,Venezuela,Argentina,Nicolás González,34,FALSE,FALSE
2022-03-25,Argentina,Venezuela,Argentina,Ángel Di María,79,FALSE,FALSE
2022-03-25,Argentina,Venezuela,Argentina,Lionel Messi,82,FALSE,FALSE
2022-03-25,Cameroon,Algeria,Algeria,Islam Slimani,40,FALSE,FALSE
2022-03-25,DR Congo,Morocco,DR Congo,Yoane Wissa,12,FALSE,FALSE
2022-03-25,DR Congo,Morocco,Morocco,Tarik Tissoudali,76,FALSE,FALSE
2022-03-25,Egypt,Senegal,Egypt,Saliou Ciss,4,TRUE,FALSE
2022-03-25,Mali,Tunisia,Tunisia,Moussa Sissako,36,TRUE,FALSE
2022-03-27,Canada,Jamaica,Canada,Cyle Larin,13,FALSE,FALSE
2022-03-27,Canada,Jamaica,Canada,Tajon Buchanan,44,FALSE,FALSE
2022-03-27,Canada,Jamaica,Canada,Junior Hoilett,83,FALSE,FALSE
2022-03-27,Canada,Jamaica,Canada,Adrian Mariappa,88,TRUE,FALSE
2022-03-27,El Salvador,Costa Rica,Costa Rica,Anthony Contreras,30,FALSE,FALSE
2022-03-27,El Salvador,Costa Rica,El Salvador,Cristian Gil,31,FALSE,FALSE
2022-03-27,El Salvador,Costa Rica,Costa Rica,Joel Campbell,45,FALSE,FALSE
2022-03-27,Honduras,Mexico,Mexico,Edson Álvarez,70,FALSE,FALSE
2022-03-27,New Zealand,Tahiti,New Zealand,Liberato Cacace,71,FALSE,FALSE
2022-03-27,Solomon Islands,Papua New Guinea,Papua New Guinea,Alwin Komolong,24,FALSE,FALSE
2022-03-27,Solomon Islands,Papua New Guinea,Solomon Islands,Alwin Hou,33,FALSE,FALSE
2022-03-27,Solomon Islands,Papua New Guinea,Solomon Islands,Alwin Hou,66,FALSE,FALSE
2022-03-27,Solomon Islands,Papua New Guinea,Solomon Islands,Raphael Lea'i,71,FALSE,FALSE
2022-03-27,Solomon Islands,Papua New Guinea,Papua New Guinea,Ati Kepo,88,FALSE,FALSE
2022-03-27,United States,Panama,United States,Christian Pulisic,17,FALSE,TRUE
2022-03-27,United States,Panama,United States,Paul Arriola,23,FALSE,FALSE
2022-03-27,United States,Panama,United States,Jesús Ferreira,27,FALSE,FALSE
2022-03-27,United States,Panama,United States,Christian Pulisic,45,FALSE,TRUE
2022-03-27,United States,Panama,United States,Christian Pulisic,65,FALSE,FALSE
2022-03-27,United States,Panama,Panama,Aníbal Godoy,86,FALSE,FALSE
2022-03-29,Algeria,Cameroon,Cameroon,Eric Maxim Choupo-Moting,22,FALSE,FALSE
2022-03-29,Algeria,Cameroon,Algeria,Ahmed Touba,118,FALSE,FALSE
2022-03-29,Algeria,Cameroon,Cameroon,Karl Toko Ekambi,120,FALSE,FALSE
2022-03-29,Bolivia,Brazil,Brazil,Lucas Paquetá,24,FALSE,FALSE
2022-03-29,Bolivia,Brazil,Brazil,Richarlison,45,FALSE,FALSE
2022-03-29,Bolivia,Brazil,Brazil,Bruno Guimarães,66,FALSE,FALSE
2022-03-29,Bolivia,Brazil,Brazil,Richarlison,90,FALSE,FALSE
2022-03-29,Chile,Uruguay,Uruguay,Luis Suárez,79,FALSE,FALSE
2022-03-29,Chile,Uruguay,Uruguay,Federico Valverde,90,FALSE,FALSE
2022-03-29,Cyprus,Estonia,Cyprus,Marinos Tzionis,19,FALSE,FALSE
2022-03-29,Cyprus,Estonia,Cyprus,Pieros Sotiriou,51,FALSE,FALSE
2022-03-29,Ecuador,Argentina,Argentina,Julián Álvarez,24,FALSE,FALSE
2022-03-29,Ecuador,Argentina,Ecuador,Enner Valencia,90,FALSE,FALSE
2022-03-29,Iran,Lebanon,Iran,Sardar Azmoun,35,FALSE,FALSE
2022-03-29,Iran,Lebanon,Iran,Alireza Jahanbakhsh,72,FALSE,FALSE
2022-03-29,Japan,Vietnam,Vietnam,Nguyễn Thanh Bình,19,FALSE,FALSE
2022-03-29,Japan,Vietnam,Japan,Maya Yoshida,55,FALSE,FALSE
2022-03-29,Kazakhstan,Moldova,Moldova,Igor Armaș,13,FALSE,FALSE
2022-03-29,Morocco,DR Congo,Morocco,Azzedine Ounahi,21,FALSE,FALSE
2022-03-29,Morocco,DR Congo,Morocco,Tarik Tissoudali,45,FALSE,FALSE
2022-03-29,Morocco,DR Congo,Morocco,Azzedine Ounahi,54,FALSE,FALSE
2022-03-29,Morocco,DR Congo,Morocco,Achraf Hakimi,69,FALSE,FALSE
2022-03-29,Morocco,DR Congo,DR Congo,Ben Malango,77,FALSE,FALSE
2022-03-29,Nigeria,Ghana,Ghana,Thomas Partey,10,FALSE,FALSE
2022-03-29,Nigeria,Ghana,Nigeria,William Troost-Ekong,22,FALSE,TRUE
2022-03-29,Oman,China PR,Oman,Arshad Al-Alawi,12,FALSE,FALSE
2022-03-29,Oman,China PR,Oman,Abdullah Fawaz,74,FALSE,FALSE
2022-03-29,Peru,Paraguay,Peru,Gianluca Lapadula,5,FALSE,FALSE
2022-03-29,Peru,Paraguay,Peru,Yoshimar Yotún,42,FALSE,FALSE
2022-03-29,Poland,Sweden,Poland,Robert Lewandowski,49,FALSE,TRUE
2022-03-29,Poland,Sweden,Poland,Piotr Zieliński,72,FALSE,FALSE
2022-03-29,Portugal,North Macedonia,Portugal,Bruno Fernandes,32,FALSE,FALSE
2022-03-29,Portugal,North Macedonia,Portugal,Bruno Fernandes,65,FALSE,FALSE
2022-03-29,Saudi Arabia,Australia,Saudi Arabia,Salem Al-Dawsari,65,FALSE,TRUE
2022-03-29,Senegal,Egypt,Senegal,Boulaye Dia,3,FALSE,FALSE
2022-03-29,Syria,Iraq,Syria,Alaa Al Dali,3,FALSE,FALSE
2022-03-29,Syria,Iraq,Iraq,Aymen Hussein,31,FALSE,FALSE
2022-03-29,United Arab Emirates,South Korea,United Arab Emirates,Harib Al-Maazmi,54,FALSE,FALSE
2022-03-29,Venezuela,Colombia,Colombia,James Rodríguez,45,FALSE,TRUE
2022-03-30,Costa Rica,United States,Costa Rica,Juan Pablo Vargas,51,FALSE,FALSE
2022-03-30,Costa Rica,United States,Costa Rica,Anthony Contreras,59,FALSE,FALSE
2022-03-30,Jamaica,Honduras,Honduras,Ángel Tejeda,18,FALSE,TRUE
2022-03-30,Jamaica,Honduras,Jamaica,Leon Bailey,39,FALSE,TRUE
2022-03-30,Jamaica,Honduras,Jamaica,Ravel Morrison,45,FALSE,FALSE
2022-03-30,Mexico,El Salvador,Mexico,Uriel Antuna,17,FALSE,FALSE
2022-03-30,Mexico,El Salvador,Mexico,Raúl Jiménez,43,FALSE,TRUE
2022-03-30,Panama,Canada,Panama,Gabriel Torres,49,FALSE,FALSE
2022-03-30,Solomon Islands,New Zealand,New Zealand,Bill Tuiloma,23,FALSE,FALSE
2022-03-30,Solomon Islands,New Zealand,New Zealand,Chris Wood,39,FALSE,FALSE
2022-03-30,Solomon Islands,New Zealand,New Zealand,Joe Bell,50,FALSE,FALSE
2022-03-30,Solomon Islands,New Zealand,New Zealand,Bill Tuiloma,70,FALSE,FALSE
2022-03-30,Solomon Islands,New Zealand,New Zealand,Matthew Garbett,90,FALSE,FALSE
2022-06-01,Italy,Argentina,Argentina,Lautaro Martínez,28,FALSE,FALSE
2022-06-01,Italy,Argentina,Argentina,Ángel Di María,45,FALSE,FALSE
2022-06-01,Italy,Argentina,Argentina,Paulo Dybala,90,FALSE,FALSE
2022-06-01,Poland,Wales,Wales,Jonny Williams,52,FALSE,FALSE
2022-06-01,Poland,Wales,Poland,Jakub Kamiński,72,FALSE,FALSE
2022-06-01,Poland,Wales,Poland,Karol Świderski,85,FALSE,FALSE
2022-06-01,Scotland,Ukraine,Ukraine,Andriy Yarmolenko,33,FALSE,FALSE
2022-06-01,Scotland,Ukraine,Ukraine,Roman Yaremchuk,49,FALSE,FALSE
2022-06-01,Scotland,Ukraine,Scotland,Callum McGregor,79,FALSE,FALSE
2022-06-01,Scotland,Ukraine,Ukraine,Artem Dovbyk,90,FALSE,FALSE
2022-06-02,Bulgaria,North Macedonia,Bulgaria,Kiril Despodov,13,FALSE,FALSE
2022-06-02,Bulgaria,North Macedonia,North Macedonia,Milan Ristovski,50,FALSE,FALSE
2022-06-02,Cyprus,Kosovo,Kosovo,Valon Berisha,65,FALSE,FALSE
2022-06-02,Cyprus,Kosovo,Kosovo,Edon Zhegrova,78,FALSE,FALSE
2022-06-02,Czech Republic,Switzerland,Czech Republic,Jan Kuchta,11,FALSE,FALSE
2022-06-02,Czech Republic,Switzerland,Switzerland,Noah Okafor,44,FALSE,FALSE
2022-06-02,Czech Republic,Switzerland,Czech Republic,Djibril Sow,58,TRUE,FALSE
2022-06-02,Estonia,San Marino,Estonia,Robert Kirss,24,FALSE,FALSE
2022-06-02,Estonia,San Marino,Estonia,Joonas Tamm,32,FALSE,FALSE
2022-06-02,Georgia,Gibraltar,Georgia,Khvicha Kvaratskhelia,12,FALSE,FALSE
2022-06-02,Georgia,Gibraltar,Georgia,Guram Kashia,33,FALSE,FALSE
2022-06-02,Georgia,Gibraltar,Georgia,Georges Mikautadze,87,FALSE,FALSE
2022-06-02,Georgia,Gibraltar,Georgia,Valeri Qazaishvili,88,FALSE,FALSE
2022-06-02,Israel,Iceland,Israel,Liel Abada,25,FALSE,FALSE
2022-06-02,Israel,Iceland,Iceland,Þórir Jóhann Helgason,42,FALSE,FALSE
2022-06-02,Israel,Iceland,Iceland,Arnór Sigurðsson,53,FALSE,FALSE
2022-06-02,Israel,Iceland,Israel,Shon Weissman,84,FALSE,FALSE
2022-06-02,Northern Ireland,Greece,Greece,Tasos Bakasetas,39,FALSE,FALSE
2022-06-02,Serbia,Norway,Norway,Erling Haaland,26,FALSE,FALSE
2022-06-02,Slovenia,Sweden,Sweden,Emil Forsberg,39,FALSE,TRUE
2022-06-02,Slovenia,Sweden,Sweden,Dejan Kulusevski,88,FALSE,FALSE
2022-06-02,Spain,Portugal,Spain,Álvaro Morata,25,FALSE,FALSE
2022-06-02,Spain,Portugal,Portugal,Ricardo Horta,82,FALSE,FALSE
2022-06-03,Belarus,Slovakia,Slovakia,Tomáš Suslov,61,FALSE,FALSE
2022-06-03,Belgium,Netherlands,Netherlands,Steven Bergwijn,40,FALSE,FALSE
2022-06-03,Belgium,Netherlands,Netherlands,Memphis Depay,51,FALSE,FALSE
2022-06-03,Belgium,Netherlands,Netherlands,Denzel Dumfries,61,FALSE,FALSE
2022-06-03,Belgium,Netherlands,Netherlands,Memphis Depay,65,FALSE,FALSE
2022-06-03,Belgium,Netherlands,Belgium,Michy Batshuayi,90,FALSE,FALSE
2022-06-03,Croatia,Austria,Austria,Marko Arnautović,41,FALSE,FALSE
2022-06-03,Croatia,Austria,Austria,Michael Gregoritsch,54,FALSE,FALSE
2022-06-03,Croatia,Austria,Austria,Marcel Sabitzer,57,FALSE,FALSE
2022-06-03,France,Denmark,France,Karim Benzema,51,FALSE,FALSE
2022-06-03,France,Denmark,Denmark,Andreas Cornelius,68,FALSE,FALSE
2022-06-03,France,Denmark,Denmark,Andreas Cornelius,88,FALSE,FALSE
2022-06-03,Kazakhstan,Azerbaijan,Kazakhstan,Abat Aymbetov,50,FALSE,FALSE
2022-06-03,Kazakhstan,Azerbaijan,Kazakhstan,Abat Aymbetov,60,FALSE,FALSE
2022-06-03,Latvia,Andorra,Latvia,Roberts Uldriķis,9,FALSE,FALSE
2022-06-03,Latvia,Andorra,Latvia,Roberts Uldriķis,77,FALSE,FALSE
2022-06-03,Latvia,Andorra,Latvia,Jānis Ikaunieks,85,FALSE,TRUE
2022-06-03,Liechtenstein,Moldova,Moldova,Ion Nicolaescu,5,FALSE,TRUE
2022-06-03,Liechtenstein,Moldova,Moldova,Vadim Bolohan,90,FALSE,FALSE
2022-06-04,Armenia,Republic of Ireland,Armenia,Eduard Spertsyan,74,FALSE,FALSE
2022-06-04,Finland,Bosnia and Herzegovina,Finland,Teemu Pukki,45,FALSE,TRUE
2022-06-04,Finland,Bosnia and Herzegovina,Bosnia and Herzegovina,Smail Prevljak,90,FALSE,FALSE
2022-06-04,Hungary,England,Hungary,Dominik Szoboszlai,66,FALSE,TRUE
2022-06-04,Italy,Germany,Italy,Lorenzo Pellegrini,70,FALSE,FALSE
2022-06-04,Italy,Germany,Germany,Joshua Kimmich,73,FALSE,FALSE
2022-06-04,Lithuania,Luxembourg,Luxembourg,Danel Sinani,44,FALSE,FALSE
2022-06-04,Lithuania,Luxembourg,Luxembourg,Danel Sinani,78,FALSE,FALSE
2022-06-04,Montenegro,Romania,Montenegro,Stefan Mugoša,66,FALSE,FALSE
2022-06-04,Montenegro,Romania,Montenegro,Marko Vukčević,87,FALSE,FALSE
2022-06-04,Turkey,Faroe Islands,Turkey,Cengiz Ünder,37,FALSE,FALSE
2022-06-04,Turkey,Faroe Islands,Turkey,Halil Dervişoğlu,47,FALSE,FALSE
2022-06-04,Turkey,Faroe Islands,Turkey,Serdar Dursun,82,FALSE,FALSE
2022-06-04,Turkey,Faroe Islands,Turkey,Merih Demiral,85,FALSE,FALSE
2022-06-05,Bulgaria,Georgia,Georgia,Zuriko Davitashvili,4,FALSE,FALSE
2022-06-05,Bulgaria,Georgia,Georgia,Andrea Hristov,31,TRUE,FALSE
2022-06-05,Bulgaria,Georgia,Bulgaria,Atanas Iliev,50,FALSE,FALSE
2022-06-05,Bulgaria,Georgia,Georgia,Budu Zivzivadze,52,FALSE,FALSE
2022-06-05,Bulgaria,Georgia,Georgia,Khvicha Kvaratskhelia,58,FALSE,TRUE
2022-06-05,Bulgaria,Georgia,Georgia,Valeri Qazaishvili,69,FALSE,FALSE
2022-06-05,Bulgaria,Georgia,Bulgaria,Iliyan Stefanov,83,FALSE,FALSE
2022-06-05,Czech Republic,Spain,Czech Republic,Jakub Pešek,4,FALSE,FALSE
2022-06-05,Czech Republic,Spain,Spain,Gavi,45,FALSE,FALSE
2022-06-05,Czech Republic,Spain,Czech Republic,Jan Kuchta,66,FALSE,FALSE
2022-06-05,Czech Republic,Spain,Spain,Iñigo Martínez,90,FALSE,FALSE
2022-06-05,Gibraltar,North Macedonia,North Macedonia,Enis Bardhi,21,FALSE,FALSE
2022-06-05,Gibraltar,North Macedonia,North Macedonia,Boban Nikolov,84,FALSE,FALSE
2022-06-05,Kosovo,Greece,Greece,Tasos Bakasetas,36,FALSE,FALSE
2022-06-05,Portugal,Switzerland,Portugal,William Carvalho,15,FALSE,FALSE
2022-06-05,Portugal,Switzerland,Portugal,Cristiano Ronaldo,35,FALSE,FALSE
2022-06-05,Portugal,Switzerland,Portugal,Cristiano Ronaldo,39,FALSE,FALSE
2022-06-05,Portugal,Switzerland,Portugal,João Cancelo,68,FALSE,FALSE
2022-06-05,San Marino,Malta,Malta,Jan Busuttil,59,FALSE,FALSE
2022-06-05,San Marino,Malta,Malta,Matthew Guillaumier,75,FALSE,FALSE
2022-06-05,Serbia,Slovenia,Serbia,Aleksandar Mitrović,24,FALSE,FALSE
2022-06-05,Serbia,Slovenia,Slovenia,Petar Stojanović,30,FALSE,FALSE
2022-06-05,Serbia,Slovenia,Serbia,Sergej Milinković-Savić,56,FALSE,FALSE
2022-06-05,Serbia,Slovenia,Serbia,Luka Jović,85,FALSE,FALSE
2022-06-05,Serbia,Slovenia,Serbia,Nemanja Radonjić,90,FALSE,FALSE
2022-06-05,Sweden,Norway,Norway,Erling Haaland,20,FALSE,TRUE
2022-06-05,Sweden,Norway,Norway,Erling Haaland,69,FALSE,FALSE
2022-06-05,Sweden,Norway,Sweden,Anthony Elanga,90,FALSE,FALSE
2022-06-05,Wales,Ukraine,Wales,Gareth Bale,34,FALSE,FALSE
2022-06-06,Austria,Denmark,Denmark,Pierre-Emile Højbjerg,28,FALSE,FALSE
2022-06-06,Austria,Denmark,Austria,Xaver Schlager,67,FALSE,FALSE
2022-06-06,Austria,Denmark,Denmark,Jens Stryger Larsen,84,FALSE,FALSE
2022-06-06,Croatia,France,France,Adrien Rabiot,52,FALSE,FALSE
2022-06-06,Croatia,France,Croatia,Andrej Kramarić,83,FALSE,TRUE
2022-06-06,Iceland,Albania,Albania,Taulant Seferi,30,FALSE,FALSE
2022-06-06,Iceland,Albania,Iceland,Jón Dagur Þorsteinsson,49,FALSE,FALSE
2022-06-06,Latvia,Liechtenstein,Latvia,Artūrs Zjuzins,73,FALSE,FALSE
2022-06-06,Slovakia,Kazakhstan,Kazakhstan,Aslan Darabayev,26,FALSE,FALSE
2022-06-07,Bosnia and Herzegovina,Romania,Bosnia and Herzegovina,Smail Prevljak,68,FALSE,FALSE
2022-06-07,Faroe Islands,Luxembourg,Luxembourg,Gerson Rodrigues,74,FALSE,TRUE
2022-06-07,Finland,Montenegro,Finland,Joel Pohjanpalo,31,FALSE,FALSE
2022-06-07,Finland,Montenegro,Finland,Joel Pohjanpalo,38,FALSE,FALSE
2022-06-07,Germany,England,Germany,Jonas Hofmann,50,FALSE,FALSE
2022-06-07,Germany,England,England,Harry Kane,88,FALSE,TRUE
2022-06-07,Italy,Hungary,Italy,Nicolò Barella,30,FALSE,FALSE
2022-06-07,Italy,Hungary,Italy,Lorenzo Pellegrini,45,FALSE,FALSE
2022-06-07,Italy,Hungary,Hungary,Gianluca Mancini,61,TRUE,FALSE
2022-06-07,Lithuania,Turkey,Turkey,Doğukan Sinik,2,FALSE,FALSE
2022-06-07,Lithuania,Turkey,Turkey,Doğukan Sinik,14,FALSE,FALSE
2022-06-07,Lithuania,Turkey,Turkey,Serdar Dursun,56,FALSE,TRUE
2022-06-07,Lithuania,Turkey,Turkey,Serdar Dursun,81,FALSE,FALSE
2022-06-07,Lithuania,Turkey,Turkey,Yunus Akgün,89,FALSE,FALSE
2022-06-07,Lithuania,Turkey,Turkey,Halil Dervişoğlu,90,FALSE,FALSE
2022-06-07,United Arab Emirates,Australia,Australia,Jackson Irvine,53,FALSE,FALSE
2022-06-07,United Arab Emirates,Australia,United Arab Emirates,Caio Canedo,57,FALSE,FALSE
2022-06-07,United Arab Emirates,Australia,Australia,Ajdin Hrustic,84,FALSE,FALSE
2022-06-08,Belgium,Poland,Poland,Robert Lewandowski,28,FALSE,FALSE
2022-06-08,Belgium,Poland,Belgium,Axel Witsel,42,FALSE,FALSE
2022-06-08,Belgium,Poland,Belgium,Kevin De Bruyne,59,FALSE,FALSE
2022-06-08,Belgium,Poland,Belgium,Leandro Trossard,73,FALSE,FALSE
2022-06-08,Belgium,Poland,Belgium,Leandro Trossard,80,FALSE,FALSE
2022-06-08,Belgium,Poland,Belgium,Leander Dendoncker,83,FALSE,FALSE
2022-06-08,Belgium,Poland,Belgium,Loïs Openda,90,FALSE,FALSE
2022-06-08,Republic of Ireland,Ukraine,Ukraine,Viktor Tsyhankov,49,FALSE,FALSE
2022-06-08,Scotland,Armenia,Scotland,Anthony Ralston,28,FALSE,FALSE
2022-06-08,Scotland,Armenia,Scotland,Scott McKenna,40,FALSE,FALSE
2022-06-08,Wales,Netherlands,Netherlands,Teun Koopmeiners,50,FALSE,FALSE
2022-06-08,Wales,Netherlands,Wales,Rhys Norrington-Davies,90,FALSE,FALSE
2022-06-08,Wales,Netherlands,Netherlands,Wout Weghorst,90,FALSE,FALSE
2022-06-09,Gibraltar,Bulgaria,Bulgaria,Georgi Minchev,45,FALSE,FALSE
2022-06-09,Gibraltar,Bulgaria,Gibraltar,Liam Walker,61,FALSE,TRUE
2022-06-09,Greece,Cyprus,Greece,Tasos Bakasetas,8,FALSE,FALSE
2022-06-09,Greece,Cyprus,Greece,Vangelis Pavlidis,20,FALSE,FALSE
2022-06-09,Greece,Cyprus,Greece,Dimitrios Limnios,48,FALSE,FALSE
2022-06-09,Kosovo,Northern Ireland,Kosovo,Vedat Muriqi,9,FALSE,TRUE
2022-06-09,Kosovo,Northern Ireland,Kosovo,Zymer Bytyqi,19,FALSE,FALSE
2022-06-09,Kosovo,Northern Ireland,Northern Ireland,Shayne Lavery,44,FALSE,FALSE
2022-06-09,Kosovo,Northern Ireland,Kosovo,Vedat Muriqi,52,FALSE,FALSE
2022-06-09,Kosovo,Northern Ireland,Northern Ireland,Daniel Ballard,83,FALSE,FALSE
2022-06-09,Malta,Estonia,Estonia,Konstantin Vassiljev,21,FALSE,FALSE
2022-06-09,Malta,Estonia,Malta,Karl Hein,56,TRUE,FALSE
2022-06-09,Malta,Estonia,Estonia,Henri Anier,90,FALSE,FALSE
2022-06-09,North Macedonia,Georgia,Georgia,Budu Zivzivadze,52,FALSE,FALSE
2022-06-09,North Macedonia,Georgia,Georgia,Khvicha Kvaratskhelia,62,FALSE,FALSE
2022-06-09,North Macedonia,Georgia,Georgia,Otar Kiteishvili,84,FALSE,FALSE
2022-06-09,Portugal,Czech Republic,Portugal,João Cancelo,33,FALSE,FALSE
2022-06-09,Portugal,Czech Republic,Portugal,Gonçalo Guedes,38,FALSE,FALSE
2022-06-09,Sweden,Serbia,Serbia,Luka Jović,45,FALSE,FALSE
2022-06-09,Switzerland,Spain,Spain,Pablo Sarabia,13,FALSE,FALSE
2022-06-10,Albania,Israel,Albania,Armando Broja,45,FALSE,TRUE
2022-06-10,Albania,Israel,Israel,Manor Solomon,57,FALSE,FALSE
2022-06-10,Albania,Israel,Israel,Manor Solomon,73,FALSE,FALSE
2022-06-10,Andorra,Liechtenstein,Andorra,Jordi Aláez,78,FALSE,TRUE
2022-06-10,Andorra,Liechtenstein,Andorra,Jesús Rubio,82,FALSE,FALSE
2022-06-10,Andorra,Liechtenstein,Liechtenstein,Livio Meier,90,FALSE,FALSE
2022-06-10,Austria,France,Austria,Andreas Weimann,37,FALSE,FALSE
2022-06-10,Austria,France,France,Kylian Mbappé,83,FALSE,FALSE
2022-06-10,Azerbaijan,Slovakia,Slovakia,Vladimír Weiss,81,FALSE,FALSE
2022-06-10,Belarus,Kazakhstan,Kazakhstan,Abat Aymbetov,13,FALSE,FALSE
2022-06-10,Belarus,Kazakhstan,Belarus,Vladislav Malkevich,84,FALSE,FALSE
2022-06-10,Denmark,Croatia,Croatia,Mario Pašalić,69,FALSE,FALSE
2022-06-10,Moldova,Latvia,Moldova,Ion Nicolaescu,5,FALSE,TRUE
2022-06-10,Moldova,Latvia,Latvia,Vladislavs Gutkovskis,19,FALSE,FALSE
2022-06-10,Moldova,Latvia,Latvia,Jānis Ikaunieks,26,FALSE,FALSE
2022-06-10,Moldova,Latvia,Latvia,Vladislavs Gutkovskis,60,FALSE,FALSE
2022-06-10,Moldova,Latvia,Moldova,Nichita Moțpan,64,FALSE,FALSE
2022-06-10,Moldova,Latvia,Latvia,Jānis Ikaunieks,75,FALSE,FALSE
2022-06-11,Faroe Islands,Lithuania,Lithuania,Fedor Černych,6,FALSE,FALSE
2022-06-11,Faroe Islands,Lithuania,Faroe Islands,Viljormur Davidsen,20,FALSE,TRUE
2022-06-11,Faroe Islands,Lithuania,Faroe Islands,Jákup Andreasen,45,FALSE,FALSE
2022-06-11,Hungary,Germany,Hungary,Zsolt Nagy,6,FALSE,FALSE
2022-06-11,Hungary,Germany,Germany,Jonas Hofmann,9,FALSE,FALSE
2022-06-11,Luxembourg,Turkey,Turkey,Hakan Çalhanoğlu,37,FALSE,TRUE
2022-06-11,Luxembourg,Turkey,Turkey,Serdar Dursun,76,FALSE,FALSE
2022-06-11,Montenegro,Bosnia and Herzegovina,Bosnia and Herzegovina,Luka Menalo,62,FALSE,FALSE
2022-06-11,Montenegro,Bosnia and Herzegovina,Montenegro,Adam Marušić,77,FALSE,FALSE
2022-06-11,Netherlands,Poland,Poland,Matty Cash,18,FALSE,FALSE
2022-06-11,Netherlands,Poland,Poland,Piotr Zieliński,49,FALSE,FALSE
2022-06-11,Netherlands,Poland,Netherlands,Davy Klaassen,51,FALSE,FALSE
2022-06-11,Netherlands,Poland,Netherlands,Denzel Dumfries,54,FALSE,FALSE
2022-06-11,Republic of Ireland,Scotland,Republic of Ireland,Alan Browne,20,FALSE,FALSE
2022-06-11,Republic of Ireland,Scotland,Republic of Ireland,Troy Parrott,28,FALSE,FALSE
2022-06-11,Republic of Ireland,Scotland,Republic of Ireland,Michael Obafemi,51,FALSE,FALSE
2022-06-11,Romania,Finland,Romania,Nicușor Bancu,30,FALSE,FALSE
2022-06-11,Ukraine,Armenia,Ukraine,Ruslan Malinovskyi,61,FALSE,FALSE
2022-06-11,Ukraine,Armenia,Ukraine,Oleksandr Karavayev,77,FALSE,FALSE
2022-06-11,Ukraine,Armenia,Ukraine,Vitaliy Mykolenko,84,FALSE,FALSE
2022-06-11,Wales,Belgium,Belgium,Youri Tielemans,51,FALSE,FALSE
2022-06-11,Wales,Belgium,Wales,Brennan Johnson,86,FALSE,FALSE
2022-06-12,Greece,Kosovo,Greece,Giorgos Giakoumakis,71,FALSE,FALSE
2022-06-12,Greece,Kosovo,Greece,Petros Mantalos,90,FALSE,FALSE
2022-06-12,Malta,San Marino,Malta,Zach Muscat,50,FALSE,FALSE
2022-06-12,North Macedonia,Gibraltar,North Macedonia,Enis Bardhi,4,FALSE,FALSE
2022-06-12,North Macedonia,Gibraltar,North Macedonia,Graeme Torrilla,14,TRUE,FALSE
2022-06-12,North Macedonia,Gibraltar,North Macedonia,Bojan Miovski,16,FALSE,FALSE
2022-06-12,North Macedonia,Gibraltar,North Macedonia,Darko Churlinov,31,FALSE,FALSE
2022-06-12,Northern Ireland,Cyprus,Cyprus,Andronikos Kakoullis,32,FALSE,FALSE
2022-06-12,Northern Ireland,Cyprus,Cyprus,Andronikos Kakoullis,51,FALSE,FALSE
2022-06-12,Northern Ireland,Cyprus,Northern Ireland,Paddy McNair,71,FALSE,FALSE
2022-06-12,Northern Ireland,Cyprus,Northern Ireland,Jonny Evans,90,FALSE,FALSE
2022-06-12,Norway,Sweden,Norway,Erling Haaland,10,FALSE,FALSE
2022-06-12,Norway,Sweden,Norway,Erling Haaland,54,FALSE,TRUE
2022-06-12,Norway,Sweden,Sweden,Emil Forsberg,62,FALSE,FALSE
2022-06-12,Norway,Sweden,Norway,Alexander Sørloth,77,FALSE,FALSE
2022-06-12,Norway,Sweden,Sweden,Viktor Gyökeres,90,FALSE,FALSE
2022-06-12,Slovenia,Serbia,Serbia,Andrija Živković,8,FALSE,FALSE
2022-06-12,Slovenia,Serbia,Serbia,Aleksandar Mitrović,35,FALSE,FALSE
2022-06-12,Slovenia,Serbia,Slovenia,Adam Gnezda Čerin,48,FALSE,FALSE
2022-06-12,Slovenia,Serbia,Slovenia,Benjamin Šeško,53,FALSE,FALSE
2022-06-12,Spain,Czech Republic,Spain,Carlos Soler,24,FALSE,FALSE
2022-06-12,Spain,Czech Republic,Spain,Pablo Sarabia,75,FALSE,FALSE
2022-06-12,Switzerland,Portugal,Switzerland,Haris Seferovic,1,FALSE,FALSE
2022-06-13,Azerbaijan,Belarus,Azerbaijan,Mahir Emreli,76,FALSE,FALSE
2022-06-13,Azerbaijan,Belarus,Azerbaijan,Ramil Sheydayev,90,FALSE,FALSE
2022-06-13,Denmark,Austria,Denmark,Jonas Wind,21,FALSE,FALSE
2022-06-13,Denmark,Austria,Denmark,Andreas Skov Olsen,37,FALSE,FALSE
2022-06-13,France,Croatia,Croatia,Luka Modrić,5,FALSE,TRUE
2022-06-13,Iceland,Israel,Iceland,Jón Dagur Þorsteinsson,9,FALSE,FALSE
2022-06-13,Iceland,Israel,Israel,Daníel Leó Grétarsson,35,TRUE,FALSE
2022-06-13,Iceland,Israel,Iceland,Þórir Jóhann Helgason,60,FALSE,FALSE
2022-06-13,Iceland,Israel,Israel,Dor Peretz,65,FALSE,FALSE
2022-06-13,Kazakhstan,Slovakia,Kazakhstan,Yan Vorogovsky,18,FALSE,FALSE
2022-06-13,Kazakhstan,Slovakia,Kazakhstan,Elkhan Astanov,39,FALSE,FALSE
2022-06-13,Kazakhstan,Slovakia,Slovakia,Matúš Bero,51,FALSE,FALSE
2022-06-14,Armenia,Scotland,Armenia,Vahan Bichakhchyan,6,FALSE,FALSE
2022-06-14,Armenia,Scotland,Scotland,Stuart Armstrong,14,FALSE,FALSE
2022-06-14,Armenia,Scotland,Scotland,Stuart Armstrong,45,FALSE,FALSE
2022-06-14,Armenia,Scotland,Scotland,John McGinn,50,FALSE,FALSE
2022-06-14,Armenia,Scotland,Scotland,Ché Adams,54,FALSE,FALSE
2022-06-14,Bosnia and Herzegovina,Finland,Bosnia and Herzegovina,Miralem Pjanić,5,FALSE,TRUE
2022-06-14,Bosnia and Herzegovina,Finland,Finland,Teemu Pukki,10,FALSE,FALSE
2022-06-14,Bosnia and Herzegovina,Finland,Finland,Benjamin Källman,18,FALSE,FALSE
2022-06-14,Bosnia and Herzegovina,Finland,Bosnia and Herzegovina,Edin Džeko,29,FALSE,FALSE
2022-06-14,Bosnia and Herzegovina,Finland,Bosnia and Herzegovina,Edin Džeko,58,FALSE,FALSE
2022-06-14,Costa Rica,New Zealand,Costa Rica,Joel Campbell,3,FALSE,FALSE
2022-06-14,England,Hungary,Hungary,Roland Sallai,16,FALSE,FALSE
2022-06-14,England,Hungary,Hungary,Roland Sallai,70,FALSE,FALSE
2022-06-14,England,Hungary,Hungary,Zsolt Nagy,80,FALSE,FALSE
2022-06-14,England,Hungary,Hungary,Dániel Gazdag,89,FALSE,FALSE
2022-06-14,Germany,Italy,Germany,Joshua Kimmich,10,FALSE,FALSE
2022-06-14,Germany,Italy,Germany,İlkay Gündoğan,45,FALSE,TRUE
2022-06-14,Germany,Italy,Germany,Thomas Müller,51,FALSE,FALSE
2022-06-14,Germany,Italy,Germany,Timo Werner,68,FALSE,FALSE
2022-06-14,Germany,Italy,Germany,Timo Werner,69,FALSE,FALSE
2022-06-14,Germany,Italy,Italy,Wilfried Gnonto,78,FALSE,FALSE
2022-06-14,Germany,Italy,Italy,Alessandro Bastoni,90,FALSE,FALSE
2022-06-14,Liechtenstein,Latvia,Latvia,Vladislavs Gutkovskis,20,FALSE,FALSE
2022-06-14,Liechtenstein,Latvia,Latvia,Vladislavs Gutkovskis,28,FALSE,FALSE
2022-06-14,Luxembourg,Faroe Islands,Luxembourg,Gerson Rodrigues,12,FALSE,TRUE
2022-06-14,Luxembourg,Faroe Islands,Luxembourg,Leandro Barreiro,49,FALSE,FALSE
2022-06-14,Luxembourg,Faroe Islands,Faroe Islands,Jóannes Bjartalíð,57,FALSE,FALSE
2022-06-14,Luxembourg,Faroe Islands,Faroe Islands,Jóannes Bjartalíð,59,FALSE,FALSE
2022-06-14,Moldova,Andorra,Moldova,Mihail Caimacov,26,FALSE,TRUE
2022-06-14,Moldova,Andorra,Andorra,Márcio Vieira,45,FALSE,FALSE
2022-06-14,Moldova,Andorra,Moldova,Ion Nicolaescu,50,FALSE,TRUE
2022-06-14,Netherlands,Wales,Netherlands,Noa Lang,17,FALSE,FALSE
2022-06-14,Netherlands,Wales,Netherlands,Cody Gakpo,23,FALSE,FALSE
2022-06-14,Netherlands,Wales,Wales,Brennan Johnson,26,FALSE,FALSE
2022-06-14,Netherlands,Wales,Netherlands,Memphis Depay,90,FALSE,FALSE
2022-06-14,Netherlands,Wales,Wales,Gareth Bale,90,FALSE,TRUE
2022-06-14,Poland,Belgium,Belgium,Michy Batshuayi,16,FALSE,FALSE
2022-06-14,Romania,Montenegro,Montenegro,Stefan Mugoša,42,FALSE,FALSE
2022-06-14,Romania,Montenegro,Montenegro,Stefan Mugoša,56,FALSE,FALSE
2022-06-14,Romania,Montenegro,Montenegro,Stefan Mugoša,63,FALSE,FALSE
2022-06-14,Turkey,Lithuania,Turkey,Kaan Ayhan,37,FALSE,FALSE
2022-06-14,Turkey,Lithuania,Turkey,Hakan Çalhanoğlu,54,FALSE,TRUE
2022-06-14,Ukraine,Republic of Ireland,Republic of Ireland,Nathan Collins,31,FALSE,FALSE
2022-06-14,Ukraine,Republic of Ireland,Ukraine,Artem Dovbyk,47,FALSE,FALSE
2022-09-21,Scotland,Ukraine,Scotland,John McGinn,70,FALSE,FALSE
2022-09-21,Scotland,Ukraine,Scotland,Lyndon Dykes,80,FALSE,FALSE
2022-09-21,Scotland,Ukraine,Scotland,Lyndon Dykes,87,FALSE,FALSE
2022-09-22,Belgium,Wales,Belgium,Kevin De Bruyne,10,FALSE,FALSE
2022-09-22,Belgium,Wales,Belgium,Michy Batshuayi,37,FALSE,FALSE
2022-09-22,Belgium,Wales,Wales,Kieffer Moore,50,FALSE,FALSE
2022-09-22,Croatia,Denmark,Croatia,Borna Sosa,49,FALSE,FALSE
2022-09-22,Croatia,Denmark,Denmark,Christian Eriksen,77,FALSE,FALSE
2022-09-22,Croatia,Denmark,Croatia,Lovro Majer,79,FALSE,FALSE
2022-09-22,France,Austria,France,Kylian Mbappé,56,FALSE,FALSE
2022-09-22,France,Austria,France,Olivier Giroud,65,FALSE,FALSE
2022-09-22,Kazakhstan,Belarus,Kazakhstan,Mikhail Gabyshev,29,FALSE,FALSE
2022-09-22,Kazakhstan,Belarus,Belarus,Pavel Savitsky,45,FALSE,FALSE
2022-09-22,Kazakhstan,Belarus,Kazakhstan,Bakhtiyar Zaynutdinov,79,FALSE,FALSE
2022-09-22,Latvia,Moldova,Moldova,Ioan-Călin Revenco,26,FALSE,FALSE
2022-09-22,Latvia,Moldova,Moldova,Ion Nicolaescu,45,FALSE,FALSE
2022-09-22,Latvia,Moldova,Latvia,Jānis Ikaunieks,55,FALSE,FALSE
2022-09-22,Liechtenstein,Andorra,Andorra,Albert Rosas,4,FALSE,FALSE
2022-09-22,Liechtenstein,Andorra,Andorra,Joan Cervós,80,FALSE,FALSE
2022-09-22,Lithuania,Faroe Islands,Faroe Islands,Jákup Andreasen,22,FALSE,FALSE
2022-09-22,Lithuania,Faroe Islands,Lithuania,Vykintas Slivka,41,FALSE,FALSE
2022-09-22,Poland,Netherlands,Netherlands,Cody Gakpo,13,FALSE,FALSE
2022-09-22,Poland,Netherlands,Netherlands,Steven Bergwijn,60,FALSE,FALSE
2022-09-22,Slovakia,Azerbaijan,Azerbaijan,Renat Dadashov,44,FALSE,FALSE
2022-09-22,Slovakia,Azerbaijan,Slovakia,Erik Jirka,90,FALSE,TRUE
2022-09-22,Slovakia,Azerbaijan,Azerbaijan,Hojjat Haghverdi,90,FALSE,FALSE
2022-09-22,Turkey,Luxembourg,Luxembourg,Marvin da Graça,8,FALSE,FALSE
2022-09-22,Turkey,Luxembourg,Turkey,Cengiz Ünder,16,FALSE,TRUE
2022-09-22,Turkey,Luxembourg,Luxembourg,Danel Sinani,37,FALSE,FALSE
2022-09-22,Turkey,Luxembourg,Turkey,Maxime Chanot,39,TRUE,FALSE
2022-09-22,Turkey,Luxembourg,Luxembourg,Gerson Rodrigues,69,FALSE,FALSE
2022-09-22,Turkey,Luxembourg,Turkey,İsmail Yüksek,87,FALSE,FALSE
2022-09-23,Bosnia and Herzegovina,Montenegro,Bosnia and Herzegovina,Ermedin Demirović,45,FALSE,FALSE
2022-09-23,Bulgaria,Gibraltar,Bulgaria,Valentin Antov,23,FALSE,FALSE
2022-09-23,Bulgaria,Gibraltar,Gibraltar,Roy Chipolina,26,FALSE,FALSE
2022-09-23,Bulgaria,Gibraltar,Bulgaria,Kiril Despodov,36,FALSE,FALSE
2022-09-23,Bulgaria,Gibraltar,Bulgaria,Radoslav Kirilov,52,FALSE,FALSE
2022-09-23,Bulgaria,Gibraltar,Bulgaria,Iliyan Stefanov,55,FALSE,FALSE
2022-09-23,Bulgaria,Gibraltar,Bulgaria,Marin Petkov,81,FALSE,FALSE
2022-09-23,Estonia,Malta,Estonia,Rauno Sappinen,45,FALSE,TRUE
2022-09-23,Estonia,Malta,Malta,Teddy Teuma,51,FALSE,TRUE
2022-09-23,Estonia,Malta,Estonia,Henri Anier,86,FALSE,FALSE
2022-09-23,Finland,Romania,Finland,Teemu Pukki,12,FALSE,FALSE
2022-09-23,Finland,Romania,Romania,Florin Tănase,52,FALSE,FALSE
2022-09-23,Georgia,North Macedonia,Georgia,Bojan Miovski,35,TRUE,FALSE
2022-09-23,Georgia,North Macedonia,Georgia,Khvicha Kvaratskhelia,64,FALSE,FALSE
2022-09-23,Germany,Hungary,Hungary,Ádám Szalai,17,FALSE,FALSE
2022-09-23,Italy,England,Italy,Giacomo Raspadori,68,FALSE,FALSE
2022-09-24,Armenia,Ukraine,Ukraine,Oleksandr Tymchyk,22,FALSE,FALSE
2022-09-24,Armenia,Ukraine,Ukraine,Oleksandr Zubkov,57,FALSE,FALSE
2022-09-24,Armenia,Ukraine,Ukraine,Artem Dovbyk,69,FALSE,FALSE
2022-09-24,Armenia,Ukraine,Ukraine,Danylo Ihnatenko,81,FALSE,FALSE
2022-09-24,Armenia,Ukraine,Ukraine,Artem Dovbyk,84,FALSE,FALSE
2022-09-24,Cyprus,Greece,Cyprus,Marinos Tzionis,18,FALSE,FALSE
2022-09-24,Czech Republic,Portugal,Portugal,Diogo Dalot,33,FALSE,FALSE
2022-09-24,Czech Republic,Portugal,Portugal,Bruno Fernandes,45,FALSE,FALSE
2022-09-24,Czech Republic,Portugal,Portugal,Diogo Dalot,52,FALSE,FALSE
2022-09-24,Czech Republic,Portugal,Portugal,Diogo Jota,82,FALSE,FALSE
2022-09-24,Israel,Albania,Israel,Shon Weissman,46,FALSE,FALSE
2022-09-24,Israel,Albania,Albania,Myrto Uzuni,88,FALSE,FALSE
2022-09-24,Israel,Albania,Israel,Tai Baribo,90,FALSE,FALSE
2022-09-24,Northern Ireland,Kosovo,Kosovo,Vedat Muriqi,58,FALSE,FALSE
2022-09-24,Northern Ireland,Kosovo,Northern Ireland,Gavin Whyte,82,FALSE,FALSE
2022-09-24,Northern Ireland,Kosovo,Northern Ireland,Josh Magennis,90,FALSE,FALSE
2022-09-24,Scotland,Republic of Ireland,Republic of Ireland,John Egan,18,FALSE,FALSE
2022-09-24,Scotland,Republic of Ireland,Scotland,Jack Hendry,50,FALSE,FALSE
2022-09-24,Scotland,Republic of Ireland,Scotland,Ryan Christie,82,FALSE,TRUE
2022-09-24,Serbia,Sweden,Sweden,Viktor Claesson,15,FALSE,FALSE
2022-09-24,Serbia,Sweden,Serbia,Aleksandar Mitrović,18,FALSE,FALSE
2022-09-24,Serbia,Sweden,Serbia,Aleksandar Mitrović,45,FALSE,FALSE
2022-09-24,Serbia,Sweden,Serbia,Aleksandar Mitrović,48,FALSE,FALSE
2022-09-24,Serbia,Sweden,Serbia,Saša Lukić,70,FALSE,FALSE
2022-09-24,Slovenia,Norway,Norway,Erling Haaland,47,FALSE,FALSE
2022-09-24,Slovenia,Norway,Slovenia,Andraž Šporar,69,FALSE,FALSE
2022-09-24,Slovenia,Norway,Slovenia,Benjamin Šeško,81,FALSE,FALSE
2022-09-24,Spain,Switzerland,Switzerland,Manuel Akanji,21,FALSE,FALSE
2022-09-24,Spain,Switzerland,Spain,Jordi Alba,55,FALSE,FALSE
2022-09-24,Spain,Switzerland,Switzerland,Breel Embolo,59,FALSE,FALSE
2022-09-25,Andorra,Latvia,Latvia,Vladislavs Gutkovskis,50,FALSE,FALSE
2022-09-25,Andorra,Latvia,Andorra,Albert Rosas,88,FALSE,FALSE
2022-09-25,Austria,Croatia,Croatia,Luka Modrić,6,FALSE,FALSE
2022-09-25,Austria,Croatia,Austria,Christoph Baumgartner,9,FALSE,FALSE
2022-09-25,Austria,Croatia,Croatia,Marko Livaja,69,FALSE,FALSE
2022-09-25,Austria,Croatia,Croatia,Dejan Lovren,72,FALSE,FALSE
2022-09-25,Azerbaijan,Kazakhstan,Azerbaijan,Aleksandr Marochkin,66,TRUE,FALSE
2022-09-25,Azerbaijan,Kazakhstan,Azerbaijan,Filip Ozobić,74,FALSE,FALSE
2022-09-25,Azerbaijan,Kazakhstan,Azerbaijan,Anatoliy Nuriyev,90,FALSE,FALSE
2022-09-25,Denmark,France,Denmark,Kasper Dolberg,34,FALSE,FALSE
2022-09-25,Denmark,France,Denmark,Andreas Skov Olsen,39,FALSE,FALSE
2022-09-25,Faroe Islands,Turkey,Faroe Islands,Viljormur Davidsen,51,FALSE,FALSE
2022-09-25,Faroe Islands,Turkey,Faroe Islands,Jóan Símun Edmundsson,59,FALSE,FALSE
2022-09-25,Faroe Islands,Turkey,Turkey,Serdar Gürler,89,FALSE,FALSE
2022-09-25,Luxembourg,Lithuania,Luxembourg,Gerson Rodrigues,89,FALSE,FALSE
2022-09-25,Moldova,Liechtenstein,Moldova,Victor Stînă,90,FALSE,FALSE
2022-09-25,Moldova,Liechtenstein,Moldova,Victor Stînă,90,FALSE,FALSE
2022-09-25,Netherlands,Belgium,Netherlands,Virgil van Dijk,73,FALSE,FALSE
2022-09-25,Slovakia,Belarus,Belarus,Ivan Bakhar,45,FALSE,FALSE
2022-09-25,Slovakia,Belarus,Slovakia,Adam Zreľák,65,FALSE,FALSE
2022-09-25,Wales,Poland,Poland,Karol Świderski,58,FALSE,FALSE
2022-09-26,England,Germany,Germany,İlkay Gündoğan,52,FALSE,TRUE
2022-09-26,England,Germany,Germany,Kai Havertz,67,FALSE,FALSE
2022-09-26,England,Germany,England,Luke Shaw,72,FALSE,FALSE
2022-09-26,England,Germany,England,Mason Mount,75,FALSE,FALSE
2022-09-26,England,Germany,England,Harry Kane,83,FALSE,TRUE
2022-09-26,England,Germany,Germany,Kai Havertz,87,FALSE,FALSE
2022-09-26,Gibraltar,Georgia,Georgia,Khvicha Kvaratskhelia,19,FALSE,TRUE
2022-09-26,Gibraltar,Georgia,Georgia,Giorgi Tsitaishvili,48,FALSE,FALSE
2022-09-26,Gibraltar,Georgia,Gibraltar,Louie Annesley,75,FALSE,FALSE
2022-09-26,Hungary,Italy,Italy,Giacomo Raspadori,27,FALSE,FALSE
2022-09-26,Hungary,Italy,Italy,Federico Dimarco,52,FALSE,FALSE
2022-09-26,Montenegro,Finland,Finland,Oliver Antman,47,FALSE,FALSE
2022-09-26,Montenegro,Finland,Finland,Benjamin Källman,53,FALSE,FALSE
2022-09-26,North Macedonia,Bulgaria,Bulgaria,Kiril Despodov,50,FALSE,FALSE
2022-09-26,Romania,Bosnia and Herzegovina,Romania,Dennis Man,38,FALSE,FALSE
2022-09-26,Romania,Bosnia and Herzegovina,Romania,George Pușcaș,73,FALSE,FALSE
2022-09-26,Romania,Bosnia and Herzegovina,Bosnia and Herzegovina,Edin Džeko,77,FALSE,FALSE
2022-09-26,Romania,Bosnia and Herzegovina,Romania,Andrei Rațiu,79,FALSE,FALSE
2022-09-26,Romania,Bosnia and Herzegovina,Romania,George Pușcaș,86,FALSE,FALSE
2022-09-26,San Marino,Estonia,Estonia,Henri Anier,38,FALSE,FALSE
2022-09-26,San Marino,Estonia,Estonia,Taijo Teniste,56,FALSE,FALSE
2022-09-26,San Marino,Estonia,Estonia,Rauno Sappinen,66,FALSE,FALSE
2022-09-26,San Marino,Estonia,Estonia,Henri Anier,77,FALSE,FALSE
2022-09-27,Albania,Iceland,Albania,Ermir Lenjani,35,FALSE,FALSE
2022-09-27,Albania,Iceland,Iceland,Mikael Anderson,90,FALSE,FALSE
2022-09-27,Greece,Northern Ireland,Greece,Dimitrios Pelkas,14,FALSE,FALSE
2022-09-27,Greece,Northern Ireland,Northern Ireland,Shayne Lavery,18,FALSE,FALSE
2022-09-27,Greece,Northern Ireland,Greece,Giorgos Masouras,55,FALSE,FALSE
2022-09-27,Greece,Northern Ireland,Greece,Petros Mantalos,80,FALSE,FALSE
2022-09-27,Kosovo,Cyprus,Kosovo,Florent Muslija,22,FALSE,FALSE
2022-09-27,Kosovo,Cyprus,Kosovo,Donat Rrudhani,45,FALSE,FALSE
2022-09-27,Kosovo,Cyprus,Kosovo,Elbasan Rashani,47,FALSE,FALSE
2022-09-27,Kosovo,Cyprus,Kosovo,Vedat Muriqi,52,FALSE,FALSE
2022-09-27,Kosovo,Cyprus,Cyprus,Valentin Roberge,81,FALSE,FALSE
2022-09-27,Kosovo,Cyprus,Kosovo,Vedat Muriqi,84,FALSE,FALSE
2022-09-27,Norway,Serbia,Serbia,Dušan Vlahović,42,FALSE,FALSE
2022-09-27,Norway,Serbia,Serbia,Aleksandar Mitrović,54,FALSE,FALSE
2022-09-27,Portugal,Spain,Spain,Álvaro Morata,88,FALSE,FALSE
2022-09-27,Republic of Ireland,Armenia,Republic of Ireland,John Egan,18,FALSE,FALSE
2022-09-27,Republic of Ireland,Armenia,Republic of Ireland,Michael Obafemi,52,FALSE,FALSE
2022-09-27,Republic of Ireland,Armenia,Armenia,Artak Dashyan,71,FALSE,FALSE
2022-09-27,Republic of Ireland,Armenia,Armenia,Eduard Spertsyan,73,FALSE,FALSE
2022-09-27,Republic of Ireland,Armenia,Republic of Ireland,Robbie Brady,90,FALSE,TRUE
2022-09-27,Sweden,Slovenia,Slovenia,Benjamin Šeško,28,FALSE,FALSE
2022-09-27,Sweden,Slovenia,Sweden,Emil Forsberg,42,FALSE,FALSE
2022-09-27,Switzerland,Czech Republic,Switzerland,Remo Freuler,29,FALSE,FALSE
2022-09-27,Switzerland,Czech Republic,Switzerland,Breel Embolo,30,FALSE,FALSE
2022-09-27,Switzerland,Czech Republic,Czech Republic,Patrik Schick,45,FALSE,FALSE
2022-11-20,Qatar,Ecuador,Ecuador,Enner Valencia,16,FALSE,TRUE
2022-11-20,Qatar,Ecuador,Ecuador,Enner Valencia,31,FALSE,FALSE
2022-11-21,England,Iran,England,Jude Bellingham,35,FALSE,FALSE
2022-11-21,England,Iran,England,Bukayo Saka,43,FALSE,FALSE
2022-11-21,England,Iran,England,Raheem Sterling,45,FALSE,FALSE
2022-11-21,England,Iran,England,Bukayo Saka,62,FALSE,FALSE
2022-11-21,England,Iran,Iran,Mehdi Taremi,65,FALSE,FALSE
2022-11-21,England,Iran,England,Marcus Rashford,71,FALSE,FALSE
2022-11-21,England,Iran,England,Jack Grealish,90,FALSE,FALSE
2022-11-21,England,Iran,Iran,Mehdi Taremi,90,FALSE,TRUE
2022-11-21,Senegal,Netherlands,Netherlands,Cody Gakpo,84,FALSE,FALSE
2022-11-21,Senegal,Netherlands,Netherlands,Davy Klaassen,90,FALSE,FALSE
2022-11-21,United States,Wales,United States,Timothy Weah,36,FALSE,FALSE
2022-11-21,United States,Wales,Wales,Gareth Bale,82,FALSE,TRUE
2022-11-22,Argentina,Saudi Arabia,Argentina,Lionel Messi,10,FALSE,TRUE
2022-11-22,Argentina,Saudi Arabia,Saudi Arabia,Saleh Al-Shehri,48,FALSE,FALSE
2022-11-22,Argentina,Saudi Arabia,Saudi Arabia,Salem Al-Dawsari,53,FALSE,FALSE
2022-11-22,France,Australia,Australia,Craig Goodwin,9,FALSE,FALSE
2022-11-22,France,Australia,France,Adrien Rabiot,27,FALSE,FALSE
2022-11-22,France,Australia,France,Olivier Giroud,32,FALSE,FALSE
2022-11-22,France,Australia,France,Kylian Mbappé,68,FALSE,FALSE
2022-11-22,France,Australia,France,Olivier Giroud,71,FALSE,FALSE
2022-11-23,Belgium,Canada,Belgium,Michy Batshuayi,44,FALSE,FALSE
2022-11-23,Germany,Japan,Germany,İlkay Gündoğan,33,FALSE,TRUE
2022-11-23,Germany,Japan,Japan,Ritsu Dōan,75,FALSE,FALSE
2022-11-23,Germany,Japan,Japan,Takuma Asano,83,FALSE,FALSE
2022-11-23,Spain,Costa Rica,Spain,Dani Olmo,11,FALSE,FALSE
2022-11-23,Spain,Costa Rica,Spain,Marco Asensio,21,FALSE,FALSE
2022-11-23,Spain,Costa Rica,Spain,Ferran Torres,31,FALSE,TRUE
2022-11-23,Spain,Costa Rica,Spain,Ferran Torres,54,FALSE,FALSE
2022-11-23,Spain,Costa Rica,Spain,Gavi,74,FALSE,FALSE
2022-11-23,Spain,Costa Rica,Spain,Carlos Soler,90,FALSE,FALSE
2022-11-23,Spain,Costa Rica,Spain,Álvaro Morata,90,FALSE,FALSE
2022-11-24,Brazil,Serbia,Brazil,Richarlison,62,FALSE,FALSE
2022-11-24,Brazil,Serbia,Brazil,Richarlison,73,FALSE,FALSE
2022-11-24,Portugal,Ghana,Portugal,Cristiano Ronaldo,65,FALSE,TRUE
2022-11-24,Portugal,Ghana,Ghana,André Ayew,73,FALSE,FALSE
2022-11-24,Portugal,Ghana,Portugal,João Félix,78,FALSE,FALSE
2022-11-24,Portugal,Ghana,Portugal,Rafael Leão,80,FALSE,FALSE
2022-11-24,Portugal,Ghana,Ghana,Osman Bukari,89,FALSE,FALSE
2022-11-24,Switzerland,Cameroon,Switzerland,Breel Embolo,48,FALSE,FALSE
2022-11-25,Netherlands,Ecuador,Netherlands,Cody Gakpo,6,FALSE,FALSE
2022-11-25,Netherlands,Ecuador,Ecuador,Enner Valencia,49,FALSE,FALSE
2022-11-25,Qatar,Senegal,Senegal,Boulaye Dia,41,FALSE,FALSE
2022-11-25,Qatar,Senegal,Senegal,Famara Diédhiou,48,FALSE,FALSE
2022-11-25,Qatar,Senegal,Qatar,Mohammed Muntari,78,FALSE,FALSE
2022-11-25,Qatar,Senegal,Senegal,Bamba Dieng,84,FALSE,FALSE
2022-11-25,Wales,Iran,Iran,Rouzbeh Cheshmi,90,FALSE,FALSE
2022-11-25,Wales,Iran,Iran,Ramin Rezaeian,90,FALSE,FALSE
2022-11-26,Argentina,Mexico,Argentina,Lionel Messi,64,FALSE,FALSE
2022-11-26,Argentina,Mexico,Argentina,Enzo Fernández,87,FALSE,FALSE
2022-11-26,France,Denmark,France,Kylian Mbappé,61,FALSE,FALSE
2022-11-26,France,Denmark,Denmark,Andreas Christensen,68,FALSE,FALSE
2022-11-26,France,Denmark,France,Kylian Mbappé,86,FALSE,FALSE
2022-11-26,Poland,Saudi Arabia,Poland,Piotr Zieliński,39,FALSE,FALSE
2022-11-26,Poland,Saudi Arabia,Poland,Robert Lewandowski,82,FALSE,FALSE
2022-11-26,Tunisia,Australia,Australia,Mitchell Duke,23,FALSE,FALSE
2022-11-27,Belgium,Morocco,Morocco,Romain Saïss,73,FALSE,FALSE
2022-11-27,Belgium,Morocco,Morocco,Zakaria Aboukhlal,90,FALSE,FALSE
2022-11-27,Croatia,Canada,Canada,Alphonso Davies,2,FALSE,FALSE
2022-11-27,Croatia,Canada,Croatia,Andrej Kramarić,36,FALSE,FALSE
2022-11-27,Croatia,Canada,Croatia,Marko Livaja,44,FALSE,FALSE
2022-11-27,Croatia,Canada,Croatia,Andrej Kramarić,70,FALSE,FALSE
2022-11-27,Croatia,Canada,Croatia,Lovro Majer,90,FALSE,FALSE
2022-11-27,Japan,Costa Rica,Costa Rica,Keysher Fuller,81,FALSE,FALSE
2022-11-27,Spain,Germany,Spain,Álvaro Morata,62,FALSE,FALSE
2022-11-27,Spain,Germany,Germany,Niclas Füllkrug,83,FALSE,FALSE
2022-11-28,Brazil,Switzerland,Brazil,Casemiro,83,FALSE,FALSE
2022-11-28,Cameroon,Serbia,Cameroon,Jean-Charles Castelletto,29,FALSE,FALSE
2022-11-28,Cameroon,Serbia,Serbia,Strahinja Pavlović,45,FALSE,FALSE
2022-11-28,Cameroon,Serbia,Serbia,Sergej Milinković-Savić,45,FALSE,FALSE
2022-11-28,Cameroon,Serbia,Serbia,Aleksandar Mitrović,53,FALSE,FALSE
2022-11-28,Cameroon,Serbia,Cameroon,Vincent Aboubakar,63,FALSE,FALSE
2022-11-28,Cameroon,Serbia,Cameroon,Eric Maxim Choupo-Moting,66,FALSE,FALSE
2022-11-28,Portugal,Uruguay,Portugal,Bruno Fernandes,54,FALSE,FALSE
2022-11-28,Portugal,Uruguay,Portugal,Bruno Fernandes,90,FALSE,TRUE
2022-11-28,South Korea,Ghana,Ghana,Mohammed Salisu,24,FALSE,FALSE
2022-11-28,South Korea,Ghana,Ghana,Mohammed Kudus,34,FALSE,FALSE
2022-11-28,South Korea,Ghana,South Korea,Cho Gue-sung,58,FALSE,FALSE
2022-11-28,South Korea,Ghana,South Korea,Cho Gue-sung,61,FALSE,FALSE
2022-11-28,South Korea,Ghana,Ghana,Mohammed Kudus,68,FALSE,FALSE
2022-11-29,Ecuador,Senegal,Senegal,Ismaïla Sarr,44,FALSE,TRUE
2022-11-29,Ecuador,Senegal,Ecuador,Moisés Caicedo,67,FALSE,FALSE
2022-11-29,Ecuador,Senegal,Senegal,Kalidou Koulibaly,70,FALSE,FALSE
2022-11-29,Iran,United States,United States,Christian Pulisic,38,FALSE,FALSE
2022-11-29,Qatar,Netherlands,Netherlands,Cody Gakpo,26,FALSE,FALSE
2022-11-29,Qatar,Netherlands,Netherlands,Frenkie de Jong,49,FALSE,FALSE
2022-11-29,Wales,England,England,Marcus Rashford,50,FALSE,FALSE
2022-11-29,Wales,England,England,Phil Foden,51,FALSE,FALSE
2022-11-29,Wales,England,England,Marcus Rashford,68,FALSE,FALSE
2022-11-30,Australia,Denmark,Australia,Mathew Leckie,60,FALSE,FALSE
2022-11-30,Poland,Argentina,Argentina,Alexis Mac Allister,46,FALSE,FALSE
2022-11-30,Poland,Argentina,Argentina,Julián Álvarez,67,FALSE,FALSE
2022-11-30,Saudi Arabia,Mexico,Mexico,Henry Martín,47,FALSE,FALSE
2022-11-30,Saudi Arabia,Mexico,Mexico,Luis Chávez,52,FALSE,FALSE
2022-11-30,Saudi Arabia,Mexico,Saudi Arabia,Salem Al-Dawsari,90,FALSE,FALSE
2022-11-30,Tunisia,France,Tunisia,Wahbi Khazri,58,FALSE,FALSE
2022-12-01,Canada,Morocco,Morocco,Hakim Ziyech,4,FALSE,FALSE
2022-12-01,Canada,Morocco,Morocco,Youssef En-Nesyri,23,FALSE,FALSE
2022-12-01,Canada,Morocco,Canada,Nayef Aguerd,40,TRUE,FALSE
2022-12-01,Costa Rica,Germany,Germany,Serge Gnabry,10,FALSE,FALSE
2022-12-01,Costa Rica,Germany,Costa Rica,Yeltsin Tejeda,58,FALSE,FALSE
2022-12-01,Costa Rica,Germany,Costa Rica,Juan Pablo Vargas,70,FALSE,FALSE
2022-12-01,Costa Rica,Germany,Germany,Kai Havertz,73,FALSE,FALSE
2022-12-01,Costa Rica,Germany,Germany,Kai Havertz,85,FALSE,FALSE
2022-12-01,Costa Rica,Germany,Germany,Niclas Füllkrug,89,FALSE,FALSE
2022-12-01,Japan,Spain,Spain,Álvaro Morata,11,FALSE,FALSE
2022-12-01,Japan,Spain,Japan,Ritsu Dōan,48,FALSE,FALSE
2022-12-01,Japan,Spain,Japan,Ao Tanaka,51,FALSE,FALSE
2022-12-02,Cameroon,Brazil,Cameroon,Vincent Aboubakar,90,FALSE,FALSE
2022-12-02,Ghana,Uruguay,Uruguay,Giorgian de Arrascaeta,26,FALSE,FALSE
2022-12-02,Ghana,Uruguay,Uruguay,Giorgian de Arrascaeta,32,FALSE,FALSE
2022-12-02,Serbia,Switzerland,Switzerland,Xherdan Shaqiri,20,FALSE,FALSE
2022-12-02,Serbia,Switzerland,Serbia,Aleksandar Mitrović,26,FALSE,FALSE
2022-12-02,Serbia,Switzerland,Serbia,Dušan Vlahović,35,FALSE,FALSE
2022-12-02,Serbia,Switzerland,Switzerland,Breel Embolo,44,FALSE,FALSE
2022-12-02,Serbia,Switzerland,Switzerland,Remo Freuler,48,FALSE,FALSE
2022-12-02,South Korea,Portugal,Portugal,Ricardo Horta,5,FALSE,FALSE
2022-12-02,South Korea,Portugal,South Korea,Kim Young-gwon,27,FALSE,FALSE
2022-12-02,South Korea,Portugal,South Korea,Hwang Hee-chan,90,FALSE,FALSE
2022-12-03,Argentina,Australia,Argentina,Lionel Messi,35,FALSE,FALSE
2022-12-03,Argentina,Australia,Argentina,Julián Álvarez,57,FALSE,FALSE
2022-12-03,Argentina,Australia,Australia,Enzo Fernández,77,TRUE,FALSE
2022-12-03,Netherlands,United States,Netherlands,Memphis Depay,10,FALSE,FALSE
2022-12-03,Netherlands,United States,Netherlands,Daley Blind,45,FALSE,FALSE
2022-12-03,Netherlands,United States,United States,Haji Wright,76,FALSE,FALSE
2022-12-03,Netherlands,United States,Netherlands,Denzel Dumfries,81,FALSE,FALSE
2022-12-04,England,Senegal,England,Jordan Henderson,38,FALSE,FALSE
2022-12-04,England,Senegal,England,Harry Kane,45,FALSE,FALSE
2022-12-04,England,Senegal,England,Bukayo Saka,57,FALSE,FALSE
2022-12-04,France,Poland,France,Olivier Giroud,44,FALSE,FALSE
2022-12-04,France,Poland,France,Kylian Mbappé,74,FALSE,FALSE
2022-12-04,France,Poland,France,Kylian Mbappé,90,FALSE,FALSE
2022-12-04,France,Poland,Poland,Robert Lewandowski,90,FALSE,TRUE
2022-12-05,Brazil,South Korea,Brazil,Vinícius Júnior,7,FALSE,FALSE
2022-12-05,Brazil,South Korea,Brazil,Neymar,13,FALSE,TRUE
2022-12-05,Brazil,South Korea,Brazil,Richarlison,29,FALSE,FALSE
2022-12-05,Brazil,South Korea,Brazil,Lucas Paquetá,36,FALSE,FALSE
2022-12-05,Brazil,South Korea,South Korea,Paik Seung-ho,76,FALSE,FALSE
2022-12-05,Japan,Croatia,Japan,Daizen Maeda,43,FALSE,FALSE
2022-12-05,Japan,Croatia,Croatia,Ivan Perišić,55,FALSE,FALSE
2022-12-06,Portugal,Switzerland,Portugal,Gonçalo Ramos,17,FALSE,FALSE
2022-12-06,Portugal,Switzerland,Portugal,Pepe,33,FALSE,FALSE
2022-12-06,Portugal,Switzerland,Portugal,Gonçalo Ramos,51,FALSE,FALSE
2022-12-06,Portugal,Switzerland,Portugal,Raphaël Guerreiro,55,FALSE,FALSE
2022-12-06,Portugal,Switzerland,Switzerland,Manuel Akanji,58,FALSE,FALSE
2022-12-06,Portugal,Switzerland,Portugal,Gonçalo Ramos,67,FALSE,FALSE
2022-12-06,Portugal,Switzerland,Portugal,Rafael Leão,90,FALSE,FALSE
2022-12-09,Croatia,Brazil,Brazil,Neymar,105,FALSE,FALSE
2022-12-09,Croatia,Brazil,Croatia,Bruno Petković,117,FALSE,FALSE
2022-12-09,Netherlands,Argentina,Argentina,Nahuel Molina,35,FALSE,FALSE
2022-12-09,Netherlands,Argentina,Argentina,Lionel Messi,73,FALSE,TRUE
2022-12-09,Netherlands,Argentina,Netherlands,Wout Weghorst,83,FALSE,FALSE
2022-12-09,Netherlands,Argentina,Netherlands,Wout Weghorst,90,FALSE,FALSE
2022-12-10,England,France,France,Aurélien Tchouaméni,17,FALSE,FALSE
2022-12-10,England,France,England,Harry Kane,54,FALSE,TRUE
2022-12-10,England,France,France,Olivier Giroud,78,FALSE,FALSE
2022-12-10,Morocco,Portugal,Morocco,Youssef En-Nesyri,42,FALSE,FALSE
2022-12-13,Argentina,Croatia,Argentina,Lionel Messi,34,FALSE,TRUE
2022-12-13,Argentina,Croatia,Argentina,Julián Álvarez,39,FALSE,FALSE
2022-12-13,Argentina,Croatia,Argentina,Julián Álvarez,69,FALSE,FALSE
2022-12-14,France,Morocco,France,Théo Hernandez,5,FALSE,FALSE
2022-12-14,France,Morocco,France,Randal Kolo Muani,79,FALSE,FALSE
2022-12-17,Croatia,Morocco,Croatia,Joško Gvardiol,7,FALSE,FALSE
2022-12-17,Croatia,Morocco,Morocco,Achraf Dari,9,FALSE,FALSE
2022-12-17,Croatia,Morocco,Croatia,Mislav Oršić,42,FALSE,FALSE
2022-12-18,Argentina,France,Argentina,Lionel Messi,23,FALSE,TRUE
2022-12-18,Argentina,France,Argentina,Ángel Di María,36,FALSE,FALSE
2022-12-18,Argentina,France,France,Kylian Mbappé,80,FALSE,TRUE
2022-12-18,Argentina,France,France,Kylian Mbappé,81,FALSE,FALSE
2022-12-18,Argentina,France,Argentina,Lionel Messi,109,FALSE,FALSE
2022-12-18,Argentina,France,France,Kylian Mbappé,118,FALSE,TRUE
2023-03-23,Bosnia and Herzegovina,Iceland,Bosnia and Herzegovina,Rade Krunić,14,FALSE,FALSE
2023-03-23,Bosnia and Herzegovina,Iceland,Bosnia and Herzegovina,Rade Krunić,40,FALSE,FALSE
2023-03-23,Bosnia and Herzegovina,Iceland,Bosnia and Herzegovina,Amar Dedić,63,FALSE,FALSE
2023-03-23,Denmark,Finland,Denmark,Rasmus Højlund,21,FALSE,FALSE
2023-03-23,Denmark,Finland,Finland,Oliver Antman,53,FALSE,FALSE
2023-03-23,Denmark,Finland,Denmark,Rasmus Højlund,82,FALSE,FALSE
2023-03-23,Denmark,Finland,Denmark,Rasmus Højlund,90,FALSE,FALSE
2023-03-23,Italy,England,England,Declan Rice,13,FALSE,FALSE
2023-03-23,Italy,England,England,Harry Kane,44,FALSE,TRUE
2023-03-23,Italy,England,Italy,Mateo Retegui,56,FALSE,FALSE
2023-03-23,Kazakhstan,Slovenia,Kazakhstan,Maksim Samorodov,23,FALSE,FALSE
2023-03-23,Kazakhstan,Slovenia,Slovenia,David Brekalo,47,FALSE,FALSE
2023-03-23,Kazakhstan,Slovenia,Slovenia,Žan Vipotnik,78,FALSE,FALSE
2023-03-23,North Macedonia,Malta,North Macedonia,Elif Elmas,66,FALSE,FALSE
2023-03-23,North Macedonia,Malta,North Macedonia,Darko Churlinov,72,FALSE,FALSE
2023-03-23,North Macedonia,Malta,Malta,Yannick Yankam,85,FALSE,FALSE
2023-03-23,Portugal,Liechtenstein,Portugal,João Cancelo,8,FALSE,FALSE
2023-03-23,Portugal,Liechtenstein,Portugal,Bernardo Silva,47,FALSE,FALSE
2023-03-23,Portugal,Liechtenstein,Portugal,Cristiano Ronaldo,51,FALSE,TRUE
2023-03-23,Portugal,Liechtenstein,Portugal,Cristiano Ronaldo,63,FALSE,FALSE
2023-03-23,San Marino,Northern Ireland,Northern Ireland,Dion Charles,24,FALSE,FALSE
2023-03-23,San Marino,Northern Ireland,Northern Ireland,Dion Charles,55,FALSE,FALSE
2023-03-24,Austria,Azerbaijan,Austria,Marcel Sabitzer,27,FALSE,FALSE
2023-03-24,Austria,Azerbaijan,Austria,Michael Gregoritsch,29,FALSE,FALSE
2023-03-24,Austria,Azerbaijan,Austria,Marcel Sabitzer,50,FALSE,FALSE
2023-03-24,Austria,Azerbaijan,Azerbaijan,Emin Mahmudov,64,FALSE,FALSE
2023-03-24,Austria,Azerbaijan,Austria,Christoph Baumgartner,69,FALSE,FALSE
2023-03-24,Bulgaria,Montenegro,Montenegro,Nikola Krstović,70,FALSE,FALSE
2023-03-24,Czech Republic,Poland,Czech Republic,Ladislav Krejčí,1,FALSE,FALSE
2023-03-24,Czech Republic,Poland,Czech Republic,Tomáš Čvančara,3,FALSE,FALSE
2023-03-24,Czech Republic,Poland,Czech Republic,Jan Kuchta,64,FALSE,FALSE
2023-03-24,Czech Republic,Poland,Poland,Damian Szymański,87,FALSE,FALSE
2023-03-24,France,Netherlands,France,Antoine Griezmann,2,FALSE,FALSE
2023-03-24,France,Netherlands,France,Dayot Upamecano,8,FALSE,FALSE
2023-03-24,France,Netherlands,France,Kylian Mbappé,21,FALSE,FALSE
2023-03-24,France,Netherlands,France,Kylian Mbappé,88,FALSE,FALSE
2023-03-24,Gibraltar,Greece,Greece,Giorgos Masouras,11,FALSE,FALSE
2023-03-24,Gibraltar,Greece,Greece,Manolis Siopis,45,FALSE,FALSE
2023-03-24,Gibraltar,Greece,Greece,Tasos Bakasetas,58,FALSE,FALSE
2023-03-24,Moldova,Faroe Islands,Faroe Islands,Mads Boe Mikkelsen,27,FALSE,FALSE
2023-03-24,Moldova,Faroe Islands,Moldova,Ion Nicolaescu,87,FALSE,TRUE
2023-03-24,Serbia,Lithuania,Serbia,Dušan Tadić,16,FALSE,FALSE
2023-03-24,Serbia,Lithuania,Serbia,Dušan Vlahović,53,FALSE,FALSE
2023-03-24,Sweden,Belgium,Belgium,Romelu Lukaku,35,FALSE,FALSE
2023-03-24,Sweden,Belgium,Belgium,Romelu Lukaku,49,FALSE,FALSE
2023-03-24,Sweden,Belgium,Belgium,Romelu Lukaku,83,FALSE,FALSE
2023-03-25,Andorra,Romania,Romania,Dennis Man,35,FALSE,FALSE
2023-03-25,Andorra,Romania,Romania,Denis Alibec,49,FALSE,FALSE
2023-03-25,Armenia,Turkey,Armenia,Ozan Kabak,10,TRUE,FALSE
2023-03-25,Armenia,Turkey,Turkey,Orkun Kökçü,34,FALSE,FALSE
2023-03-25,Armenia,Turkey,Turkey,Kerem Aktürkoğlu,64,FALSE,FALSE
2023-03-25,Belarus,Switzerland,Switzerland,Renato Steffen,4,FALSE,FALSE
2023-03-25,Belarus,Switzerland,Switzerland,Renato Steffen,17,FALSE,FALSE
2023-03-25,Belarus,Switzerland,Switzerland,Renato Steffen,29,FALSE,FALSE
2023-03-25,Belarus,Switzerland,Switzerland,Granit Xhaka,62,FALSE,FALSE
2023-03-25,Belarus,Switzerland,Switzerland,Zeki Amdouni,65,FALSE,FALSE
2023-03-25,Croatia,Wales,Croatia,Andrej Kramarić,28,FALSE,FALSE
2023-03-25,Croatia,Wales,Wales,Nathan Broadhead,90,FALSE,FALSE
2023-03-25,Israel,Kosovo,Kosovo,Eli Dasa,36,TRUE,FALSE
2023-03-25,Israel,Kosovo,Israel,Dor Peretz,56,FALSE,FALSE
2023-03-25,Scotland,Cyprus,Scotland,John McGinn,21,FALSE,FALSE
2023-03-25,Scotland,Cyprus,Scotland,Scott McTominay,87,FALSE,FALSE
2023-03-25,Scotland,Cyprus,Scotland,Scott McTominay,90,FALSE,FALSE
2023-03-25,Spain,Norway,Spain,Dani Olmo,13,FALSE,FALSE
2023-03-25,Spain,Norway,Spain,Joselu,84,FALSE,FALSE
2023-03-25,Spain,Norway,Spain,Joselu,85,FALSE,FALSE
2023-03-26,England,Ukraine,England,Harry Kane,37,FALSE,FALSE
2023-03-26,England,Ukraine,England,Bukayo Saka,40,FALSE,FALSE
2023-03-26,Kazakhstan,Denmark,Denmark,Rasmus Højlund,21,FALSE,FALSE
2023-03-26,Kazakhstan,Denmark,Denmark,Rasmus Højlund,35,FALSE,FALSE
2023-03-26,Kazakhstan,Denmark,Kazakhstan,Bakhtiyar Zaynutdinov,73,FALSE,TRUE
2023-03-26,Kazakhstan,Denmark,Kazakhstan,Askhat Tagybergen,86,FALSE,FALSE
2023-03-26,Kazakhstan,Denmark,Kazakhstan,Abat Aymbetov,89,FALSE,FALSE
2023-03-26,Liechtenstein,Iceland,Iceland,Davíð Kristján Ólafsson,3,FALSE,FALSE
2023-03-26,Liechtenstein,Iceland,Iceland,Hákon Arnar Haraldsson,38,FALSE,FALSE
2023-03-26,Liechtenstein,Iceland,Iceland,Aron Gunnarsson,48,FALSE,FALSE
2023-03-26,Liechtenstein,Iceland,Iceland,Aron Gunnarsson,68,FALSE,FALSE
2023-03-26,Liechtenstein,Iceland,Iceland,Aron Gunnarsson,73,FALSE,TRUE
2023-03-26,Liechtenstein,Iceland,Iceland,Andri Guðjohnsen,85,FALSE,FALSE
2023-03-26,Liechtenstein,Iceland,Iceland,Mikael Egill Ellertsson,87,FALSE,FALSE
2023-03-26,Luxembourg,Portugal,Portugal,Cristiano Ronaldo,9,FALSE,FALSE
2023-03-26,Luxembourg,Portugal,Portugal,João Félix,15,FALSE,FALSE
2023-03-26,Luxembourg,Portugal,Portugal,Bernardo Silva,18,FALSE,FALSE
2023-03-26,Luxembourg,Portugal,Portugal,Cristiano Ronaldo,31,FALSE,FALSE
2023-03-26,Luxembourg,Portugal,Portugal,Otávio,77,FALSE,FALSE
2023-03-26,Luxembourg,Portugal,Portugal,Rafael Leão,88,FALSE,FALSE
2023-03-26,Malta,Italy,Italy,Mateo Retegui,15,FALSE,FALSE
2023-03-26,Malta,Italy,Italy,Matteo Pessina,27,FALSE,FALSE
2023-03-26,Northern Ireland,Finland,Finland,Benjamin Källman,28,FALSE,FALSE
2023-03-26,Slovakia,Bosnia and Herzegovina,Slovakia,Róbert Mak,13,FALSE,FALSE
2023-03-26,Slovakia,Bosnia and Herzegovina,Slovakia,Lukáš Haraslín,40,FALSE,FALSE
2023-03-26,Slovenia,San Marino,Slovenia,Benjamin Šeško,56,FALSE,FALSE
2023-03-26,Slovenia,San Marino,Slovenia,Roberto Di Maio,60,TRUE,FALSE
2023-03-27,Austria,Estonia,Estonia,Rauno Sappinen,25,FALSE,FALSE
2023-03-27,Austria,Estonia,Austria,Florian Kainz,68,FALSE,FALSE
2023-03-27,Austria,Estonia,Austria,Michael Gregoritsch,88,FALSE,FALSE
2023-03-27,Hungary,Bulgaria,Hungary,Bálint Vécsei,7,FALSE,FALSE
2023-03-27,Hungary,Bulgaria,Hungary,Dominik Szoboszlai,26,FALSE,FALSE
2023-03-27,Hungary,Bulgaria,Hungary,Martin Ádám,39,FALSE,FALSE
2023-03-27,Montenegro,Serbia,Serbia,Dušan Vlahović,78,FALSE,FALSE
2023-03-27,Montenegro,Serbia,Serbia,Dušan Vlahović,90,FALSE,FALSE
2023-03-27,Netherlands,Gibraltar,Netherlands,Memphis Depay,23,FALSE,FALSE
2023-03-27,Netherlands,Gibraltar,Netherlands,Nathan Aké,50,FALSE,FALSE
2023-03-27,Netherlands,Gibraltar,Netherlands,Nathan Aké,82,FALSE,FALSE
2023-03-27,Poland,Albania,Poland,Karol Świderski,41,FALSE,FALSE
2023-03-27,Republic of Ireland,France,France,Benjamin Pavard,50,FALSE,FALSE
2023-03-27,Sweden,Azerbaijan,Sweden,Emil Forsberg,38,FALSE,FALSE
2023-03-27,Sweden,Azerbaijan,Sweden,Bəhlul Mustafazadə,65,TRUE,FALSE
2023-03-27,Sweden,Azerbaijan,Sweden,Viktor Gyökeres,79,FALSE,FALSE
2023-03-27,Sweden,Azerbaijan,Sweden,Jesper Karlsson,88,FALSE,FALSE
2023-03-27,Sweden,Azerbaijan,Sweden,Anthony Elanga,89,FALSE,FALSE
2023-03-28,Georgia,Norway,Norway,Alexander Sørloth,15,FALSE,FALSE
2023-03-28,Georgia,Norway,Georgia,Georges Mikautadze,60,FALSE,FALSE
2023-03-28,Kosovo,Andorra,Kosovo,Edon Zhegrova,59,FALSE,FALSE
2023-03-28,Kosovo,Andorra,Andorra,Albert Rosas,61,FALSE,FALSE
2023-03-28,Romania,Belarus,Romania,Nicolae Stanciu,17,FALSE,FALSE
2023-03-28,Romania,Belarus,Romania,Andrei Burcă,19,FALSE,FALSE
2023-03-28,Romania,Belarus,Belarus,Vladislav Morozov,86,FALSE,FALSE
2023-03-28,Scotland,Spain,Scotland,Scott McTominay,7,FALSE,FALSE
2023-03-28,Scotland,Spain,Scotland,Scott McTominay,51,FALSE,FALSE
2023-03-28,Switzerland,Israel,Switzerland,Ruben Vargas,39,FALSE,FALSE
2023-03-28,Switzerland,Israel,Switzerland,Zeki Amdouni,47,FALSE,FALSE
2023-03-28,Switzerland,Israel,Switzerland,Silvan Widmer,52,FALSE,FALSE
2023-03-28,Turkey,Croatia,Croatia,Mateo Kovačić,20,FALSE,FALSE
2023-03-28,Turkey,Croatia,Croatia,Mateo Kovačić,45,FALSE,FALSE
2023-03-28,Wales,Latvia,Wales,Kieffer Moore,41,FALSE,FALSE
2023-06-14,Netherlands,Croatia,Netherlands,Donyell Malen,34,FALSE,FALSE
2023-06-14,Netherlands,Croatia,Croatia,Andrej Kramarić,55,FALSE,TRUE
2023-06-14,Netherlands,Croatia,Croatia,Mario Pašalić,72,FALSE,FALSE
2023-06-14,Netherlands,Croatia,Netherlands,Noa Lang,90,FALSE,FALSE
2023-06-14,Netherlands,Croatia,Croatia,Bruno Petković,98,FALSE,FALSE
2023-06-14,Netherlands,Croatia,Croatia,Luka Modrić,116,FALSE,TRUE
2023-06-15,Spain,Italy,Spain,Yeremy Pino,3,FALSE,FALSE
2023-06-15,Spain,Italy,Italy,Ciro Immobile,11,FALSE,TRUE
2023-06-15,Spain,Italy,Spain,Joselu,88,FALSE,FALSE
2023-06-16,Andorra,Switzerland,Switzerland,Remo Freuler,7,FALSE,FALSE
2023-06-16,Andorra,Switzerland,Switzerland,Zeki Amdouni,32,FALSE,FALSE
2023-06-16,Andorra,Switzerland,Andorra,Márcio Vieira,67,FALSE,FALSE
2023-06-16,Belarus,Israel,Belarus,Max Ebong,16,FALSE,FALSE
2023-06-16,Belarus,Israel,Israel,Shon Weissman,85,FALSE,TRUE
2023-06-16,Belarus,Israel,Israel,Oscar Gloukh,90,FALSE,FALSE
2023-06-16,Denmark,Northern Ireland,Denmark,Jonas Wind,47,FALSE,FALSE
2023-06-16,Finland,Slovenia,Finland,Joel Pohjanpalo,13,FALSE,FALSE
2023-06-16,Finland,Slovenia,Finland,Oliver Antman,64,FALSE,FALSE
2023-06-16,Gibraltar,France,France,Olivier Giroud,3,FALSE,FALSE
2023-06-16,Gibraltar,France,France,Kylian Mbappé,45,FALSE,TRUE
2023-06-16,Gibraltar,France,France,Aymen Mouelhi,78,TRUE,FALSE
2023-06-16,Greece,Republic of Ireland,Greece,Tasos Bakasetas,15,FALSE,TRUE
2023-06-16,Greece,Republic of Ireland,Republic of Ireland,Nathan Collins,27,FALSE,FALSE
2023-06-16,Greece,Republic of Ireland,Greece,Giorgos Masouras,49,FALSE,FALSE
2023-06-16,Latvia,Turkey,Turkey,Abdülkerim Bardakcı,22,FALSE,FALSE
2023-06-16,Latvia,Turkey,Latvia,Eduards Emsis,51,FALSE,FALSE
2023-06-16,Latvia,Turkey,Turkey,Cengiz Ünder,61,FALSE,FALSE
2023-06-16,Latvia,Turkey,Latvia,Kristers Tobers,90,FALSE,FALSE
2023-06-16,Latvia,Turkey,Turkey,İrfan Kahveci,90,FALSE,FALSE
2023-06-16,Malta,England,England,Ferdinando Apap,8,TRUE,FALSE
2023-06-16,Malta,England,England,Trent Alexander-Arnold,28,FALSE,FALSE
2023-06-16,Malta,England,England,Harry Kane,31,FALSE,TRUE
2023-06-16,Malta,England,England,Callum Wilson,83,FALSE,TRUE
2023-06-16,North Macedonia,Ukraine,North Macedonia,Enis Bardhi,31,FALSE,TRUE
2023-06-16,North Macedonia,Ukraine,North Macedonia,Elif Elmas,39,FALSE,FALSE
2023-06-16,North Macedonia,Ukraine,Ukraine,Illya Zabarnyi,62,FALSE,FALSE
2023-06-16,North Macedonia,Ukraine,Ukraine,Yukhym Konoplya,67,FALSE,FALSE
2023-06-16,North Macedonia,Ukraine,Ukraine,Viktor Tsyhankov,83,FALSE,FALSE
2023-06-16,San Marino,Kazakhstan,Kazakhstan,Yan Vorogovsky,37,FALSE,FALSE
2023-06-16,San Marino,Kazakhstan,Kazakhstan,Askhat Tagybergen,64,FALSE,TRUE
2023-06-16,San Marino,Kazakhstan,Kazakhstan,Bakhtiyar Zaynutdinov,90,FALSE,FALSE
2023-06-16,Wales,Armenia,Wales,Daniel James,10,FALSE,FALSE
2023-06-16,Wales,Armenia,Armenia,Lucas Zelarayán,19,FALSE,FALSE
2023-06-16,Wales,Armenia,Armenia,Grant-Leon Ranos,30,FALSE,FALSE
2023-06-16,Wales,Armenia,Armenia,Grant-Leon Ranos,66,FALSE,FALSE
2023-06-16,Wales,Armenia,Wales,Harry Wilson,72,FALSE,FALSE
2023-06-16,Wales,Armenia,Armenia,Lucas Zelarayán,75,FALSE,FALSE
2023-06-17,Albania,Moldova,Albania,Jasir Asani,52,FALSE,FALSE
2023-06-17,Albania,Moldova,Albania,Nedim Bajrami,76,FALSE,FALSE
2023-06-17,Azerbaijan,Estonia,Estonia,Rauno Sappinen,27,FALSE,FALSE
2023-06-17,Azerbaijan,Estonia,Azerbaijan,Anton Kryvotsyuk,62,FALSE,FALSE
2023-06-17,Belgium,Austria,Austria,Orel Mangala,21,TRUE,FALSE
2023-06-17,Belgium,Austria,Belgium,Romelu Lukaku,62,FALSE,FALSE
2023-06-17,Cyprus,Georgia,Georgia,Georges Mikautadze,31,FALSE,FALSE
2023-06-17,Cyprus,Georgia,Cyprus,Ioannis Pittas,39,FALSE,TRUE
2023-06-17,Cyprus,Georgia,Georgia,Zuriko Davitashvili,84,FALSE,FALSE
2023-06-17,Faroe Islands,Czech Republic,Czech Republic,Ladislav Krejčí,15,FALSE,FALSE
2023-06-17,Faroe Islands,Czech Republic,Czech Republic,Václav Černý,44,FALSE,FALSE
2023-06-17,Faroe Islands,Czech Republic,Czech Republic,Václav Černý,75,FALSE,FALSE
2023-06-17,Iceland,Slovakia,Slovakia,Juraj Kucka,27,FALSE,FALSE
2023-06-17,Iceland,Slovakia,Iceland,Alfreð Finnbogason,41,FALSE,TRUE
2023-06-17,Iceland,Slovakia,Slovakia,Tomáš Suslov,69,FALSE,FALSE
2023-06-17,Lithuania,Bulgaria,Lithuania,Edvinas Girdvainis,15,FALSE,FALSE
2023-06-17,Lithuania,Bulgaria,Bulgaria,Marin Petkov,27,FALSE,FALSE
2023-06-17,Luxembourg,Liechtenstein,Luxembourg,Danel Sinani,59,FALSE,FALSE
2023-06-17,Luxembourg,Liechtenstein,Luxembourg,Gerson Rodrigues,89,FALSE,FALSE
2023-06-17,Norway,Scotland,Norway,Erling Haaland,61,FALSE,TRUE
2023-06-17,Norway,Scotland,Scotland,Lyndon Dykes,87,FALSE,FALSE
2023-06-17,Norway,Scotland,Scotland,Kenny McLean,89,FALSE,FALSE
2023-06-17,Portugal,Bosnia and Herzegovina,Portugal,Bernardo Silva,44,FALSE,FALSE
2023-06-17,Portugal,Bosnia and Herzegovina,Portugal,Bruno Fernandes,77,FALSE,FALSE
2023-06-17,Portugal,Bosnia and Herzegovina,Portugal,Bruno Fernandes,90,FALSE,FALSE
2023-06-18,Netherlands,Italy,Italy,Federico Dimarco,6,FALSE,FALSE
2023-06-18,Netherlands,Italy,Italy,Davide Frattesi,20,FALSE,FALSE
2023-06-18,Netherlands,Italy,Netherlands,Steven Bergwijn,68,FALSE,FALSE
2023-06-18,Netherlands,Italy,Italy,Federico Chiesa,72,FALSE,FALSE
2023-06-18,Netherlands,Italy,Netherlands,Georginio Wijnaldum,89,FALSE,FALSE
2023-06-19,Armenia,Latvia,Armenia,Nair Tiknizyan,35,FALSE,FALSE
2023-06-19,Armenia,Latvia,Latvia,Styopa Mkrtchyan,67,TRUE,FALSE
2023-06-19,Armenia,Latvia,Armenia,Tigran Barseghyan,90,FALSE,TRUE
2023-06-19,Belarus,Kosovo,Belarus,Vladislav Morozov,73,FALSE,FALSE
2023-06-19,Belarus,Kosovo,Belarus,Max Ebong,75,FALSE,FALSE
2023-06-19,Belarus,Kosovo,Kosovo,Vedat Muriqi,87,FALSE,TRUE
2023-06-19,England,North Macedonia,England,Harry Kane,29,FALSE,FALSE
2023-06-19,England,North Macedonia,England,Bukayo Saka,38,FALSE,FALSE
2023-06-19,England,North Macedonia,England,Marcus Rashford,45,FALSE,FALSE
2023-06-19,England,North Macedonia,England,Bukayo Saka,47,FALSE,FALSE
2023-06-19,England,North Macedonia,England,Bukayo Saka,51,FALSE,FALSE
2023-06-19,England,North Macedonia,England,Kalvin Phillips,64,FALSE,FALSE
2023-06-19,England,North Macedonia,England,Harry Kane,73,FALSE,TRUE
2023-06-19,Finland,San Marino,Finland,Glen Kamara,16,FALSE,FALSE
2023-06-19,Finland,San Marino,Finland,Benjamin Källman,39,FALSE,FALSE
2023-06-19,Finland,San Marino,Finland,Daniel Håkans,65,FALSE,FALSE
2023-06-19,Finland,San Marino,Finland,Daniel Håkans,72,FALSE,FALSE
2023-06-19,Finland,San Marino,Finland,Daniel Håkans,74,FALSE,FALSE
2023-06-19,Finland,San Marino,Finland,Teemu Pukki,76,FALSE,FALSE
2023-06-19,France,Greece,France,Kylian Mbappé,55,FALSE,TRUE
2023-06-19,Israel,Andorra,Israel,Raz Shlomo,42,FALSE,FALSE
2023-06-19,Israel,Andorra,Andorra,Albert Rosas,52,FALSE,FALSE
2023-06-19,Israel,Andorra,Israel,Manor Solomon,61,FALSE,FALSE
2023-06-19,Northern Ireland,Kazakhstan,Kazakhstan,Abat Aymbetov,88,FALSE,FALSE
2023-06-19,Republic of Ireland,Gibraltar,Republic of Ireland,Mikey Johnston,52,FALSE,FALSE
2023-06-19,Republic of Ireland,Gibraltar,Republic of Ireland,Evan Ferguson,59,FALSE,FALSE
2023-06-19,Republic of Ireland,Gibraltar,Republic of Ireland,Adam Idah,90,FALSE,FALSE
2023-06-19,Slovenia,Denmark,Slovenia,Andraž Šporar,25,FALSE,FALSE
2023-06-19,Slovenia,Denmark,Denmark,Rasmus Højlund,42,FALSE,FALSE
2023-06-19,Switzerland,Romania,Switzerland,Zeki Amdouni,28,FALSE,FALSE
2023-06-19,Switzerland,Romania,Switzerland,Zeki Amdouni,41,FALSE,FALSE
2023-06-19,Switzerland,Romania,Romania,Valentin Mihăilă,89,FALSE,FALSE
2023-06-19,Switzerland,Romania,Romania,Valentin Mihăilă,90,FALSE,FALSE
2023-06-19,Turkey,Wales,Turkey,Umut Nayir,72,FALSE,FALSE
2023-06-19,Turkey,Wales,Turkey,Arda Güler,80,FALSE,FALSE
2023-06-19,Ukraine,Malta,Ukraine,Viktor Tsyhankov,72,FALSE,TRUE
2023-06-20,Austria,Sweden,Austria,Christoph Baumgartner,81,FALSE,FALSE
2023-06-20,Austria,Sweden,Austria,Christoph Baumgartner,89,FALSE,FALSE
2023-06-20,Bosnia and Herzegovina,Luxembourg,Luxembourg,Yvandro Borges Sanches,4,FALSE,FALSE
2023-06-20,Bosnia and Herzegovina,Luxembourg,Luxembourg,Danel Sinani,74,FALSE,FALSE
2023-06-20,Bulgaria,Serbia,Bulgaria,Kiril Despodov,47,FALSE,FALSE
2023-06-20,Bulgaria,Serbia,Serbia,Darko Lazović,90,FALSE,FALSE
2023-06-20,Estonia,Belgium,Belgium,Romelu Lukaku,37,FALSE,FALSE
2023-06-20,Estonia,Belgium,Belgium,Romelu Lukaku,40,FALSE,FALSE
2023-06-20,Estonia,Belgium,Belgium,Johan Bakayoko,90,FALSE,FALSE
2023-06-20,Faroe Islands,Albania,Albania,Nedim Bajrami,20,FALSE,FALSE
2023-06-20,Faroe Islands,Albania,Faroe Islands,Odmar Færø,45,FALSE,FALSE
2023-06-20,Faroe Islands,Albania,Albania,Kristjan Asllani,51,FALSE,FALSE
2023-06-20,Faroe Islands,Albania,Albania,Ernest Muçi,90,FALSE,FALSE
2023-06-20,Hungary,Lithuania,Hungary,Barnabás Varga,32,FALSE,FALSE
2023-06-20,Hungary,Lithuania,Hungary,Roland Sallai,83,FALSE,FALSE
2023-06-20,Iceland,Portugal,Portugal,Cristiano Ronaldo,89,FALSE,FALSE
2023-06-20,Liechtenstein,Slovakia,Slovakia,Denis Vavro,45,FALSE,FALSE
2023-06-20,Moldova,Poland,Poland,Arkadiusz Milik,12,FALSE,FALSE
2023-06-20,Moldova,Poland,Poland,Robert Lewandowski,34,FALSE,FALSE
2023-06-20,Moldova,Poland,Moldova,Ion Nicolaescu,48,FALSE,FALSE
2023-06-20,Moldova,Poland,Moldova,Ion Nicolaescu,79,FALSE,FALSE
2023-06-20,Moldova,Poland,Moldova,Vladislav Baboglo,85,FALSE,FALSE
2023-06-20,Norway,Cyprus,Norway,Ola Solbakken,12,FALSE,FALSE
2023-06-20,Norway,Cyprus,Norway,Erling Haaland,56,FALSE,TRUE
2023-06-20,Norway,Cyprus,Norway,Erling Haaland,60,FALSE,FALSE
2023-06-20,Norway,Cyprus,Cyprus,Grigoris Kastanos,90,FALSE,FALSE
2023-06-20,Scotland,Georgia,Scotland,Callum McGregor,6,FALSE,FALSE
2023-06-20,Scotland,Georgia,Scotland,Scott McTominay,47,FALSE,FALSE
2023-06-24,United States,Jamaica,Jamaica,Damion Lowe,13,FALSE,FALSE
2023-06-24,United States,Jamaica,United States,Brandon Vázquez,88,FALSE,FALSE
2023-06-25,Haiti,Qatar,Qatar,Yusuf Abdurisag,20,FALSE,FALSE
2023-06-25,Haiti,Qatar,Haiti,Duckens Nazon,45,FALSE,TRUE
2023-06-25,Haiti,Qatar,Haiti,Frantzdy Pierrot,90,FALSE,FALSE
2023-06-25,Mexico,Honduras,Mexico,Luis Romo,1,FALSE,FALSE
2023-06-25,Mexico,Honduras,Mexico,Luis Romo,23,FALSE,FALSE
2023-06-25,Mexico,Honduras,Mexico,Orbelín Pineda,52,FALSE,FALSE
2023-06-25,Mexico,Honduras,Mexico,Luis Chávez,64,FALSE,FALSE
2023-06-25,Trinidad and Tobago,Saint Kitts and Nevis,Trinidad and Tobago,Alvin Jones,43,FALSE,FALSE
2023-06-25,Trinidad and Tobago,Saint Kitts and Nevis,Trinidad and Tobago,Ajani Fortune,65,FALSE,FALSE
2023-06-25,Trinidad and Tobago,Saint Kitts and Nevis,Trinidad and Tobago,Jameel Ible,73,TRUE,FALSE
2023-06-26,Costa Rica,Panama,Panama,José Fajardo,23,FALSE,FALSE
2023-06-26,Costa Rica,Panama,Panama,Yoel Bárcenas,68,FALSE,FALSE
2023-06-26,Costa Rica,Panama,Costa Rica,Aarón Suárez,90,FALSE,FALSE
2023-06-26,El Salvador,Martinique,Martinique,Patrick Burner,11,FALSE,FALSE
2023-06-26,El Salvador,Martinique,Martinique,Kévin Fortuné,16,FALSE,FALSE
2023-06-26,El Salvador,Martinique,El Salvador,Bryan Tamacas,90,FALSE,TRUE
2023-06-27,Canada,Guadeloupe,Guadeloupe,Thierry Ambrose,23,FALSE,FALSE
2023-06-27,Canada,Guadeloupe,Canada,Lucas Cavallini,49,FALSE,FALSE
2023-06-27,Canada,Guadeloupe,Canada,Méddy Lina,70,TRUE,FALSE
2023-06-27,Canada,Guadeloupe,Guadeloupe,Jacen Russell-Rowe,90,TRUE,FALSE
2023-06-27,Guatemala,Cuba,Guatemala,Darwin Lom,48,FALSE,FALSE
2023-06-28,Jamaica,Trinidad and Tobago,Jamaica,Demarai Gray,14,FALSE,FALSE
2023-06-28,Jamaica,Trinidad and Tobago,Jamaica,Leon Bailey,18,FALSE,FALSE
2023-06-28,Jamaica,Trinidad and Tobago,Jamaica,Demarai Gray,30,FALSE,FALSE
2023-06-28,Jamaica,Trinidad and Tobago,Trinidad and Tobago,Andre Rampersad,49,FALSE,FALSE
2023-06-28,Jamaica,Trinidad and Tobago,Jamaica,Dujuan Richards,90,FALSE,FALSE
2023-06-28,United States,Saint Kitts and Nevis,United States,Djordje Mihailovic,12,FALSE,FALSE
2023-06-28,United States,Saint Kitts and Nevis,United States,Bryan Reynolds,14,FALSE,FALSE
2023-06-28,United States,Saint Kitts and Nevis,United States,Jesús Ferreira,16,FALSE,FALSE
2023-06-28,United States,Saint Kitts and Nevis,United States,Jesús Ferreira,25,FALSE,FALSE
2023-06-28,United States,Saint Kitts and Nevis,United States,Jesús Ferreira,50,FALSE,FALSE
2023-06-28,United States,Saint Kitts and Nevis,United States,Djordje Mihailovic,79,FALSE,FALSE
2023-06-29,Haiti,Mexico,Mexico,Henry Martín,46,FALSE,FALSE
2023-06-29,Haiti,Mexico,Mexico,Ricardo Adé,56,TRUE,FALSE
2023-06-29,Haiti,Mexico,Haiti,Danley Jean Jacques,78,FALSE,FALSE
2023-06-29,Haiti,Mexico,Mexico,Santiago Giménez,83,FALSE,FALSE
2023-06-29,Qatar,Honduras,Qatar,Tameem Al-Abdullah,7,FALSE,FALSE
2023-06-29,Qatar,Honduras,Honduras,Alberth Elis,90,FALSE,FALSE
2023-06-30,Martinique,Panama,Panama,José Fajardo,57,FALSE,FALSE
2023-06-30,Martinique,Panama,Panama,Michael Amir Murillo,69,FALSE,FALSE
2023-06-30,Martinique,Panama,Martinique,Karl Fabien,90,FALSE,FALSE
2023-07-01,Cuba,Guadeloupe,Guadeloupe,Matthias Phaëton,13,FALSE,FALSE
2023-07-01,Cuba,Guadeloupe,Guadeloupe,Ange-Freddy Plumain,41,FALSE,FALSE
2023-07-01,Cuba,Guadeloupe,Guadeloupe,Matthias Phaëton,43,FALSE,FALSE
2023-07-01,Cuba,Guadeloupe,Guadeloupe,Anthony Baron,50,FALSE,FALSE
2023-07-01,Cuba,Guadeloupe,Cuba,Arichel Hernández,62,FALSE,TRUE
2023-07-02,Honduras,Haiti,Haiti,Frantzdy Pierrot,20,FALSE,FALSE
2023-07-02,Honduras,Haiti,Honduras,Jerry Bengtson,42,FALSE,FALSE
2023-07-02,Honduras,Haiti,Honduras,José Pinto,59,FALSE,FALSE
2023-07-02,Jamaica,Saint Kitts and Nevis,Jamaica,Julani Archibald,30,TRUE,FALSE
2023-07-02,Jamaica,Saint Kitts and Nevis,Jamaica,Jon Russell,45,FALSE,FALSE
2023-07-02,Jamaica,Saint Kitts and Nevis,Jamaica,Di'Shon Bernard,49,FALSE,FALSE
2023-07-02,Jamaica,Saint Kitts and Nevis,Jamaica,Daniel Johnson,72,FALSE,FALSE
2023-07-02,Jamaica,Saint Kitts and Nevis,Jamaica,Cory Burke,74,FALSE,FALSE
2023-07-02,Mexico,Qatar,Qatar,Hazem Shehata,27,FALSE,FALSE
2023-07-02,United States,Trinidad and Tobago,United States,Jesús Ferreira,14,FALSE,FALSE
2023-07-02,United States,Trinidad and Tobago,United States,Jesús Ferreira,38,FALSE,FALSE
2023-07-02,United States,Trinidad and Tobago,United States,Jesús Ferreira,45,FALSE,TRUE
2023-07-02,United States,Trinidad and Tobago,United States,Cade Cowell,65,FALSE,FALSE
2023-07-02,United States,Trinidad and Tobago,United States,Gianluca Busio,79,FALSE,FALSE
2023-07-02,United States,Trinidad and Tobago,United States,Brandon Vázquez,90,FALSE,FALSE
2023-07-04,Canada,Cuba,Canada,Junior Hoilett,21,FALSE,TRUE
2023-07-04,Canada,Cuba,Canada,Jonathan Osorio,27,FALSE,FALSE
2023-07-04,Canada,Cuba,Cuba,Luis Paradela,45,FALSE,TRUE
2023-07-04,Canada,Cuba,Canada,Jayden Nelson,47,FALSE,FALSE
2023-07-04,Canada,Cuba,Canada,Liam Millar,62,FALSE,FALSE
2023-07-04,Canada,Cuba,Cuba,Maikel Reyes,89,FALSE,TRUE
2023-07-04,Costa Rica,Martinique,Costa Rica,Kendall Waston,10,FALSE,FALSE
2023-07-04,Costa Rica,Martinique,Martinique,Patrick Burner,18,FALSE,FALSE
2023-07-04,Costa Rica,Martinique,Costa Rica,Francisco Calvo,41,FALSE,FALSE
2023-07-04,Costa Rica,Martinique,Costa Rica,Juan Pablo Vargas,55,FALSE,FALSE
2023-07-04,Costa Rica,Martinique,Costa Rica,Joel Campbell,59,FALSE,TRUE
2023-07-04,Costa Rica,Martinique,Costa Rica,Anthony Contreras,68,FALSE,FALSE
2023-07-04,Costa Rica,Martinique,Martinique,Brighton Labeau,75,FALSE,TRUE
2023-07-04,Costa Rica,Martinique,Martinique,Patrick Burner,79,FALSE,FALSE
2023-07-04,Costa Rica,Martinique,Costa Rica,Diego Campos,90,FALSE,FALSE
2023-07-04,Costa Rica,Martinique,Martinique,Jonathan Mexique,90,FALSE,FALSE
2023-07-04,Guadeloupe,Guatemala,Guadeloupe,Andreaw Gravillon,27,FALSE,FALSE
2023-07-04,Guadeloupe,Guatemala,Guatemala,Rubio Rubin,39,FALSE,FALSE
2023-07-04,Guadeloupe,Guatemala,Guadeloupe,Ange-Freddy Plumain,63,FALSE,TRUE
2023-07-04,Guadeloupe,Guatemala,Guatemala,Rubio Rubin,70,FALSE,FALSE
2023-07-04,Guadeloupe,Guatemala,Guatemala,Carlos Mejía,76,FALSE,FALSE
2023-07-04,Panama,El Salvador,El Salvador,Brayan Gil,4,FALSE,FALSE
2023-07-04,Panama,El Salvador,Panama,Fidel Escobar,26,FALSE,FALSE
2023-07-04,Panama,El Salvador,Panama,Ismael Díaz,71,FALSE,FALSE
2023-07-04,Panama,El Salvador,El Salvador,Mayer Gil,90,FALSE,FALSE
2023-07-08,Mexico,Costa Rica,Mexico,Orbelín Pineda,52,FALSE,TRUE
2023-07-08,Mexico,Costa Rica,Mexico,Érick Sánchez,87,FALSE,FALSE
2023-07-08,Panama,Qatar,Panama,Yoel Bárcenas,19,FALSE,FALSE
2023-07-08,Panama,Qatar,Panama,Ismael Díaz,56,FALSE,FALSE
2023-07-08,Panama,Qatar,Panama,Ismael Díaz,63,FALSE,FALSE
2023-07-08,Panama,Qatar,Panama,Ismael Díaz,65,FALSE,FALSE
2023-07-09,Guatemala,Jamaica,Jamaica,Amari'i Bell,51,FALSE,FALSE
2023-07-09,United States,Canada,United States,Brandon Vázquez,88,FALSE,FALSE
2023-07-09,United States,Canada,Canada,Steven Vitória,90,FALSE,TRUE
2023-07-09,United States,Canada,Canada,Jacob Shaffelburg,109,FALSE,FALSE
2023-07-09,United States,Canada,United States,Scott Kennedy,114,TRUE,FALSE
2023-07-12,Jamaica,Mexico,Mexico,Henry Martín,2,FALSE,FALSE
2023-07-12,Jamaica,Mexico,Mexico,Luis Chávez,30,FALSE,FALSE
2023-07-12,Jamaica,Mexico,Mexico,Roberto Alvarado,90,FALSE,FALSE
2023-07-12,United States,Panama,Panama,Iván Anderson,99,FALSE,FALSE
2023-07-12,United States,Panama,United States,Jesús Ferreira,105,FALSE,FALSE
2023-07-16,Mexico,Panama,Mexico,Santiago Giménez,88,FALSE,FALSE
2023-09-07,Argentina,Ecuador,Argentina,Lionel Messi,78,FALSE,FALSE
2023-09-07,Colombia,Venezuela,Colombia,Rafael Santos Borré,46,FALSE,FALSE
2023-09-07,Czech Republic,Albania,Czech Republic,Václav Černý,56,FALSE,FALSE
2023-09-07,Czech Republic,Albania,Albania,Nedim Bajrami,66,FALSE,FALSE
2023-09-07,Denmark,San Marino,Denmark,Pierre-Emile Højbjerg,26,FALSE,FALSE
2023-09-07,Denmark,San Marino,Denmark,Joakim Mæhle,28,FALSE,FALSE
2023-09-07,Denmark,San Marino,Denmark,Jonas Wind,40,FALSE,FALSE
2023-09-07,Denmark,San Marino,Denmark,Christian Eriksen,90,FALSE,FALSE
2023-09-07,France,Republic of Ireland,France,Aurélien Tchouaméni,19,FALSE,FALSE
2023-09-07,France,Republic of Ireland,France,Marcus Thuram,48,FALSE,FALSE
2023-09-07,Kazakhstan,Finland,Finland,Oliver Antman,78,FALSE,FALSE
2023-09-07,Lithuania,Montenegro,Lithuania,Gytis Paulauskas,71,FALSE,FALSE
2023-09-07,Lithuania,Montenegro,Montenegro,Nikola Krstović,78,FALSE,FALSE
2023-09-07,Lithuania,Montenegro,Montenegro,Stefan Savić,89,FALSE,FALSE
2023-09-07,Lithuania,Montenegro,Lithuania,Fedor Černych,90,FALSE,FALSE
2023-09-07,Netherlands,Greece,Netherlands,Marten de Roon,17,FALSE,FALSE
2023-09-07,Netherlands,Greece,Netherlands,Cody Gakpo,31,FALSE,FALSE
2023-09-07,Netherlands,Greece,Netherlands,Wout Weghorst,39,FALSE,FALSE
2023-09-07,Poland,Faroe Islands,Poland,Robert Lewandowski,73,FALSE,TRUE
2023-09-07,Poland,Faroe Islands,Poland,Robert Lewandowski,83,FALSE,FALSE
2023-09-07,Serbia,Hungary,Serbia,Attila Szalai,10,TRUE,FALSE
2023-09-07,Serbia,Hungary,Hungary,Barnabás Varga,34,FALSE,FALSE
2023-09-07,Serbia,Hungary,Hungary,Willi Orbán,36,FALSE,FALSE
2023-09-07,Slovenia,Northern Ireland,Slovenia,Andraž Šporar,3,FALSE,FALSE
2023-09-07,Slovenia,Northern Ireland,Northern Ireland,Isaac Price,7,FALSE,FALSE
2023-09-07,Slovenia,Northern Ireland,Slovenia,Jonny Evans,17,TRUE,FALSE
2023-09-07,Slovenia,Northern Ireland,Slovenia,Benjamin Šeško,42,FALSE,FALSE
2023-09-07,Slovenia,Northern Ireland,Northern Ireland,Jonny Evans,53,FALSE,FALSE
2023-09-07,Slovenia,Northern Ireland,Slovenia,Andraž Šporar,56,FALSE,FALSE
2023-09-08,Bosnia and Herzegovina,Liechtenstein,Bosnia and Herzegovina,Edin Džeko,3,FALSE,FALSE
2023-09-08,Bosnia and Herzegovina,Liechtenstein,Bosnia and Herzegovina,Simon Lüchinger,18,TRUE,FALSE
2023-09-08,Bosnia and Herzegovina,Liechtenstein,Liechtenstein,Sandro Wolfinger,21,FALSE,FALSE
2023-09-08,Brazil,Bolivia,Brazil,Rodrygo,24,FALSE,FALSE
2023-09-08,Brazil,Bolivia,Brazil,Raphinha,47,FALSE,FALSE
2023-09-08,Brazil,Bolivia,Brazil,Rodrygo,53,FALSE,FALSE
2023-09-08,Brazil,Bolivia,Brazil,Neymar,61,FALSE,FALSE
2023-09-08,Brazil,Bolivia,Bolivia,Víctor Ábrego,78,FALSE,FALSE
2023-09-08,Brazil,Bolivia,Brazil,Neymar,90,FALSE,FALSE
2023-09-08,Croatia,Latvia,Croatia,Bruno Petković,3,FALSE,FALSE
2023-09-08,Croatia,Latvia,Croatia,Luka Ivanušec,13,FALSE,FALSE
2023-09-08,Croatia,Latvia,Croatia,Bruno Petković,44,FALSE,FALSE
2023-09-08,Croatia,Latvia,Croatia,Andrej Kramarić,68,FALSE,FALSE
2023-09-08,Croatia,Latvia,Croatia,Mario Pašalić,78,FALSE,FALSE
2023-09-08,Cyprus,Scotland,Scotland,Scott McTominay,6,FALSE,FALSE
2023-09-08,Cyprus,Scotland,Scotland,Ryan Porteous,16,FALSE,FALSE
2023-09-08,Cyprus,Scotland,Scotland,John McGinn,30,FALSE,FALSE
2023-09-08,Georgia,Spain,Spain,Álvaro Morata,22,FALSE,FALSE
2023-09-08,Georgia,Spain,Spain,Solomon Kvirkvelia,27,TRUE,FALSE
2023-09-08,Georgia,Spain,Spain,Dani Olmo,38,FALSE,FALSE
2023-09-08,Georgia,Spain,Spain,Álvaro Morata,40,FALSE,FALSE
2023-09-08,Georgia,Spain,Georgia,Giorgi Chakvetadze,49,FALSE,FALSE
2023-09-08,Georgia,Spain,Spain,Álvaro Morata,66,FALSE,FALSE
2023-09-08,Georgia,Spain,Spain,Nico Williams,68,FALSE,FALSE
2023-09-08,Georgia,Spain,Spain,Lamine Yamal,74,FALSE,FALSE
2023-09-08,Luxembourg,Iceland,Luxembourg,Maxime Chanot,9,FALSE,TRUE
2023-09-08,Luxembourg,Iceland,Luxembourg,Yvandro Borges Sanches,70,FALSE,FALSE
2023-09-08,Luxembourg,Iceland,Iceland,Hákon Arnar Haraldsson,88,FALSE,FALSE
2023-09-08,Luxembourg,Iceland,Luxembourg,Danel Sinani,89,FALSE,FALSE
2023-09-08,Slovakia,Portugal,Portugal,Bruno Fernandes,43,FALSE,FALSE
2023-09-08,Turkey,Armenia,Armenia,Artak Dashyan,49,FALSE,FALSE
2023-09-08,Turkey,Armenia,Turkey,Bertuğ Yıldırım,88,FALSE,FALSE
2023-09-08,Uruguay,Chile,Uruguay,Nicolás de la Cruz,38,FALSE,FALSE
2023-09-08,Uruguay,Chile,Uruguay,Federico Valverde,45,FALSE,FALSE
2023-09-08,Uruguay,Chile,Uruguay,Nicolás de la Cruz,71,FALSE,FALSE
2023-09-08,Uruguay,Chile,Chile,Arturo Vidal,74,FALSE,FALSE
2023-09-09,Azerbaijan,Belgium,Belgium,Yannick Carrasco,38,FALSE,FALSE
2023-09-09,Estonia,Sweden,Sweden,Viktor Gyökeres,18,FALSE,FALSE
2023-09-09,Estonia,Sweden,Sweden,Dejan Kulusevski,24,FALSE,FALSE
2023-09-09,Estonia,Sweden,Sweden,Alexander Isak,39,FALSE,FALSE
2023-09-09,Estonia,Sweden,Sweden,Robin Quaison,75,FALSE,FALSE
2023-09-09,Estonia,Sweden,Sweden,Viktor Claesson,90,FALSE,FALSE
2023-09-09,Kosovo,Switzerland,Switzerland,Remo Freuler,14,FALSE,FALSE
2023-09-09,Kosovo,Switzerland,Kosovo,Vedat Muriqi,65,FALSE,FALSE
2023-09-09,Kosovo,Switzerland,Switzerland,Amir Rrahmani,79,TRUE,FALSE
2023-09-09,Kosovo,Switzerland,Kosovo,Vedat Muriqi,90,FALSE,FALSE
2023-09-09,North Macedonia,Italy,Italy,Ciro Immobile,47,FALSE,FALSE
2023-09-09,North Macedonia,Italy,North Macedonia,Enis Bardhi,81,FALSE,FALSE
2023-09-09,Romania,Israel,Romania,Denis Alibec,27,FALSE,FALSE
2023-09-09,Romania,Israel,Israel,Oscar Gloukh,53,FALSE,FALSE
2023-09-09,Ukraine,England,Ukraine,Oleksandr Zinchenko,26,FALSE,FALSE
2023-09-09,Ukraine,England,England,Kyle Walker,41,FALSE,FALSE
2023-09-10,Albania,Poland,Albania,Jasir Asani,37,FALSE,FALSE
2023-09-10,Albania,Poland,Albania,Mirlind Daku,62,FALSE,FALSE
2023-09-10,Faroe Islands,Moldova,Moldova,Vadim Rață,53,FALSE,FALSE
2023-09-10,Finland,Denmark,Denmark,Pierre-Emile Højbjerg,86,FALSE,FALSE
2023-09-10,Greece,Gibraltar,Greece,Dimitrios Pelkas,9,FALSE,FALSE
2023-09-10,Greece,Gibraltar,Greece,Konstantinos Mavropanos,23,FALSE,FALSE
2023-09-10,Greece,Gibraltar,Greece,Giorgos Masouras,70,FALSE,FALSE
2023-09-10,Greece,Gibraltar,Greece,Konstantinos Mavropanos,83,FALSE,FALSE
2023-09-10,Greece,Gibraltar,Greece,Giorgos Masouras,90,FALSE,FALSE
2023-09-10,Kazakhstan,Northern Ireland,Kazakhstan,Maksim Samorodov,27,FALSE,FALSE
2023-09-10,Lithuania,Serbia,Serbia,Aleksandar Mitrović,21,FALSE,FALSE
2023-09-10,Lithuania,Serbia,Serbia,Aleksandar Mitrović,32,FALSE,FALSE
2023-09-10,Lithuania,Serbia,Serbia,Aleksandar Mitrović,43,FALSE,FALSE
2023-09-10,Lithuania,Serbia,Lithuania,Gytis Paulauskas,45,FALSE,FALSE
2023-09-10,Montenegro,Bulgaria,Montenegro,Stefan Savić,45,FALSE,FALSE
2023-09-10,Montenegro,Bulgaria,Bulgaria,Preslav Borukov,79,FALSE,FALSE
2023-09-10,Montenegro,Bulgaria,Montenegro,Stevan Jovetić,90,FALSE,FALSE
2023-09-10,Republic of Ireland,Netherlands,Republic of Ireland,Adam Idah,5,FALSE,TRUE
2023-09-10,Republic of Ireland,Netherlands,Netherlands,Cody Gakpo,19,FALSE,TRUE
2023-09-10,Republic of Ireland,Netherlands,Netherlands,Wout Weghorst,56,FALSE,FALSE
2023-09-10,San Marino,Slovenia,Slovenia,Žan Vipotnik,4,FALSE,FALSE
2023-09-10,San Marino,Slovenia,Slovenia,Jan Mlakar,16,FALSE,FALSE
2023-09-10,San Marino,Slovenia,Slovenia,Sandi Lovrić,61,FALSE,FALSE
2023-09-10,San Marino,Slovenia,Slovenia,Žan Karničnik,67,FALSE,FALSE
2023-09-11,Armenia,Croatia,Croatia,Andrej Kramarić,13,FALSE,FALSE
2023-09-11,Iceland,Bosnia and Herzegovina,Iceland,Alfreð Finnbogason,90,FALSE,FALSE
2023-09-11,Latvia,Wales,Wales,Aaron Ramsey,29,FALSE,TRUE
2023-09-11,Latvia,Wales,Wales,David Brooks,90,FALSE,FALSE
2023-09-11,Portugal,Luxembourg,Portugal,Gonçalo Inácio,12,FALSE,FALSE
2023-09-11,Portugal,Luxembourg,Portugal,Gonçalo Ramos,18,FALSE,FALSE
2023-09-11,Portugal,Luxembourg,Portugal,Gonçalo Ramos,34,FALSE,FALSE
2023-09-11,Portugal,Luxembourg,Portugal,Gonçalo Inácio,45,FALSE,FALSE
2023-09-11,Portugal,Luxembourg,Portugal,Diogo Jota,58,FALSE,FALSE
2023-09-11,Portugal,Luxembourg,Portugal,Ricardo Horta,67,FALSE,FALSE
2023-09-11,Portugal,Luxembourg,Portugal,Diogo Jota,78,FALSE,FALSE
2023-09-11,Portugal,Luxembourg,Portugal,Bruno Fernandes,83,FALSE,FALSE
2023-09-11,Portugal,Luxembourg,Portugal,João Félix,88,FALSE,FALSE
2023-09-11,Slovakia,Liechtenstein,Slovakia,Dávid Hancko,1,FALSE,FALSE
2023-09-11,Slovakia,Liechtenstein,Slovakia,Ondrej Duda,3,FALSE,FALSE
2023-09-11,Slovakia,Liechtenstein,Slovakia,Róbert Mak,6,FALSE,FALSE
2023-09-12,Belgium,Estonia,Belgium,Jan Vertonghen,4,FALSE,FALSE
2023-09-12,Belgium,Estonia,Belgium,Leandro Trossard,18,FALSE,FALSE
2023-09-12,Belgium,Estonia,Belgium,Romelu Lukaku,56,FALSE,FALSE
2023-09-12,Belgium,Estonia,Belgium,Romelu Lukaku,58,FALSE,FALSE
2023-09-12,Belgium,Estonia,Belgium,Charles De Ketelaere,88,FALSE,FALSE
2023-09-12,Bolivia,Argentina,Argentina,Enzo Fernández,31,FALSE,FALSE
2023-09-12,Bolivia,Argentina,Argentina,Nicolás Tagliafico,42,FALSE,FALSE
2023-09-12,Bolivia,Argentina,Argentina,Nicolás González,83,FALSE,FALSE
2023-09-12,Ecuador,Uruguay,Uruguay,Agustín Canobbio,38,FALSE,FALSE
2023-09-12,Ecuador,Uruguay,Ecuador,Félix Torres,45,FALSE,FALSE
2023-09-12,Ecuador,Uruguay,Ecuador,Félix Torres,61,FALSE,FALSE
2023-09-12,Israel,Belarus,Israel,Gabi Kanichowsky,90,FALSE,FALSE
2023-09-12,Italy,Ukraine,Italy,Davide Frattesi,12,FALSE,FALSE
2023-09-12,Italy,Ukraine,Italy,Davide Frattesi,29,FALSE,FALSE
2023-09-12,Italy,Ukraine,Ukraine,Andriy Yarmolenko,41,FALSE,FALSE
2023-09-12,Malta,North Macedonia,North Macedonia,Elif Elmas,5,FALSE,FALSE
2023-09-12,Malta,North Macedonia,North Macedonia,Jovan Manev,41,FALSE,FALSE
2023-09-12,Norway,Georgia,Norway,Erling Haaland,25,FALSE,FALSE
2023-09-12,Norway,Georgia,Norway,Martin Ødegaard,33,FALSE,FALSE
2023-09-12,Norway,Georgia,Georgia,Budu Zivzivadze,90,FALSE,FALSE
2023-09-12,Peru,Brazil,Brazil,Marquinhos,90,FALSE,FALSE
2023-09-12,Romania,Kosovo,Romania,Nicolae Stanciu,83,FALSE,FALSE
2023-09-12,Romania,Kosovo,Romania,Valentin Mihăilă,90,FALSE,FALSE
2023-09-12,Spain,Cyprus,Spain,Gavi,18,FALSE,FALSE
2023-09-12,Spain,Cyprus,Spain,Mikel Merino,33,FALSE,FALSE
2023-09-12,Spain,Cyprus,Spain,Joselu,70,FALSE,FALSE
2023-09-12,Spain,Cyprus,Spain,Ferran Torres,73,FALSE,FALSE
2023-09-12,Spain,Cyprus,Spain,Álex Baena,77,FALSE,FALSE
2023-09-12,Spain,Cyprus,Spain,Ferran Torres,83,FALSE,FALSE
2023-09-12,Sweden,Austria,Austria,Michael Gregoritsch,53,FALSE,FALSE
2023-09-12,Sweden,Austria,Austria,Marko Arnautović,56,FALSE,FALSE
2023-09-12,Sweden,Austria,Austria,Marko Arnautović,69,FALSE,TRUE
2023-09-12,Sweden,Austria,Sweden,Emil Holm,90,FALSE,FALSE
2023-09-12,Switzerland,Andorra,Switzerland,Cedric Itten,49,FALSE,FALSE
2023-09-12,Switzerland,Andorra,Switzerland,Granit Xhaka,84,FALSE,FALSE
2023-09-12,Switzerland,Andorra,Switzerland,Xherdan Shaqiri,90,FALSE,TRUE
2023-09-12,Venezuela,Paraguay,Venezuela,Salomón Rondón,90,FALSE,TRUE
2023-10-12,Afghanistan,Mongolia,Afghanistan,Jabar Sharza,60,FALSE,FALSE
2023-10-12,Albania,Czech Republic,Albania,Jasir Asani,9,FALSE,FALSE
2023-10-12,Albania,Czech Republic,Albania,Taulant Seferi,51,FALSE,FALSE
2023-10-12,Albania,Czech Republic,Albania,Taulant Seferi,73,FALSE,FALSE
2023-10-12,Andorra,Kosovo,Kosovo,Milot Rashica,26,FALSE,FALSE
2023-10-12,Andorra,Kosovo,Kosovo,Milot Rashica,71,FALSE,FALSE
2023-10-12,Andorra,Kosovo,Kosovo,Altin Zeqiri,83,FALSE,FALSE
2023-10-12,Argentina,Paraguay,Argentina,Nicolás Otamendi,3,FALSE,FALSE
2023-10-12,Bolivia,Ecuador,Ecuador,Kendry Páez,45,FALSE,FALSE
2023-10-12,Bolivia,Ecuador,Bolivia,Rodrigo Ramallo,83,FALSE,FALSE
2023-10-12,Bolivia,Ecuador,Ecuador,Kevin Rodríguez,90,FALSE,FALSE
2023-10-12,Brazil,Venezuela,Brazil,Gabriel Magalhães,50,FALSE,FALSE
2023-10-12,Brazil,Venezuela,Venezuela,Eduard Bello,85,FALSE,FALSE
2023-10-12,Chile,Peru,Chile,Diego Valdés,74,FALSE,FALSE
2023-10-12,Chile,Peru,Chile,Marcelino Núñez,90,FALSE,FALSE
2023-10-12,Colombia,Uruguay,Colombia,James Rodríguez,35,FALSE,FALSE
2023-10-12,Colombia,Uruguay,Uruguay,Mathías Olivera,47,FALSE,FALSE
2023-10-12,Colombia,Uruguay,Colombia,Mateus Uribe,52,FALSE,FALSE
2023-10-12,Colombia,Uruguay,Uruguay,Darwin Núñez,90,FALSE,TRUE
2023-10-12,Croatia,Turkey,Turkey,Barış Alper Yılmaz,30,FALSE,FALSE
2023-10-12,Cyprus,Norway,Norway,Alexander Sørloth,33,FALSE,FALSE
2023-10-12,Cyprus,Norway,Norway,Erling Haaland,65,FALSE,FALSE
2023-10-12,Cyprus,Norway,Norway,Erling Haaland,72,FALSE,FALSE
2023-10-12,Cyprus,Norway,Norway,Fredrik Aursnes,81,FALSE,FALSE
2023-10-12,Faroe Islands,Poland,Poland,Sebastian Szymański,4,FALSE,FALSE
2023-10-12,Faroe Islands,Poland,Poland,Adam Buksa,65,FALSE,FALSE
2023-10-12,Hong Kong,Bhutan,Hong Kong,Michael Udebuluzor,10,FALSE,FALSE
2023-10-12,Hong Kong,Bhutan,Hong Kong,Michael Udebuluzor,16,FALSE,FALSE
2023-10-12,Hong Kong,Bhutan,Hong Kong,Shinichi Chan,28,FALSE,FALSE
2023-10-12,Hong Kong,Bhutan,Hong Kong,Tenzin Norbu,35,TRUE,FALSE
2023-10-12,Indonesia,Brunei,Indonesia,Dimas Drajad,7,FALSE,FALSE
2023-10-12,Indonesia,Brunei,Indonesia,Rizky Ridho,12,FALSE,FALSE
2023-10-12,Indonesia,Brunei,Indonesia,Ramadhan Sananta,63,FALSE,TRUE
2023-10-12,Indonesia,Brunei,Indonesia,Ramadhan Sananta,67,FALSE,FALSE
2023-10-12,Indonesia,Brunei,Indonesia,Dimas Drajad,72,FALSE,FALSE
2023-10-12,Indonesia,Brunei,Indonesia,Dimas Drajad,90,FALSE,FALSE
2023-10-12,Latvia,Armenia,Latvia,Jānis Ikaunieks,39,FALSE,FALSE
2023-10-12,Latvia,Armenia,Latvia,Daniels Balodis,68,FALSE,FALSE
2023-10-12,Maldives,Bangladesh,Maldives,Hassan Nazeem,87,FALSE,FALSE
2023-10-12,Maldives,Bangladesh,Bangladesh,Md Saad Uddin,90,FALSE,FALSE
2023-10-12,Myanmar,Macau,Myanmar,Lwin Moe Aung,39,FALSE,FALSE
2023-10-12,Myanmar,Macau,Macau,Niki Torrão,55,FALSE,FALSE
2023-10-12,Myanmar,Macau,Myanmar,Soe Moe Kyaw,62,FALSE,FALSE
2023-10-12,Myanmar,Macau,Myanmar,Aung Kaung Mann,81,FALSE,FALSE
2023-10-12,Myanmar,Macau,Myanmar,Lwin Moe Aung,90,FALSE,FALSE
2023-10-12,Myanmar,Macau,Myanmar,Nay Moe Naing,90,FALSE,FALSE
2023-10-12,Nepal,Laos,Laos,Bounphachan Bounkong,33,FALSE,FALSE
2023-10-12,Nepal,Laos,Nepal,Anjan Bista,48,FALSE,FALSE
2023-10-12,Singapore,Guam,Singapore,Christopher van Huizen,35,FALSE,FALSE
2023-10-12,Singapore,Guam,Singapore,Jacob Mahler,41,FALSE,FALSE
2023-10-12,Singapore,Guam,Guam,Jason Cunliffe,90,FALSE,FALSE
2023-10-12,Spain,Scotland,Spain,Álvaro Morata,73,FALSE,FALSE
2023-10-12,Spain,Scotland,Spain,Oihan Sancet,86,FALSE,FALSE
2023-10-12,Taiwan,Timor-Leste,Taiwan,Yu Yao-hsing,4,FALSE,FALSE
2023-10-12,Taiwan,Timor-Leste,Taiwan,Chen Ting-yang,57,FALSE,FALSE
2023-10-12,Taiwan,Timor-Leste,Taiwan,Yu Yao-hsing,60,FALSE,FALSE
2023-10-12,Taiwan,Timor-Leste,Taiwan,Ko Yu-ting,88,FALSE,FALSE
2023-10-12,Yemen,Sri Lanka,Yemen,Ahmed Maher,33,FALSE,FALSE
2023-10-12,Yemen,Sri Lanka,Yemen,Nasser Al-Gahwashi,67,FALSE,FALSE
2023-10-12,Yemen,Sri Lanka,Yemen,Abdulwasea Al-Matari,90,FALSE,FALSE
2023-10-13,Austria,Belgium,Belgium,Dodi Lukebakio,12,FALSE,FALSE
2023-10-13,Austria,Belgium,Belgium,Dodi Lukebakio,55,FALSE,FALSE
2023-10-13,Austria,Belgium,Belgium,Romelu Lukaku,58,FALSE,FALSE
2023-10-13,Austria,Belgium,Austria,Konrad Laimer,72,FALSE,FALSE
2023-10-13,Austria,Belgium,Austria,Marcel Sabitzer,84,FALSE,TRUE
2023-10-13,Estonia,Azerbaijan,Azerbaijan,Toral Bayramov,9,FALSE,FALSE
2023-10-13,Estonia,Azerbaijan,Azerbaijan,Ramil Sheydayev,45,FALSE,TRUE
2023-10-13,Iceland,Luxembourg,Iceland,Orri Óskarsson,23,FALSE,FALSE
2023-10-13,Iceland,Luxembourg,Luxembourg,Gerson Rodrigues,46,FALSE,FALSE
2023-10-13,Liechtenstein,Bosnia and Herzegovina,Bosnia and Herzegovina,Amar Rahmanović,13,FALSE,FALSE
2023-10-13,Liechtenstein,Bosnia and Herzegovina,Bosnia and Herzegovina,Miroslav Stevanović,41,FALSE,FALSE
2023-10-13,Netherlands,France,France,Kylian Mbappé,7,FALSE,FALSE
2023-10-13,Netherlands,France,France,Kylian Mbappé,53,FALSE,FALSE
2023-10-13,Netherlands,France,Netherlands,Quilindschy Hartman,83,FALSE,FALSE
2023-10-13,Portugal,Slovakia,Portugal,Gonçalo Ramos,18,FALSE,FALSE
2023-10-13,Portugal,Slovakia,Portugal,Cristiano Ronaldo,29,FALSE,TRUE
2023-10-13,Portugal,Slovakia,Slovakia,Dávid Hancko,69,FALSE,FALSE
2023-10-13,Portugal,Slovakia,Portugal,Cristiano Ronaldo,72,FALSE,FALSE
2023-10-13,Portugal,Slovakia,Slovakia,Stanislav Lobotka,80,FALSE,FALSE
2023-10-13,Republic of Ireland,Greece,Greece,Giorgos Giakoumakis,20,FALSE,FALSE
2023-10-13,Republic of Ireland,Greece,Greece,Giorgos Masouras,45,FALSE,FALSE
2023-10-14,Bulgaria,Lithuania,Lithuania,Pijus Širvys,45,FALSE,FALSE
2023-10-14,Bulgaria,Lithuania,Lithuania,Pijus Širvys,55,FALSE,FALSE
2023-10-14,Denmark,Kazakhstan,Denmark,Jonas Wind,36,FALSE,FALSE
2023-10-14,Denmark,Kazakhstan,Denmark,Robert Skov,45,FALSE,FALSE
2023-10-14,Denmark,Kazakhstan,Denmark,Robert Skov,48,FALSE,FALSE
2023-10-14,Denmark,Kazakhstan,Kazakhstan,Yan Vorogovsky,58,FALSE,FALSE
2023-10-14,Hungary,Serbia,Hungary,Barnabás Varga,20,FALSE,FALSE
2023-10-14,Hungary,Serbia,Serbia,Strahinja Pavlović,33,FALSE,FALSE
2023-10-14,Hungary,Serbia,Hungary,Roland Sallai,34,FALSE,FALSE
2023-10-14,Italy,Malta,Italy,Giacomo Bonaventura,23,FALSE,FALSE
2023-10-14,Italy,Malta,Italy,Domenico Berardi,45,FALSE,FALSE
2023-10-14,Italy,Malta,Italy,Domenico Berardi,64,FALSE,FALSE
2023-10-14,Italy,Malta,Italy,Davide Frattesi,90,FALSE,FALSE
2023-10-14,Northern Ireland,San Marino,Northern Ireland,Paul Smyth,5,FALSE,FALSE
2023-10-14,Northern Ireland,San Marino,Northern Ireland,Josh Magennis,11,FALSE,FALSE
2023-10-14,Northern Ireland,San Marino,Northern Ireland,Conor McMenamin,81,FALSE,FALSE
2023-10-14,Slovenia,Finland,Slovenia,Benjamin Šeško,16,FALSE,TRUE
2023-10-14,Slovenia,Finland,Slovenia,Benjamin Šeško,28,FALSE,FALSE
2023-10-14,Slovenia,Finland,Slovenia,Erik Janža,90,FALSE,FALSE
2023-10-14,Ukraine,North Macedonia,Ukraine,Heorhiy Sudakov,30,FALSE,FALSE
2023-10-14,Ukraine,North Macedonia,Ukraine,Oleksandr Karavayev,90,FALSE,FALSE
2023-10-15,Czech Republic,Faroe Islands,Czech Republic,Tomáš Souček,76,FALSE,TRUE
2023-10-15,Georgia,Cyprus,Georgia,Otar Kiteishvili,46,FALSE,FALSE
2023-10-15,Georgia,Cyprus,Georgia,Khvicha Kvaratskhelia,58,FALSE,FALSE
2023-10-15,Georgia,Cyprus,Georgia,Levan Shengelia,82,FALSE,FALSE
2023-10-15,Georgia,Cyprus,Georgia,Georges Mikautadze,90,FALSE,TRUE
2023-10-15,Norway,Spain,Spain,Gavi,49,FALSE,FALSE
2023-10-15,Poland,Moldova,Moldova,Ion Nicolaescu,26,FALSE,FALSE
2023-10-15,Poland,Moldova,Poland,Karol Świderski,53,FALSE,FALSE
2023-10-15,Romania,Andorra,Romania,Nicolae Stanciu,23,FALSE,FALSE
2023-10-15,Romania,Andorra,Romania,Ianis Hagi,28,FALSE,FALSE
2023-10-15,Romania,Andorra,Romania,Răzvan Marin,44,FALSE,TRUE
2023-10-15,Romania,Andorra,Romania,Florinel Coman,50,FALSE,FALSE
2023-10-15,Switzerland,Belarus,Switzerland,Xherdan Shaqiri,28,FALSE,FALSE
2023-10-15,Switzerland,Belarus,Belarus,Max Ebong,61,FALSE,FALSE
2023-10-15,Switzerland,Belarus,Belarus,Denis Polyakov,69,FALSE,FALSE
2023-10-15,Switzerland,Belarus,Belarus,Dmitry Antilevsky,84,FALSE,FALSE
2023-10-15,Switzerland,Belarus,Switzerland,Manuel Akanji,89,FALSE,FALSE
2023-10-15,Switzerland,Belarus,Switzerland,Zeki Amdouni,90,FALSE,FALSE
2023-10-15,Turkey,Latvia,Turkey,Yunus Akgün,58,FALSE,FALSE
2023-10-15,Turkey,Latvia,Turkey,Cenk Tosun,84,FALSE,FALSE
2023-10-15,Turkey,Latvia,Turkey,Kerem Aktürkoğlu,88,FALSE,FALSE
2023-10-15,Turkey,Latvia,Turkey,Cenk Tosun,90,FALSE,FALSE
2023-10-15,Wales,Croatia,Wales,Harry Wilson,47,FALSE,FALSE
2023-10-15,Wales,Croatia,Wales,Harry Wilson,60,FALSE,FALSE
2023-10-15,Wales,Croatia,Croatia,Mario Pašalić,75,FALSE,FALSE
2023-10-16,Azerbaijan,Austria,Austria,Marcel Sabitzer,48,FALSE,TRUE
2023-10-16,Belgium,Sweden,Sweden,Viktor Gyökeres,15,FALSE,FALSE
2023-10-16,Belgium,Sweden,Belgium,Romelu Lukaku,31,FALSE,TRUE
2023-10-16,Bosnia and Herzegovina,Portugal,Portugal,Cristiano Ronaldo,5,FALSE,TRUE
2023-10-16,Bosnia and Herzegovina,Portugal,Portugal,Cristiano Ronaldo,20,FALSE,FALSE
2023-10-16,Bosnia and Herzegovina,Portugal,Portugal,Bruno Fernandes,25,FALSE,FALSE
2023-10-16,Bosnia and Herzegovina,Portugal,Portugal,João Cancelo,32,FALSE,FALSE
2023-10-16,Bosnia and Herzegovina,Portugal,Portugal,João Félix,41,FALSE,FALSE
2023-10-16,Gibraltar,Republic of Ireland,Republic of Ireland,Evan Ferguson,8,FALSE,FALSE
2023-10-16,Gibraltar,Republic of Ireland,Republic of Ireland,Mikey Johnston,28,FALSE,FALSE
2023-10-16,Gibraltar,Republic of Ireland,Republic of Ireland,Matt Doherty,60,FALSE,FALSE
2023-10-16,Gibraltar,Republic of Ireland,Republic of Ireland,Callum Robinson,80,FALSE,FALSE
2023-10-16,Greece,Netherlands,Netherlands,Virgil van Dijk,90,FALSE,TRUE
2023-10-16,Iceland,Liechtenstein,Iceland,Gylfi Sigurðsson,22,FALSE,TRUE
2023-10-16,Iceland,Liechtenstein,Iceland,Alfreð Finnbogason,44,FALSE,FALSE
2023-10-16,Iceland,Liechtenstein,Iceland,Gylfi Sigurðsson,49,FALSE,FALSE
2023-10-16,Iceland,Liechtenstein,Iceland,Hákon Arnar Haraldsson,63,FALSE,FALSE
2023-10-16,Luxembourg,Slovakia,Slovakia,Dávid Ďuriš,77,FALSE,FALSE
2023-10-17,Bangladesh,Maldives,Bangladesh,Rakib Hossain,11,FALSE,FALSE
2023-10-17,Bangladesh,Maldives,Maldives,Aisam Ibrahim,36,FALSE,FALSE
2023-10-17,Bangladesh,Maldives,Bangladesh,Foysal Ahmed Fahim,46,FALSE,FALSE
2023-10-17,Bhutan,Hong Kong,Bhutan,Chencho Gyeltshen,28,FALSE,FALSE
2023-10-17,Bhutan,Hong Kong,Bhutan,Lobzang Chogyal,47,FALSE,FALSE
2023-10-17,Brunei,Indonesia,Indonesia,Hokky Caraka,6,FALSE,FALSE
2023-10-17,Brunei,Indonesia,Indonesia,Egy Maulana Vikri,42,FALSE,FALSE
2023-10-17,Brunei,Indonesia,Indonesia,Hokky Caraka,44,FALSE,FALSE
2023-10-17,Brunei,Indonesia,Indonesia,Witan Sulaeman,47,FALSE,TRUE
2023-10-17,Brunei,Indonesia,Indonesia,Rizky Ridho,63,FALSE,FALSE
2023-10-17,Brunei,Indonesia,Indonesia,Ramadhan Sananta,82,FALSE,FALSE
2023-10-17,England,Italy,Italy,Gianluca Scamacca,15,FALSE,FALSE
2023-10-17,England,Italy,England,Harry Kane,32,FALSE,TRUE
2023-10-17,England,Italy,England,Marcus Rashford,57,FALSE,FALSE
2023-10-17,England,Italy,England,Harry Kane,77,FALSE,FALSE
2023-10-17,Finland,Kazakhstan,Finland,Robert Taylor,28,FALSE,FALSE
2023-10-17,Finland,Kazakhstan,Kazakhstan,Bakhtiyar Zaynutdinov,77,FALSE,TRUE
2023-10-17,Finland,Kazakhstan,Kazakhstan,Bakhtiyar Zaynutdinov,89,FALSE,FALSE
2023-10-17,Guam,Singapore,Singapore,Shawal Anuar,81,FALSE,FALSE
2023-10-17,Laos,Nepal,Nepal,Manish Dangi,53,FALSE,FALSE
2023-10-17,Lithuania,Hungary,Lithuania,Fedor Černych,20,FALSE,FALSE
2023-10-17,Lithuania,Hungary,Lithuania,Pijus Širvys,36,FALSE,FALSE
2023-10-17,Lithuania,Hungary,Hungary,Dominik Szoboszlai,67,FALSE,TRUE
2023-10-17,Lithuania,Hungary,Hungary,Barnabás Varga,82,FALSE,FALSE
2023-10-17,Malta,Ukraine,Malta,Paul Mbong,12,FALSE,FALSE
2023-10-17,Malta,Ukraine,Ukraine,Ryan Camenzuli,38,TRUE,FALSE
2023-10-17,Malta,Ukraine,Ukraine,Artem Dovbyk,43,FALSE,TRUE
2023-10-17,Malta,Ukraine,Ukraine,Mykhailo Mudryk,85,FALSE,FALSE
2023-10-17,Mongolia,Afghanistan,Afghanistan,Farshad Noor,72,FALSE,FALSE
2023-10-17,Northern Ireland,Slovenia,Slovenia,Adam Gnezda Čerin,5,FALSE,FALSE
2023-10-17,Pakistan,Cambodia,Pakistan,Harun Hamid,68,FALSE,FALSE
2023-10-17,Paraguay,Bolivia,Paraguay,Antonio Sanabria,69,FALSE,FALSE
2023-10-17,Peru,Argentina,Argentina,Lionel Messi,32,FALSE,FALSE
2023-10-17,Peru,Argentina,Argentina,Lionel Messi,42,FALSE,FALSE
2023-10-17,San Marino,Denmark,Denmark,Rasmus Højlund,42,FALSE,FALSE
2023-10-17,San Marino,Denmark,San Marino,Alessandro Golinucci,61,FALSE,FALSE
2023-10-17,San Marino,Denmark,Denmark,Yussuf Poulsen,70,FALSE,FALSE
2023-10-17,Serbia,Montenegro,Serbia,Aleksandar Mitrović,9,FALSE,FALSE
2023-10-17,Serbia,Montenegro,Montenegro,Stevan Jovetić,36,FALSE,FALSE
2023-10-17,Serbia,Montenegro,Serbia,Aleksandar Mitrović,74,FALSE,FALSE
2023-10-17,Serbia,Montenegro,Serbia,Dušan Tadić,77,FALSE,FALSE
2023-10-17,Sri Lanka,Yemen,Yemen,Abdulwasea Al-Matari,4,FALSE,FALSE
2023-10-17,Sri Lanka,Yemen,Sri Lanka,Charitha Rathnayake,89,FALSE,FALSE
2023-10-17,Taiwan,Timor-Leste,Taiwan,Yu Chia-huang,18,FALSE,FALSE
2023-10-17,Taiwan,Timor-Leste,Taiwan,Wu Yen-shu,21,FALSE,FALSE
2023-10-17,Taiwan,Timor-Leste,Taiwan,Ange Kouamé,24,FALSE,FALSE
2023-10-17,Uruguay,Brazil,Uruguay,Darwin Núñez,42,FALSE,FALSE
2023-10-17,Uruguay,Brazil,Uruguay,Nicolás de la Cruz,77,FALSE,FALSE
2023-10-17,Venezuela,Chile,Venezuela,Yeferson Soteldo,45,FALSE,FALSE
2023-10-17,Venezuela,Chile,Venezuela,Salomón Rondón,72,FALSE,FALSE
2023-10-17,Venezuela,Chile,Venezuela,Darwin Machís,79,FALSE,FALSE
2023-11-12,Kosovo,Israel,Kosovo,Milot Rashica,41,FALSE,FALSE
2023-11-15,DR Congo,Mauritania,DR Congo,Yoane Wissa,62,FALSE,FALSE
2023-11-15,DR Congo,Mauritania,DR Congo,Théo Bongonda,81,FALSE,FALSE
2023-11-15,Israel,Switzerland,Switzerland,Ruben Vargas,36,FALSE,FALSE
2023-11-15,Israel,Switzerland,Israel,Shon Weissman,88,FALSE,FALSE
2023-11-16,Algeria,Somalia,Algeria,Ahmed Abdullahi Abdi,2,TRUE,FALSE
2023-11-16,Algeria,Somalia,Algeria,Baghdad Bounedjah,31,FALSE,FALSE
2023-11-16,Algeria,Somalia,Somalia,Yusuf Ahmed,65,FALSE,FALSE
2023-11-16,Algeria,Somalia,Algeria,Islam Slimani,80,FALSE,FALSE
2023-11-16,Argentina,Uruguay,Uruguay,Ronald Araújo,41,FALSE,FALSE
2023-11-16,Argentina,Uruguay,Uruguay,Darwin Núñez,87,FALSE,FALSE
2023-11-16,Australia,Bangladesh,Australia,Harry Souttar,4,FALSE,FALSE
2023-11-16,Australia,Bangladesh,Australia,Brandon Borrello,20,FALSE,FALSE
2023-11-16,Australia,Bangladesh,Australia,Mitchell Duke,37,FALSE,FALSE
2023-11-16,Australia,Bangladesh,Australia,Mitchell Duke,40,FALSE,FALSE
2023-11-16,Australia,Bangladesh,Australia,Jamie Maclaren,48,FALSE,FALSE
2023-11-16,Australia,Bangladesh,Australia,Jamie Maclaren,70,FALSE,FALSE
2023-11-16,Australia,Bangladesh,Australia,Jamie Maclaren,84,FALSE,FALSE
2023-11-16,Azerbaijan,Sweden,Azerbaijan,Emin Mahmudov,3,FALSE,FALSE
2023-11-16,Azerbaijan,Sweden,Azerbaijan,Renat Dadashov,6,FALSE,FALSE
2023-11-16,Azerbaijan,Sweden,Azerbaijan,Emin Mahmudov,89,FALSE,FALSE
2023-11-16,Bolivia,Peru,Bolivia,Henry Vaca,20,FALSE,FALSE
2023-11-16,Bolivia,Peru,Bolivia,Ramiro Vaca,87,FALSE,FALSE
2023-11-16,Botswana,Mozambique,Mozambique,Clésio,14,FALSE,FALSE
2023-11-16,Botswana,Mozambique,Mozambique,Stanley Ratifo,52,FALSE,FALSE
2023-11-16,Botswana,Mozambique,Botswana,Molaodi Tlhalefang,74,FALSE,FALSE
2023-11-16,Botswana,Mozambique,Mozambique,Jonathan Muiomo,75,FALSE,FALSE
2023-11-16,Botswana,Mozambique,Botswana,Mogakolodi Ngele,85,FALSE,FALSE
2023-11-16,Bulgaria,Hungary,Hungary,Martin Ádám,10,FALSE,FALSE
2023-11-16,Bulgaria,Hungary,Bulgaria,Spas Delev,24,FALSE,FALSE
2023-11-16,Bulgaria,Hungary,Bulgaria,Kiril Despodov,78,FALSE,TRUE
2023-11-16,Bulgaria,Hungary,Hungary,Aleks Petkov,90,TRUE,FALSE
2023-11-16,Burundi,Gambia,Burundi,Abedi Bigirimana,31,FALSE,FALSE
2023-11-16,Burundi,Gambia,Burundi,Frédéric Nsabiyumva,35,FALSE,FALSE
2023-11-16,Burundi,Gambia,Gambia,Musa Barrow,45,FALSE,FALSE
2023-11-16,Burundi,Gambia,Burundi,Sudi Abdallah,75,FALSE,FALSE
2023-11-16,Burundi,Gambia,Gambia,Ebrima Colley,90,FALSE,TRUE
2023-11-16,Colombia,Brazil,Brazil,Gabriel Martinelli,4,FALSE,FALSE
2023-11-16,Colombia,Brazil,Colombia,Luis Díaz,75,FALSE,FALSE
2023-11-16,Colombia,Brazil,Colombia,Luis Díaz,79,FALSE,FALSE
2023-11-16,Cyprus,Spain,Spain,Lamine Yamal,5,FALSE,FALSE
2023-11-16,Cyprus,Spain,Spain,Mikel Oyarzabal,22,FALSE,FALSE
2023-11-16,Cyprus,Spain,Spain,Joselu,28,FALSE,FALSE
2023-11-16,Cyprus,Spain,Cyprus,Kostas Pileas,75,FALSE,FALSE
2023-11-16,Egypt,Djibouti,Egypt,Mohamed Salah,17,FALSE,FALSE
2023-11-16,Egypt,Djibouti,Egypt,Mohamed Salah,22,FALSE,TRUE
2023-11-16,Egypt,Djibouti,Egypt,Mohamed Salah,48,FALSE,FALSE
2023-11-16,Egypt,Djibouti,Egypt,Mohamed Salah,69,FALSE,FALSE
2023-11-16,Egypt,Djibouti,Egypt,Mostafa Mohamed,73,FALSE,FALSE
2023-11-16,Egypt,Djibouti,Egypt,Trézéguet,89,FALSE,FALSE
2023-11-16,Estonia,Austria,Austria,Konrad Laimer,25,FALSE,FALSE
2023-11-16,Estonia,Austria,Austria,Philipp Lienhart,39,FALSE,FALSE
2023-11-16,Gabon,Kenya,Kenya,Masoud Juma,40,FALSE,FALSE
2023-11-16,Gabon,Kenya,Gabon,Denis Bouanga,60,FALSE,FALSE
2023-11-16,Gabon,Kenya,Gabon,Guélor Kanga,88,FALSE,FALSE
2023-11-16,Georgia,Scotland,Georgia,Khvicha Kvaratskhelia,15,FALSE,FALSE
2023-11-16,Georgia,Scotland,Scotland,Scott McTominay,49,FALSE,FALSE
2023-11-16,Georgia,Scotland,Georgia,Khvicha Kvaratskhelia,57,FALSE,FALSE
2023-11-16,Georgia,Scotland,Scotland,Lawrence Shankland,90,FALSE,FALSE
2023-11-16,Iran,Hong Kong,Iran,Sardar Azmoun,12,FALSE,FALSE
2023-11-16,Iran,Hong Kong,Iran,Sardar Azmoun,15,FALSE,FALSE
2023-11-16,Iran,Hong Kong,Iran,Mehdi Taremi,87,FALSE,FALSE
2023-11-16,Iran,Hong Kong,Iran,Ramin Rezaeian,90,FALSE,FALSE
2023-11-16,Iraq,Indonesia,Iraq,Bashar Resan,20,FALSE,FALSE
2023-11-16,Iraq,Indonesia,Iraq,Jordi Amat,35,TRUE,FALSE
2023-11-16,Iraq,Indonesia,Indonesia,Shayne Pattynama,45,FALSE,FALSE
2023-11-16,Iraq,Indonesia,Iraq,Osama Rashid,60,FALSE,FALSE
2023-11-16,Iraq,Indonesia,Iraq,Youssef Amyn,81,FALSE,FALSE
2023-11-16,Iraq,Indonesia,Iraq,Ali Al-Hamadi,88,FALSE,FALSE
2023-11-16,Japan,Myanmar,Japan,Ayase Ueda,11,FALSE,FALSE
2023-11-16,Japan,Myanmar,Japan,Daichi Kamada,28,FALSE,FALSE
2023-11-16,Japan,Myanmar,Japan,Ayase Ueda,45,FALSE,FALSE
2023-11-16,Japan,Myanmar,Japan,Ayase Ueda,50,FALSE,FALSE
2023-11-16,Japan,Myanmar,Japan,Ritsu Dōan,86,FALSE,FALSE
2023-11-16,Kuwait,India,India,Manvir Singh,75,FALSE,FALSE
2023-11-16,Liechtenstein,Portugal,Portugal,Cristiano Ronaldo,46,FALSE,FALSE
2023-11-16,Liechtenstein,Portugal,Portugal,João Cancelo,57,FALSE,FALSE
2023-11-16,Luxembourg,Bosnia and Herzegovina,Luxembourg,Mathias Olesen,6,FALSE,FALSE
2023-11-16,Luxembourg,Bosnia and Herzegovina,Luxembourg,Gerson Rodrigues,30,FALSE,TRUE
2023-11-16,Luxembourg,Bosnia and Herzegovina,Luxembourg,Nihad Mujakić,55,TRUE,FALSE
2023-11-16,Luxembourg,Bosnia and Herzegovina,Luxembourg,Gerson Rodrigues,90,FALSE,FALSE
2023-11-16,Luxembourg,Bosnia and Herzegovina,Bosnia and Herzegovina,Renato Gojković,90,FALSE,FALSE
2023-11-16,Malaysia,Kyrgyzstan,Malaysia,Dion Cools,7,FALSE,FALSE
2023-11-16,Malaysia,Kyrgyzstan,Kyrgyzstan,Kayrat Zhyrgalbek uulu,42,FALSE,FALSE
2023-11-16,Malaysia,Kyrgyzstan,Kyrgyzstan,Ernist Batyrkanov,44,FALSE,FALSE
2023-11-16,Malaysia,Kyrgyzstan,Kyrgyzstan,Kai Merk,57,FALSE,FALSE
2023-11-16,Malaysia,Kyrgyzstan,Malaysia,Khristiyan Brauzman,72,TRUE,FALSE
2023-11-16,Malaysia,Kyrgyzstan,Malaysia,Dion Cools,77,FALSE,FALSE
2023-11-16,Malaysia,Kyrgyzstan,Malaysia,Faisal Halim,90,FALSE,FALSE
2023-11-16,Montenegro,Lithuania,Montenegro,Edvin Kuč,3,FALSE,FALSE
2023-11-16,Montenegro,Lithuania,Montenegro,Stevan Jovetić,48,FALSE,FALSE
2023-11-16,Nigeria,Lesotho,Lesotho,Motlomelo Mkwanazi,56,FALSE,FALSE
2023-11-16,Nigeria,Lesotho,Nigeria,Semi Ajayi,67,FALSE,FALSE
2023-11-16,Oman,Taiwan,Oman,Omar Al-Malki,17,FALSE,FALSE
2023-11-16,Oman,Taiwan,Oman,Pan Wen-chieh,41,TRUE,FALSE
2023-11-16,Oman,Taiwan,Oman,Mataz Saleh,90,FALSE,FALSE
2023-11-16,Philippines,Vietnam,Vietnam,Nguyễn Văn Toàn,16,FALSE,FALSE
2023-11-16,Philippines,Vietnam,Vietnam,Nguyễn Đình Bắc,90,FALSE,FALSE
2023-11-16,Qatar,Afghanistan,Qatar,Hassan Al-Haydos,11,FALSE,FALSE
2023-11-16,Qatar,Afghanistan,Afghanistan,Amredin Sharifi,13,FALSE,FALSE
2023-11-16,Qatar,Afghanistan,Qatar,Almoez Ali,15,FALSE,FALSE
2023-11-16,Qatar,Afghanistan,Qatar,Mostafa Meshaal,18,FALSE,FALSE
2023-11-16,Qatar,Afghanistan,Qatar,Almoez Ali,26,FALSE,FALSE
2023-11-16,Qatar,Afghanistan,Qatar,Almoez Ali,33,FALSE,TRUE
2023-11-16,Qatar,Afghanistan,Qatar,Almoez Ali,45,FALSE,TRUE
2023-11-16,Qatar,Afghanistan,Qatar,Ahmed Alaaeldin,53,FALSE,TRUE
2023-11-16,Qatar,Afghanistan,Qatar,Tameem Al-Abdullah,90,FALSE,FALSE
2023-11-16,Saudi Arabia,Pakistan,Saudi Arabia,Saleh Al-Shehri,6,FALSE,FALSE
2023-11-16,Saudi Arabia,Pakistan,Saudi Arabia,Saleh Al-Shehri,48,FALSE,TRUE
2023-11-16,Saudi Arabia,Pakistan,Saudi Arabia,Abdulrahman Ghareeb,90,FALSE,FALSE
2023-11-16,Saudi Arabia,Pakistan,Saudi Arabia,Abdullah Radif,90,FALSE,FALSE
2023-11-16,Slovakia,Iceland,Iceland,Orri Óskarsson,17,FALSE,FALSE
2023-11-16,Slovakia,Iceland,Slovakia,Juraj Kucka,30,FALSE,FALSE
2023-11-16,Slovakia,Iceland,Slovakia,Ondrej Duda,36,FALSE,TRUE
2023-11-16,Slovakia,Iceland,Slovakia,Lukáš Haraslín,47,FALSE,FALSE
2023-11-16,Slovakia,Iceland,Slovakia,Lukáš Haraslín,55,FALSE,FALSE
2023-11-16,Slovakia,Iceland,Iceland,Andri Guðjohnsen,74,FALSE,FALSE
2023-11-16,South Korea,Singapore,South Korea,Cho Gue-sung,44,FALSE,FALSE
2023-11-16,South Korea,Singapore,South Korea,Hwang Hee-chan,49,FALSE,FALSE
2023-11-16,South Korea,Singapore,South Korea,Son Heung-min,63,FALSE,FALSE
2023-11-16,South Korea,Singapore,South Korea,Hwang Ui-jo,68,FALSE,TRUE
2023-11-16,South Korea,Singapore,South Korea,Lee Kang-in,85,FALSE,FALSE
2023-11-16,Sudan,Togo,Sudan,Mohamed Eisa,17,FALSE,TRUE
2023-11-16,Sudan,Togo,Togo,Kévin Denkey,43,FALSE,FALSE
2023-11-16,Syria,North Korea,Syria,Omar Al Somah,37,FALSE,TRUE
2023-11-16,Tajikistan,Jordan,Tajikistan,Shahrom Samiev,89,FALSE,FALSE
2023-11-16,Tajikistan,Jordan,Jordan,Yazan Al-Naimat,90,FALSE,FALSE
2023-11-16,Thailand,China PR,Thailand,Sarach Yooyen,23,FALSE,FALSE
2023-11-16,Thailand,China PR,China PR,Wu Lei,29,FALSE,FALSE
2023-11-16,Thailand,China PR,China PR,Wang Shangyuan,74,FALSE,FALSE
2023-11-16,Turkmenistan,Uzbekistan,Turkmenistan,Meýlis Durdyýew,44,FALSE,FALSE
2023-11-16,Turkmenistan,Uzbekistan,Uzbekistan,Otabek Shukurov,57,FALSE,FALSE
2023-11-16,Turkmenistan,Uzbekistan,Uzbekistan,Otabek Shukurov,77,FALSE,FALSE
2023-11-16,Turkmenistan,Uzbekistan,Uzbekistan,Eldor Shomurodov,90,FALSE,FALSE
2023-11-16,United Arab Emirates,Nepal,United Arab Emirates,Khalifa Al Hammadi,11,FALSE,FALSE
2023-11-16,United Arab Emirates,Nepal,United Arab Emirates,Ali Mabkhout,36,FALSE,TRUE
2023-11-16,United Arab Emirates,Nepal,United Arab Emirates,Ali Mabkhout,44,FALSE,FALSE
2023-11-16,United Arab Emirates,Nepal,United Arab Emirates,Fábio Lima,45,FALSE,FALSE
2023-11-16,Yemen,Bahrain,Bahrain,Mohamed Marhoon,38,FALSE,FALSE
2023-11-16,Yemen,Bahrain,Bahrain,Harwan Al-Zubaidi,48,TRUE,FALSE
2023-11-17,Burkina Faso,Guinea-Bissau,Guinea-Bissau,Mama Baldé,20,FALSE,FALSE
2023-11-17,Burkina Faso,Guinea-Bissau,Burkina Faso,Bertrand Traoré,61,FALSE,FALSE
2023-11-17,Cameroon,Mauritius,Cameroon,Bryan Mbeumo,45,FALSE,FALSE
2023-11-17,Cameroon,Mauritius,Cameroon,Georges-Kévin Nkoudou,87,FALSE,FALSE
2023-11-17,Cameroon,Mauritius,Cameroon,Frank Magri,90,FALSE,FALSE
2023-11-17,Comoros,Central African Republic,Central African Republic,Abdel-Hakim Abdallah,10,TRUE,FALSE
2023-11-17,Comoros,Central African Republic,Comoros,Kassim M'Dahoma,29,FALSE,FALSE
2023-11-17,Comoros,Central African Republic,Comoros,Benjaloud Youssouf,50,FALSE,FALSE
2023-11-17,Comoros,Central African Republic,Comoros,Rafiki Saïd,58,FALSE,FALSE
2023-11-17,Comoros,Central African Republic,Comoros,Myziane Maolida,67,FALSE,FALSE
2023-11-17,Comoros,Central African Republic,Central African Republic,Younn Zahary,74,TRUE,FALSE
2023-11-17,Denmark,Slovenia,Denmark,Joakim Mæhle,26,FALSE,FALSE
2023-11-17,Denmark,Slovenia,Slovenia,Erik Janža,30,FALSE,FALSE
2023-11-17,Denmark,Slovenia,Denmark,Thomas Delaney,54,FALSE,FALSE
2023-11-17,England,Malta,England,Enrico Pepe,8,TRUE,FALSE
2023-11-17,England,Malta,England,Harry Kane,75,FALSE,FALSE
2023-11-17,Eswatini,Libya,Libya,Ahmed Krawa'a,53,FALSE,FALSE
2023-11-17,Finland,Northern Ireland,Finland,Joel Pohjanpalo,42,FALSE,TRUE
2023-11-17,Finland,Northern Ireland,Finland,Daniel Håkans,48,FALSE,FALSE
2023-11-17,Finland,Northern Ireland,Finland,Teemu Pukki,74,FALSE,FALSE
2023-11-17,Finland,Northern Ireland,Finland,Robin Lod,88,FALSE,FALSE
2023-11-17,Ghana,Madagascar,Ghana,Iñaki Williams,90,FALSE,FALSE
2023-11-17,Guinea,Uganda,Guinea,Aguibou Camara,10,FALSE,FALSE
2023-11-17,Guinea,Uganda,Uganda,Fahad Bayo,30,FALSE,FALSE
2023-11-17,Guinea,Uganda,Guinea,Seydouba Cissé,90,FALSE,FALSE
2023-11-17,Italy,North Macedonia,Italy,Matteo Darmian,17,FALSE,FALSE
2023-11-17,Italy,North Macedonia,Italy,Federico Chiesa,41,FALSE,FALSE
2023-11-17,Italy,North Macedonia,Italy,Federico Chiesa,45,FALSE,FALSE
2023-11-17,Italy,North Macedonia,North Macedonia,Jani Atanasov,52,FALSE,FALSE
2023-11-17,Italy,North Macedonia,North Macedonia,Jani Atanasov,74,FALSE,FALSE
2023-11-17,Italy,North Macedonia,Italy,Giacomo Raspadori,81,FALSE,FALSE
2023-11-17,Italy,North Macedonia,Italy,Stephan El Shaarawy,90,FALSE,FALSE
2023-11-17,Ivory Coast,Seychelles,Ivory Coast,Sébastien Haller,20,FALSE,TRUE
2023-11-17,Ivory Coast,Seychelles,Ivory Coast,Ibrahim Sangaré,24,FALSE,FALSE
2023-11-17,Ivory Coast,Seychelles,Ivory Coast,Simon Adingra,36,FALSE,FALSE
2023-11-17,Ivory Coast,Seychelles,Ivory Coast,Karim Konaté,40,FALSE,TRUE
2023-11-17,Ivory Coast,Seychelles,Ivory Coast,Seko Fofana,60,FALSE,FALSE
2023-11-17,Ivory Coast,Seychelles,Ivory Coast,Hamed Traorè,77,FALSE,FALSE
2023-11-17,Ivory Coast,Seychelles,Ivory Coast,Jean-Philippe Krasso,84,FALSE,TRUE
2023-11-17,Ivory Coast,Seychelles,Ivory Coast,Karim Konaté,90,FALSE,FALSE
2023-11-17,Ivory Coast,Seychelles,Ivory Coast,Hamed Traorè,90,FALSE,FALSE
2023-11-17,Kazakhstan,San Marino,Kazakhstan,Islam Chesnokov,19,FALSE,FALSE
2023-11-17,Kazakhstan,San Marino,Kazakhstan,Islam Chesnokov,51,FALSE,FALSE
2023-11-17,Kazakhstan,San Marino,San Marino,Simone Franciosi,60,FALSE,FALSE
2023-11-17,Kazakhstan,San Marino,Kazakhstan,Abat Aymbetov,90,FALSE,TRUE
2023-11-17,Liberia,Malawi,Malawi,Chifundo Mphasi,78,FALSE,FALSE
2023-11-17,Mali,Chad,Mali,Kamory Doumbia,45,FALSE,FALSE
2023-11-17,Mali,Chad,Chad,Marius Mouandilmadji,53,FALSE,FALSE
2023-11-17,Mali,Chad,Mali,Youssoufou Niakaté,77,FALSE,FALSE
2023-11-17,Mali,Chad,Mali,Ibrahim Sissoko,81,FALSE,FALSE
2023-11-17,Moldova,Albania,Albania,Sokol Çikalleshi,25,FALSE,TRUE
2023-11-17,Moldova,Albania,Moldova,Vladislav Baboglo,87,FALSE,FALSE
2023-11-17,Poland,Czech Republic,Poland,Jakub Piotrowski,38,FALSE,FALSE
2023-11-17,Poland,Czech Republic,Czech Republic,Tomáš Souček,49,FALSE,FALSE
2023-11-17,Tunisia,São Tomé and Príncipe,Tunisia,Yassine Meriah,37,FALSE,FALSE
2023-11-17,Tunisia,São Tomé and Príncipe,Tunisia,Youssef Msakni,53,FALSE,FALSE
2023-11-17,Tunisia,São Tomé and Príncipe,Tunisia,Hamza Rafia,79,FALSE,FALSE
2023-11-17,Tunisia,São Tomé and Príncipe,Tunisia,Firas Ben Larbi,88,FALSE,FALSE
2023-11-17,Zambia,Congo,Zambia,Patson Daka,5,FALSE,FALSE
2023-11-17,Zambia,Congo,Congo,Silvère Ganvoula,13,FALSE,FALSE
2023-11-17,Zambia,Congo,Congo,Mons Bassouamina,15,FALSE,FALSE
2023-11-17,Zambia,Congo,Zambia,Lameck Banda,43,FALSE,FALSE
2023-11-17,Zambia,Congo,Zambia,Fashion Sakala,69,FALSE,FALSE
2023-11-17,Zambia,Congo,Zambia,Patson Daka,90,FALSE,FALSE
2023-11-18,Armenia,Wales,Armenia,Lucas Zelarayán,5,FALSE,FALSE
2023-11-18,Armenia,Wales,Wales,Nair Tiknizyan,45,TRUE,FALSE
2023-11-18,Belarus,Andorra,Belarus,Denis Laptev,83,FALSE,FALSE
2023-11-18,France,Gibraltar,France,Ethan Santos,3,TRUE,FALSE
2023-11-18,France,Gibraltar,France,Marcus Thuram,4,FALSE,FALSE
2023-11-18,France,Gibraltar,France,Warren Zaïre-Emery,16,FALSE,FALSE
2023-11-18,France,Gibraltar,France,Kylian Mbappé,30,FALSE,TRUE
2023-11-18,France,Gibraltar,France,Jonathan Clauss,34,FALSE,FALSE
2023-11-18,France,Gibraltar,France,Kingsley Coman,36,FALSE,FALSE
2023-11-18,France,Gibraltar,France,Youssouf Fofana,37,FALSE,FALSE
2023-11-18,France,Gibraltar,France,Adrien Rabiot,63,FALSE,FALSE
2023-11-18,France,Gibraltar,France,Kingsley Coman,65,FALSE,FALSE
2023-11-18,France,Gibraltar,France,Ousmane Dembélé,73,FALSE,FALSE
2023-11-18,France,Gibraltar,France,Kylian Mbappé,74,FALSE,FALSE
2023-11-18,France,Gibraltar,France,Kylian Mbappé,82,FALSE,FALSE
2023-11-18,France,Gibraltar,France,Olivier Giroud,89,FALSE,FALSE
2023-11-18,France,Gibraltar,France,Olivier Giroud,90,FALSE,FALSE
2023-11-18,Israel,Romania,Israel,Eran Zahavi,2,FALSE,FALSE
2023-11-18,Israel,Romania,Romania,George Pușcaș,10,FALSE,FALSE
2023-11-18,Israel,Romania,Romania,Ianis Hagi,63,FALSE,FALSE
2023-11-18,Latvia,Croatia,Croatia,Lovro Majer,7,FALSE,FALSE
2023-11-18,Latvia,Croatia,Croatia,Andrej Kramarić,16,FALSE,FALSE
2023-11-18,Netherlands,Republic of Ireland,Netherlands,Wout Weghorst,12,FALSE,FALSE
2023-11-18,Niger,Tanzania,Tanzania,Charles M'Mombwa,56,FALSE,FALSE
2023-11-18,Senegal,South Sudan,Senegal,Pape Matar Sarr,1,FALSE,FALSE
2023-11-18,Senegal,South Sudan,Senegal,Sadio Mané,5,FALSE,FALSE
2023-11-18,Senegal,South Sudan,Senegal,Lamine Camara,45,FALSE,FALSE
2023-11-18,Senegal,South Sudan,Senegal,Sadio Mané,56,FALSE,TRUE
2023-11-18,South Africa,Benin,South Africa,Percy Tau,2,FALSE,FALSE
2023-11-18,South Africa,Benin,South Africa,Khuliso Mudau,45,FALSE,FALSE
2023-11-18,South Africa,Benin,Benin,Steve Mounié,70,FALSE,FALSE
2023-11-18,Switzerland,Kosovo,Switzerland,Ruben Vargas,47,FALSE,FALSE
2023-11-18,Switzerland,Kosovo,Kosovo,Muhamet Hyseni,82,FALSE,FALSE
2023-11-19,Belgium,Azerbaijan,Belgium,Romelu Lukaku,17,FALSE,FALSE
2023-11-19,Belgium,Azerbaijan,Belgium,Romelu Lukaku,26,FALSE,FALSE
2023-11-19,Belgium,Azerbaijan,Belgium,Romelu Lukaku,30,FALSE,FALSE
2023-11-19,Belgium,Azerbaijan,Belgium,Romelu Lukaku,37,FALSE,FALSE
2023-11-19,Belgium,Azerbaijan,Belgium,Leandro Trossard,90,FALSE,FALSE
2023-11-19,Bosnia and Herzegovina,Slovakia,Bosnia and Herzegovina,Patrik Hrošovský,49,TRUE,FALSE
2023-11-19,Bosnia and Herzegovina,Slovakia,Slovakia,Róbert Boženík,52,FALSE,FALSE
2023-11-19,Bosnia and Herzegovina,Slovakia,Slovakia,Ľubomír Šatka,71,FALSE,FALSE
2023-11-19,Burundi,Gabon,Gabon,Jim Allevinah,35,FALSE,FALSE
2023-11-19,Burundi,Gabon,Gabon,Denis Bouanga,83,FALSE,FALSE
2023-11-19,Burundi,Gabon,Burundi,Abedi Bigirimana,87,FALSE,FALSE
2023-11-19,Hungary,Montenegro,Montenegro,Slobodan Rubežić,36,FALSE,FALSE
2023-11-19,Hungary,Montenegro,Hungary,Dominik Szoboszlai,66,FALSE,FALSE
2023-11-19,Hungary,Montenegro,Hungary,Dominik Szoboszlai,68,FALSE,FALSE
2023-11-19,Hungary,Montenegro,Hungary,Ádám Nagy,90,FALSE,FALSE
2023-11-19,Liechtenstein,Luxembourg,Luxembourg,Gerson Rodrigues,69,FALSE,FALSE
2023-11-19,Mozambique,Algeria,Algeria,Farès Chaïbi,69,FALSE,FALSE
2023-11-19,Mozambique,Algeria,Algeria,Ramiz Zerrouki,80,FALSE,FALSE
2023-11-19,Portugal,Iceland,Portugal,Bruno Fernandes,37,FALSE,FALSE
2023-11-19,Portugal,Iceland,Portugal,Ricardo Horta,66,FALSE,FALSE
2023-11-19,Scotland,Norway,Norway,Aron Dønnum,3,FALSE,FALSE
2023-11-19,Scotland,Norway,Scotland,John McGinn,13,FALSE,FALSE
2023-11-19,Scotland,Norway,Norway,Jørgen Strand Larsen,20,FALSE,FALSE
2023-11-19,Scotland,Norway,Scotland,Leo Skiri Østigård,33,TRUE,FALSE
2023-11-19,Scotland,Norway,Scotland,Stuart Armstrong,59,FALSE,FALSE
2023-11-19,Scotland,Norway,Norway,Mohamed Elyounoussi,86,FALSE,FALSE
2023-11-19,Serbia,Bulgaria,Serbia,Miloš Veljković,16,FALSE,FALSE
2023-11-19,Serbia,Bulgaria,Bulgaria,Georgi Rusev,59,FALSE,FALSE
2023-11-19,Serbia,Bulgaria,Bulgaria,Kiril Despodov,69,FALSE,FALSE
2023-11-19,Serbia,Bulgaria,Serbia,Srđan Babić,82,FALSE,FALSE
2023-11-19,Sierra Leone,Egypt,Egypt,Trézéguet,18,FALSE,FALSE
2023-11-19,Sierra Leone,Egypt,Egypt,Trézéguet,62,FALSE,FALSE
2023-11-19,Spain,Georgia,Spain,Robin Le Normand,4,FALSE,FALSE
2023-11-19,Spain,Georgia,Georgia,Khvicha Kvaratskhelia,10,FALSE,FALSE
2023-11-19,Spain,Georgia,Spain,Ferran Torres,55,FALSE,FALSE
2023-11-19,Spain,Georgia,Spain,Luka Lochoshvili,72,TRUE,FALSE
2023-11-19,Sudan,DR Congo,Sudan,Charles Pickel,79,TRUE,FALSE
2023-11-19,Sweden,Estonia,Sweden,Viktor Claesson,22,FALSE,FALSE
2023-11-19,Sweden,Estonia,Sweden,Emil Forsberg,55,FALSE,FALSE
2023-11-19,Zimbabwe,Nigeria,Zimbabwe,Walter Musona,26,FALSE,FALSE
2023-11-19,Zimbabwe,Nigeria,Nigeria,Kelechi Iheanacho,67,FALSE,FALSE
2023-11-20,Chad,Madagascar,Madagascar,Njiva Rakotoharimalala,10,FALSE,FALSE
2023-11-20,Chad,Madagascar,Madagascar,Njiva Rakotoharimalala,84,FALSE,FALSE
2023-11-20,Chad,Madagascar,Madagascar,Loïc Lapoussin,90,FALSE,FALSE
2023-11-20,Czech Republic,Moldova,Czech Republic,David Douděra,14,FALSE,FALSE
2023-11-20,Czech Republic,Moldova,Czech Republic,Tomáš Chorý,72,FALSE,FALSE
2023-11-20,Czech Republic,Moldova,Czech Republic,Tomáš Souček,90,FALSE,FALSE
2023-11-20,Djibouti,Guinea-Bissau,Guinea-Bissau,Mauro Rodrigues,39,FALSE,FALSE
2023-11-20,Gambia,Ivory Coast,Ivory Coast,Christian Kouamé,45,FALSE,FALSE
2023-11-20,Gambia,Ivory Coast,Ivory Coast,Seko Fofana,85,FALSE,FALSE
2023-11-20,Mali,Central African Republic,Mali,Kamory Doumbia,76,FALSE,FALSE
2023-11-20,Mali,Central African Republic,Central African Republic,Geoffrey Kondogbia,79,FALSE,FALSE
2023-11-20,North Macedonia,England,North Macedonia,Enis Bardhi,41,FALSE,FALSE
2023-11-20,North Macedonia,England,England,Jani Atanasov,59,TRUE,FALSE
2023-11-20,Northern Ireland,Denmark,Northern Ireland,Isaac Price,60,FALSE,FALSE
2023-11-20,Northern Ireland,Denmark,Northern Ireland,Dion Charles,81,FALSE,FALSE
2023-11-20,San Marino,Finland,Finland,Pyry Soiri,50,FALSE,FALSE
2023-11-20,San Marino,Finland,Finland,Pyry Soiri,58,FALSE,FALSE
2023-11-20,San Marino,Finland,San Marino,Filippo Berardi,90,FALSE,TRUE
2023-11-20,Seychelles,Kenya,Kenya,Michael Olunga,3,FALSE,FALSE
2023-11-20,Seychelles,Kenya,Kenya,Michael Olunga,6,FALSE,FALSE
2023-11-20,Seychelles,Kenya,Kenya,Masoud Juma,45,FALSE,FALSE
2023-11-20,Seychelles,Kenya,Kenya,Rooney Onyango,62,FALSE,FALSE
2023-11-20,Seychelles,Kenya,Kenya,Benson Omala,73,FALSE,FALSE
2023-11-20,Slovenia,Kazakhstan,Slovenia,Benjamin Šeško,41,FALSE,TRUE
2023-11-20,Slovenia,Kazakhstan,Kazakhstan,Ramazan Orazov,48,FALSE,FALSE
2023-11-20,Slovenia,Kazakhstan,Slovenia,Benjamin Verbič,86,FALSE,FALSE
2023-11-21,Afghanistan,Kuwait,Kuwait,Shabaib Al-Khaldi,18,FALSE,TRUE
2023-11-21,Afghanistan,Kuwait,Kuwait,Mohammad Daham,69,FALSE,FALSE
2023-11-21,Afghanistan,Kuwait,Kuwait,Shabaib Al-Khaldi,80,FALSE,FALSE
2023-11-21,Afghanistan,Kuwait,Kuwait,Athbi Saleh,82,FALSE,FALSE
2023-11-21,Andorra,Israel,Israel,Joan Cervós,29,TRUE,FALSE
2023-11-21,Andorra,Israel,Israel,Gadi Kinda,81,FALSE,FALSE
2023-11-21,Bahrain,United Arab Emirates,United Arab Emirates,Abdullah Ramadan,36,FALSE,FALSE
2023-11-21,Bahrain,United Arab Emirates,United Arab Emirates,Ali Mabkhout,90,FALSE,TRUE
2023-11-21,Bangladesh,Lebanon,Lebanon,Majed Osman,67,FALSE,FALSE
2023-11-21,Bangladesh,Lebanon,Bangladesh,Shekh Morsalin,72,FALSE,FALSE
2023-11-21,Botswana,Guinea,Botswana,Kabelo Seakanyeng,79,FALSE,FALSE
2023-11-21,Brazil,Argentina,Argentina,Nicolás Otamendi,63,FALSE,FALSE
2023-11-21,China PR,South Korea,South Korea,Son Heung-min,11,FALSE,TRUE
2023-11-21,China PR,South Korea,South Korea,Son Heung-min,45,FALSE,FALSE
2023-11-21,China PR,South Korea,South Korea,Jung Seung-hyun,87,FALSE,FALSE
2023-11-21,Comoros,Ghana,Comoros,Myziane Maolida,43,FALSE,FALSE
2023-11-21,Croatia,Armenia,Croatia,Ante Budimir,43,FALSE,FALSE
2023-11-21,Ecuador,Chile,Ecuador,Ángel Mena,21,FALSE,FALSE
2023-11-21,Eswatini,Cape Verde,Cape Verde,Ryan Mendes,17,FALSE,FALSE
2023-11-21,Eswatini,Cape Verde,Cape Verde,Jamiro Monteiro,38,FALSE,FALSE
2023-11-21,Ethiopia,Burkina Faso,Burkina Faso,Blati Touré,69,FALSE,FALSE
2023-11-21,Ethiopia,Burkina Faso,Burkina Faso,Bertrand Traoré,78,FALSE,TRUE
2023-11-21,Ethiopia,Burkina Faso,Burkina Faso,Dango Ouattara,90,FALSE,FALSE
2023-11-21,Gibraltar,Netherlands,Netherlands,Calvin Stengs,10,FALSE,FALSE
2023-11-21,Gibraltar,Netherlands,Netherlands,Mats Wieffer,23,FALSE,FALSE
2023-11-21,Gibraltar,Netherlands,Netherlands,Teun Koopmeiners,38,FALSE,FALSE
2023-11-21,Gibraltar,Netherlands,Netherlands,Calvin Stengs,50,FALSE,FALSE
2023-11-21,Gibraltar,Netherlands,Netherlands,Calvin Stengs,62,FALSE,FALSE
2023-11-21,Gibraltar,Netherlands,Netherlands,Cody Gakpo,81,FALSE,FALSE
2023-11-21,Greece,France,France,Randal Kolo Muani,42,FALSE,FALSE
2023-11-21,Greece,France,Greece,Tasos Bakasetas,56,FALSE,FALSE
2023-11-21,Greece,France,Greece,Fotis Ioannidis,61,FALSE,FALSE
2023-11-21,Greece,France,France,Youssouf Fofana,74,FALSE,FALSE
2023-11-21,Hong Kong,Turkmenistan,Turkmenistan,Ruslan Mingazow,4,FALSE,FALSE
2023-11-21,Hong Kong,Turkmenistan,Hong Kong,Wong Wai,12,FALSE,FALSE
2023-11-21,Hong Kong,Turkmenistan,Turkmenistan,Ruslan Mingazow,36,FALSE,FALSE
2023-11-21,Hong Kong,Turkmenistan,Hong Kong,Everton Camargo,65,FALSE,FALSE
2023-11-21,India,Qatar,Qatar,Mostafa Meshaal,4,FALSE,FALSE
2023-11-21,India,Qatar,Qatar,Almoez Ali,47,FALSE,FALSE
2023-11-21,India,Qatar,Qatar,Yusuf Abdurisag,86,FALSE,FALSE
2023-11-21,Jordan,Saudi Arabia,Saudi Arabia,Saleh Al-Shehri,8,FALSE,FALSE
2023-11-21,Jordan,Saudi Arabia,Saudi Arabia,Saleh Al-Shehri,30,FALSE,FALSE
2023-11-21,Kosovo,Belarus,Belarus,Dmitry Antilevsky,43,FALSE,FALSE
2023-11-21,Kyrgyzstan,Oman,Kyrgyzstan,Odilzhon Abdurakhmanov,49,FALSE,FALSE
2023-11-21,Libya,Cameroon,Cameroon,Olivier Ntcham,34,FALSE,TRUE
2023-11-21,Libya,Cameroon,Libya,Abdulmunem Aleiyan,43,FALSE,FALSE
2023-11-21,Malawi,Tunisia,Tunisia,Youssef Msakni,87,FALSE,TRUE
2023-11-21,Myanmar,North Korea,North Korea,Jong Il-gwan,30,FALSE,FALSE
2023-11-21,Myanmar,North Korea,North Korea,Choe Ju-song,34,FALSE,TRUE
2023-11-21,Myanmar,North Korea,North Korea,Han Kwang-song,38,FALSE,FALSE
2023-11-21,Myanmar,North Korea,North Korea,Jong Il-gwan,54,FALSE,FALSE
2023-11-21,Myanmar,North Korea,North Korea,Jong Il-gwan,56,FALSE,FALSE
2023-11-21,Myanmar,North Korea,North Korea,Ri Hyong-jin,70,FALSE,FALSE
2023-11-21,Myanmar,North Korea,Myanmar,Win Naing Tun,77,FALSE,FALSE
2023-11-21,Nepal,Yemen,Yemen,Omar Al-Dahi,72,FALSE,FALSE
2023-11-21,Nepal,Yemen,Yemen,Mohammed Al-Dahi,90,FALSE,FALSE
2023-11-21,Niger,Zambia,Niger,Amadou Moutari,6,FALSE,FALSE
2023-11-21,Niger,Zambia,Niger,Boubacar Goumey,28,FALSE,FALSE
2023-11-21,Niger,Zambia,Zambia,Patson Daka,50,FALSE,FALSE
2023-11-21,Pakistan,Tajikistan,Tajikistan,Amadoni Kamolov,9,FALSE,FALSE
2023-11-21,Pakistan,Tajikistan,Tajikistan,Rustam Soirov,13,FALSE,FALSE
2023-11-21,Pakistan,Tajikistan,Pakistan,Rahis Nabi,21,FALSE,FALSE
2023-11-21,Pakistan,Tajikistan,Tajikistan,Parvizdzhon Umarbayev,26,FALSE,FALSE
2023-11-21,Pakistan,Tajikistan,Tajikistan,Ehson Panjshanbe,45,FALSE,FALSE
2023-11-21,Pakistan,Tajikistan,Tajikistan,Amadoni Kamolov,66,FALSE,FALSE
2023-11-21,Pakistan,Tajikistan,Tajikistan,Shahrom Samiev,90,FALSE,FALSE
2023-11-21,Palestine,Australia,Australia,Harry Souttar,18,FALSE,FALSE
2023-11-21,Paraguay,Colombia,Colombia,Rafael Santos Borré,11,FALSE,TRUE
2023-11-21,Peru,Venezuela,Peru,Yoshimar Yotún,17,FALSE,FALSE
2023-11-21,Peru,Venezuela,Venezuela,Jefferson Savarino,54,FALSE,FALSE
2023-11-21,Philippines,Indonesia,Philippines,Patrick Reichelt,23,FALSE,FALSE
2023-11-21,Philippines,Indonesia,Indonesia,Saddil Ramdani,70,FALSE,FALSE
2023-11-21,Romania,Switzerland,Romania,Denis Alibec,50,FALSE,FALSE
2023-11-21,Rwanda,South Africa,Rwanda,Innocent Nshuti,12,FALSE,FALSE
2023-11-21,Rwanda,South Africa,Rwanda,Gilbert Mugisha,28,FALSE,FALSE
2023-11-21,Singapore,Thailand,Thailand,Supachok Sarachat,5,FALSE,FALSE
2023-11-21,Singapore,Thailand,Singapore,Shawal Anuar,41,FALSE,FALSE
2023-11-21,Singapore,Thailand,Thailand,Suphanat Mueanta,66,FALSE,FALSE
2023-11-21,Singapore,Thailand,Thailand,Suphanat Mueanta,87,FALSE,FALSE
2023-11-21,Somalia,Uganda,Uganda,Rogers Mato,4,FALSE,FALSE
2023-11-21,Syria,Japan,Japan,Takefusa Kubo,32,FALSE,FALSE
2023-11-21,Syria,Japan,Japan,Ayase Ueda,37,FALSE,FALSE
2023-11-21,Syria,Japan,Japan,Ayase Ueda,40,FALSE,FALSE
2023-11-21,Syria,Japan,Japan,Yukinari Sugawara,47,FALSE,FALSE
2023-11-21,Syria,Japan,Japan,Mao Hosoya,82,FALSE,FALSE
2023-11-21,São Tomé and Príncipe,Namibia,Namibia,Prins Tjiueza,9,FALSE,FALSE
2023-11-21,São Tomé and Príncipe,Namibia,Namibia,Pedro Mateus,75,TRUE,FALSE
2023-11-21,Taiwan,Malaysia,Malaysia,Darren Lok,72,FALSE,FALSE
2023-11-21,Tanzania,Morocco,Morocco,Hakim Ziyech,28,FALSE,FALSE
2023-11-21,Tanzania,Morocco,Morocco,Bakari Mwamnyeto,54,TRUE,FALSE
2023-11-21,Uruguay,Bolivia,Uruguay,Darwin Núñez,15,FALSE,FALSE
2023-11-21,Uruguay,Bolivia,Uruguay,Gabriel Villamíl,39,TRUE,FALSE
2023-11-21,Uruguay,Bolivia,Uruguay,Darwin Núñez,71,FALSE,FALSE
2023-11-21,Uzbekistan,Iran,Iran,Ramin Rezaeian,14,FALSE,FALSE
2023-11-21,Uzbekistan,Iran,Iran,Mehdi Taremi,38,FALSE,FALSE
2023-11-21,Uzbekistan,Iran,Uzbekistan,Oston Urunov,52,FALSE,FALSE
2023-11-21,Uzbekistan,Iran,Uzbekistan,Igor Sergeev,83,FALSE,FALSE
2023-11-21,Vietnam,Iraq,Iraq,Mohanad Ali,90,FALSE,FALSE
2023-11-21,Wales,Turkey,Wales,Neco Williams,7,FALSE,FALSE
2023-11-21,Wales,Turkey,Turkey,Yusuf Yazıcı,70,FALSE,TRUE
2024-01-12,Qatar,Lebanon,Qatar,Akram Afif,45,FALSE,FALSE
2024-01-12,Qatar,Lebanon,Qatar,Almoez Ali,56,FALSE,FALSE
2024-01-12,Qatar,Lebanon,Qatar,Akram Afif,90,FALSE,FALSE
2024-01-13,Australia,India,Australia,Jackson Irvine,50,FALSE,FALSE
2024-01-13,Australia,India,Australia,Jordan Bos,73,FALSE,FALSE
2024-01-13,Ivory Coast,Guinea-Bissau,Ivory Coast,Seko Fofana,4,FALSE,FALSE
2024-01-13,Ivory Coast,Guinea-Bissau,Ivory Coast,Jean-Philippe Krasso,58,FALSE,FALSE
2024-01-14,Egypt,Mozambique,Egypt,Mostafa Mohamed,2,FALSE,FALSE
2024-01-14,Egypt,Mozambique,Mozambique,Witi,55,FALSE,FALSE
2024-01-14,Egypt,Mozambique,Mozambique,Clésio,58,FALSE,FALSE
2024-01-14,Egypt,Mozambique,Egypt,Mohamed Salah,90,FALSE,TRUE
2024-01-14,Ghana,Cape Verde,Cape Verde,Jamiro Monteiro,17,FALSE,FALSE
2024-01-14,Ghana,Cape Verde,Ghana,Alexander Djiku,56,FALSE,FALSE
2024-01-14,Ghana,Cape Verde,Cape Verde,Garry Rodrigues,90,FALSE,FALSE
2024-01-14,Iran,Palestine,Iran,Karim Ansarifard,2,FALSE,FALSE
2024-01-14,Iran,Palestine,Iran,Shojae Khalilzadeh,12,FALSE,FALSE
2024-01-14,Iran,Palestine,Iran,Mehdi Ghayedi,38,FALSE,FALSE
2024-01-14,Iran,Palestine,Palestine,Tamer Seyam,45,FALSE,FALSE
2024-01-14,Iran,Palestine,Iran,Sardar Azmoun,55,FALSE,FALSE
2024-01-14,Japan,Vietnam,Japan,Takumi Minamino,11,FALSE,FALSE
2024-01-14,Japan,Vietnam,Vietnam,Nguyễn Đình Bắc,16,FALSE,FALSE
2024-01-14,Japan,Vietnam,Vietnam,Phạm Tuấn Hải,33,FALSE,FALSE
2024-01-14,Japan,Vietnam,Japan,Takumi Minamino,45,FALSE,FALSE
2024-01-14,Japan,Vietnam,Japan,Keito Nakamura,45,FALSE,FALSE
2024-01-14,Japan,Vietnam,Japan,Ayase Ueda,85,FALSE,FALSE
2024-01-14,Nigeria,Equatorial Guinea,Equatorial Guinea,Iban Salvador,36,FALSE,FALSE
2024-01-14,Nigeria,Equatorial Guinea,Nigeria,Victor Osimhen,38,FALSE,FALSE
2024-01-14,United Arab Emirates,Hong Kong,United Arab Emirates,Sultan Adil,34,FALSE,TRUE
2024-01-14,United Arab Emirates,Hong Kong,Hong Kong,Chan Siu Kwan,49,FALSE,FALSE
2024-01-14,United Arab Emirates,Hong Kong,United Arab Emirates,Zayed Sultan,52,FALSE,FALSE
2024-01-14,United Arab Emirates,Hong Kong,United Arab Emirates,Yahya Al-Ghassani,90,FALSE,TRUE
2024-01-15,Algeria,Angola,Algeria,Baghdad Bounedjah,18,FALSE,FALSE
2024-01-15,Algeria,Angola,Angola,Mabululu,68,FALSE,TRUE
2024-01-15,Cameroon,Guinea,Guinea,Mohamed Bayo,10,FALSE,FALSE
2024-01-15,Cameroon,Guinea,Cameroon,Frank Magri,51,FALSE,FALSE
2024-01-15,Indonesia,Iraq,Iraq,Mohanad Ali,17,FALSE,FALSE
2024-01-15,Indonesia,Iraq,Indonesia,Marselino Ferdinan,37,FALSE,FALSE
2024-01-15,Indonesia,Iraq,Iraq,Osama Rashid,45,FALSE,FALSE
2024-01-15,Indonesia,Iraq,Iraq,Aymen Hussein,75,FALSE,FALSE
2024-01-15,Malaysia,Jordan,Jordan,Mahmoud Al-Mardi,12,FALSE,FALSE
2024-01-15,Malaysia,Jordan,Jordan,Musa Al-Taamari,18,FALSE,TRUE
2024-01-15,Malaysia,Jordan,Jordan,Mahmoud Al-Mardi,32,FALSE,FALSE
2024-01-15,Malaysia,Jordan,Jordan,Musa Al-Taamari,85,FALSE,FALSE
2024-01-15,Senegal,Gambia,Senegal,Pape Gueye,4,FALSE,FALSE
2024-01-15,Senegal,Gambia,Senegal,Lamine Camara,52,FALSE,FALSE
2024-01-15,Senegal,Gambia,Senegal,Lamine Camara,86,FALSE,FALSE
2024-01-15,South Korea,Bahrain,South Korea,Hwang In-beom,38,FALSE,FALSE
2024-01-15,South Korea,Bahrain,Bahrain,Abdullah Al-Hashash,51,FALSE,FALSE
2024-01-15,South Korea,Bahrain,South Korea,Lee Kang-in,56,FALSE,FALSE
2024-01-15,South Korea,Bahrain,South Korea,Lee Kang-in,68,FALSE,FALSE
2024-01-16,Burkina Faso,Mauritania,Burkina Faso,Bertrand Traoré,90,FALSE,TRUE
2024-01-16,Mali,South Africa,Mali,Hamari Traoré,60,FALSE,FALSE
2024-01-16,Mali,South Africa,Mali,Lassine Sinayoko,66,FALSE,FALSE
2024-01-16,Saudi Arabia,Oman,Oman,Salaah Al-Yahyaei,14,FALSE,TRUE
2024-01-16,Saudi Arabia,Oman,Saudi Arabia,Abdulrahman Ghareeb,78,FALSE,FALSE
2024-01-16,Saudi Arabia,Oman,Saudi Arabia,Ali Al-Bulaihi,90,FALSE,FALSE
2024-01-16,Thailand,Kyrgyzstan,Thailand,Supachai Chaided,26,FALSE,FALSE
2024-01-16,Thailand,Kyrgyzstan,Thailand,Supachai Chaided,48,FALSE,FALSE
2024-01-16,Tunisia,Namibia,Namibia,Deon Hotto,88,FALSE,FALSE
2024-01-17,DR Congo,Zambia,Zambia,Kings Kangwa,23,FALSE,FALSE
2024-01-17,DR Congo,Zambia,DR Congo,Yoane Wissa,27,FALSE,FALSE
2024-01-17,Morocco,Tanzania,Morocco,Romain Saïss,30,FALSE,FALSE
2024-01-17,Morocco,Tanzania,Morocco,Azzedine Ounahi,77,FALSE,FALSE
2024-01-17,Morocco,Tanzania,Morocco,Youssef En-Nesyri,80,FALSE,FALSE
2024-01-17,Qatar,Tajikistan,Qatar,Akram Afif,17,FALSE,FALSE
2024-01-18,Egypt,Ghana,Ghana,Mohammed Kudus,45,FALSE,FALSE
2024-01-18,Egypt,Ghana,Egypt,Omar Marmoush,69,FALSE,FALSE
2024-01-18,Egypt,Ghana,Ghana,Mohammed Kudus,71,FALSE,FALSE
2024-01-18,Egypt,Ghana,Egypt,Mostafa Mohamed,74,FALSE,FALSE
2024-01-18,Equatorial Guinea,Guinea-Bissau,Equatorial Guinea,Emilio Nsue,21,FALSE,FALSE
2024-01-18,Equatorial Guinea,Guinea-Bissau,Guinea-Bissau,Esteban Obiang,37,TRUE,FALSE
2024-01-18,Equatorial Guinea,Guinea-Bissau,Equatorial Guinea,Josete Miranda,46,FALSE,FALSE
2024-01-18,Equatorial Guinea,Guinea-Bissau,Equatorial Guinea,Emilio Nsue,51,FALSE,FALSE
2024-01-18,Equatorial Guinea,Guinea-Bissau,Equatorial Guinea,Emilio Nsue,61,FALSE,FALSE
2024-01-18,Equatorial Guinea,Guinea-Bissau,Guinea-Bissau,Zé Turbo,90,FALSE,FALSE
2024-01-18,India,Uzbekistan,Uzbekistan,Abbosbek Fayzullaev,4,FALSE,FALSE
2024-01-18,India,Uzbekistan,Uzbekistan,Igor Sergeev,18,FALSE,FALSE
2024-01-18,India,Uzbekistan,Uzbekistan,Sherzod Nasrullaev,45,FALSE,FALSE
2024-01-18,Ivory Coast,Nigeria,Nigeria,William Troost-Ekong,55,FALSE,TRUE
2024-01-18,Palestine,United Arab Emirates,United Arab Emirates,Sultan Adil,23,FALSE,FALSE
2024-01-18,Palestine,United Arab Emirates,Palestine,Bader Nasser,50,TRUE,FALSE
2024-01-18,Syria,Australia,Australia,Jackson Irvine,59,FALSE,FALSE
2024-01-19,Cape Verde,Mozambique,Cape Verde,Bebé,32,FALSE,FALSE
2024-01-19,Cape Verde,Mozambique,Cape Verde,Ryan Mendes,51,FALSE,FALSE
2024-01-19,Cape Verde,Mozambique,Cape Verde,Kevin Pina,69,FALSE,FALSE
2024-01-19,Guinea,Gambia,Guinea,Aguibou Camara,69,FALSE,FALSE
2024-01-19,Hong Kong,Iran,Iran,Mehdi Ghayedi,24,FALSE,FALSE
2024-01-19,Iraq,Japan,Iraq,Aymen Hussein,5,FALSE,FALSE
2024-01-19,Iraq,Japan,Iraq,Aymen Hussein,45,FALSE,FALSE
2024-01-19,Iraq,Japan,Japan,Wataru Endō,90,FALSE,FALSE
2024-01-19,Senegal,Cameroon,Senegal,Ismaïla Sarr,16,FALSE,FALSE
2024-01-19,Senegal,Cameroon,Senegal,Habib Diallo,71,FALSE,FALSE
2024-01-19,Senegal,Cameroon,Cameroon,Jean-Charles Castelletto,83,FALSE,FALSE
2024-01-19,Senegal,Cameroon,Senegal,Sadio Mané,90,FALSE,FALSE
2024-01-19,Vietnam,Indonesia,Indonesia,Asnawi Mangkualam,42,FALSE,TRUE
2024-01-20,Algeria,Burkina Faso,Burkina Faso,Mohamed Konaté,45,FALSE,FALSE
2024-01-20,Algeria,Burkina Faso,Algeria,Baghdad Bounedjah,51,FALSE,FALSE
2024-01-20,Algeria,Burkina Faso,Burkina Faso,Bertrand Traoré,71,FALSE,TRUE
2024-01-20,Algeria,Burkina Faso,Algeria,Baghdad Bounedjah,90,FALSE,FALSE
2024-01-20,Bahrain,Malaysia,Bahrain,Ali Madan,90,FALSE,FALSE
2024-01-20,Jordan,South Korea,South Korea,Son Heung-min,9,FALSE,TRUE
2024-01-20,Jordan,South Korea,Jordan,Park Yong-woo,37,TRUE,FALSE
2024-01-20,Jordan,South Korea,Jordan,Yazan Al-Naimat,45,FALSE,FALSE
2024-01-20,Jordan,South Korea,South Korea,Yazan Al-Arab,90,TRUE,FALSE
2024-01-20,Mauritania,Angola,Angola,Gelson Dala,30,FALSE,FALSE
2024-01-20,Mauritania,Angola,Mauritania,Sidi Bouna Amar,43,FALSE,FALSE
2024-01-20,Mauritania,Angola,Angola,Gelson Dala,50,FALSE,FALSE
2024-01-20,Mauritania,Angola,Angola,Gilberto,53,FALSE,FALSE
2024-01-20,Mauritania,Angola,Mauritania,Aboubakary Koita,58,FALSE,FALSE
2024-01-20,Tunisia,Mali,Mali,Lassine Sinayoko,10,FALSE,FALSE
2024-01-20,Tunisia,Mali,Tunisia,Hamza Rafia,20,FALSE,FALSE
2024-01-21,Kyrgyzstan,Saudi Arabia,Saudi Arabia,Mohamed Kanno,35,FALSE,FALSE
2024-01-21,Kyrgyzstan,Saudi Arabia,Saudi Arabia,Faisal Al-Ghamdi,84,FALSE,FALSE
2024-01-21,Morocco,DR Congo,Morocco,Achraf Hakimi,6,FALSE,FALSE
2024-01-21,Morocco,DR Congo,DR Congo,Silas Katompa Mvumpa,76,FALSE,FALSE
2024-01-21,South Africa,Namibia,South Africa,Percy Tau,14,FALSE,TRUE
2024-01-21,South Africa,Namibia,South Africa,Themba Zwane,25,FALSE,FALSE
2024-01-21,South Africa,Namibia,South Africa,Themba Zwane,40,FALSE,FALSE
2024-01-21,South Africa,Namibia,South Africa,Thapelo Maseko,75,FALSE,FALSE
2024-01-21,Zambia,Tanzania,Tanzania,Simon Msuva,11,FALSE,FALSE
2024-01-21,Zambia,Tanzania,Zambia,Patson Daka,88,FALSE,FALSE
2024-01-22,Cape Verde,Egypt,Cape Verde,Gilson Tavares,45,FALSE,FALSE
2024-01-22,Cape Verde,Egypt,Egypt,Trézéguet,50,FALSE,FALSE
2024-01-22,Cape Verde,Egypt,Cape Verde,Bryan Teixeira,90,FALSE,FALSE
2024-01-22,Cape Verde,Egypt,Egypt,Mostafa Mohamed,90,FALSE,FALSE
2024-01-22,Guinea-Bissau,Nigeria,Nigeria,Opa Sanganté,36,TRUE,FALSE
2024-01-22,Ivory Coast,Equatorial Guinea,Equatorial Guinea,Emilio Nsue,42,FALSE,FALSE
2024-01-22,Ivory Coast,Equatorial Guinea,Equatorial Guinea,Pablo Ganet,73,FALSE,FALSE
2024-01-22,Ivory Coast,Equatorial Guinea,Equatorial Guinea,Emilio Nsue,75,FALSE,FALSE
2024-01-22,Ivory Coast,Equatorial Guinea,Equatorial Guinea,Jannick Buyla,88,FALSE,FALSE
2024-01-22,Mozambique,Ghana,Ghana,Jordan Ayew,15,FALSE,TRUE
2024-01-22,Mozambique,Ghana,Ghana,Jordan Ayew,70,FALSE,TRUE
2024-01-22,Mozambique,Ghana,Mozambique,Geny Catamo,90,FALSE,TRUE
2024-01-22,Mozambique,Ghana,Mozambique,Reinildo Mandava,90,FALSE,FALSE
2024-01-22,Qatar,China PR,Qatar,Hassan Al-Haydos,66,FALSE,FALSE
2024-01-22,Tajikistan,Lebanon,Lebanon,Bassel Jradi,47,FALSE,FALSE
2024-01-22,Tajikistan,Lebanon,Tajikistan,Parvizdzhon Umarbayev,80,FALSE,FALSE
2024-01-22,Tajikistan,Lebanon,Tajikistan,Nuriddin Khamrokulov,90,FALSE,FALSE
2024-01-23,Angola,Burkina Faso,Angola,Mabululu,36,FALSE,FALSE
2024-01-23,Angola,Burkina Faso,Angola,Zini,90,FALSE,FALSE
2024-01-23,Australia,Uzbekistan,Australia,Martin Boyle,45,FALSE,TRUE
2024-01-23,Australia,Uzbekistan,Uzbekistan,Azizbek Turgunboev,78,FALSE,FALSE
2024-01-23,Gambia,Cameroon,Cameroon,Karl Toko Ekambi,56,FALSE,FALSE
2024-01-23,Gambia,Cameroon,Gambia,Ablie Jallow,72,FALSE,FALSE
2024-01-23,Gambia,Cameroon,Gambia,Ebrima Colley,85,FALSE,FALSE
2024-01-23,Gambia,Cameroon,Cameroon,James Gomez,87,TRUE,FALSE
2024-01-23,Gambia,Cameroon,Cameroon,Christopher Wooh,90,FALSE,FALSE
2024-01-23,Guinea,Senegal,Senegal,Abdoulaye Seck,61,FALSE,FALSE
2024-01-23,Guinea,Senegal,Senegal,Iliman Ndiaye,90,FALSE,FALSE
2024-01-23,Hong Kong,Palestine,Palestine,Oday Dabbagh,12,FALSE,FALSE
2024-01-23,Hong Kong,Palestine,Palestine,Zaid Qunbar,48,FALSE,FALSE
2024-01-23,Hong Kong,Palestine,Palestine,Oday Dabbagh,60,FALSE,FALSE
2024-01-23,Iran,United Arab Emirates,Iran,Mehdi Taremi,26,FALSE,FALSE
2024-01-23,Iran,United Arab Emirates,Iran,Mehdi Taremi,65,FALSE,FALSE
2024-01-23,Iran,United Arab Emirates,United Arab Emirates,Yahya Al-Ghassani,90,FALSE,FALSE
2024-01-23,Mauritania,Algeria,Mauritania,Mohamed Dellahi Yali,37,FALSE,FALSE
2024-01-23,Syria,India,Syria,Omar Khribin,76,FALSE,FALSE
2024-01-24,Iraq,Vietnam,Vietnam,Bùi Hoàng Việt Anh,42,FALSE,FALSE
2024-01-24,Iraq,Vietnam,Iraq,Rebin Sulaka,47,FALSE,FALSE
2024-01-24,Iraq,Vietnam,Iraq,Aymen Hussein,73,FALSE,FALSE
2024-01-24,Iraq,Vietnam,Iraq,Aymen Hussein,90,FALSE,TRUE
2024-01-24,Iraq,Vietnam,Vietnam,Nguyễn Quang Hải,90,FALSE,FALSE
2024-01-24,Japan,Indonesia,Japan,Ayase Ueda,6,FALSE,TRUE
2024-01-24,Japan,Indonesia,Japan,Ayase Ueda,52,FALSE,FALSE
2024-01-24,Japan,Indonesia,Japan,Justin Hubner,88,TRUE,FALSE
2024-01-24,Japan,Indonesia,Indonesia,Sandy Walsh,90,FALSE,FALSE
2024-01-24,Zambia,Morocco,Morocco,Hakim Ziyech,37,FALSE,FALSE
2024-01-25,Jordan,Bahrain,Bahrain,Abdulla Yusuf Helal,34,FALSE,FALSE
2024-01-25,Kyrgyzstan,Oman,Oman,Muhsen Al-Ghassani,8,FALSE,FALSE
2024-01-25,Kyrgyzstan,Oman,Kyrgyzstan,Joel Kojo,80,FALSE,FALSE
2024-01-25,South Korea,Malaysia,South Korea,Jeong Woo-yeong,21,FALSE,FALSE
2024-01-25,South Korea,Malaysia,Malaysia,Faisal Halim,51,FALSE,FALSE
2024-01-25,South Korea,Malaysia,Malaysia,Arif Aiman Hanapi,62,FALSE,TRUE
2024-01-25,South Korea,Malaysia,South Korea,Lee Kang-in,83,FALSE,FALSE
2024-01-25,South Korea,Malaysia,South Korea,Son Heung-min,90,FALSE,TRUE
2024-01-25,South Korea,Malaysia,Malaysia,Romel Morales,90,FALSE,FALSE
2024-01-27,Angola,Namibia,Angola,Gelson Dala,38,FALSE,FALSE
2024-01-27,Angola,Namibia,Angola,Gelson Dala,42,FALSE,FALSE
2024-01-27,Angola,Namibia,Angola,Mabululu,66,FALSE,FALSE
2024-01-27,Nigeria,Cameroon,Nigeria,Ademola Lookman,36,FALSE,FALSE
2024-01-27,Nigeria,Cameroon,Nigeria,Ademola Lookman,90,FALSE,FALSE
2024-01-28,Australia,Indonesia,Australia,Elkan Baggott,12,TRUE,FALSE
2024-01-28,Australia,Indonesia,Australia,Martin Boyle,45,FALSE,FALSE
2024-01-28,Australia,Indonesia,Australia,Craig Goodwin,89,FALSE,FALSE
2024-01-28,Australia,Indonesia,Australia,Harry Souttar,90,FALSE,FALSE
2024-01-28,Egypt,DR Congo,DR Congo,Meschak Elia,37,FALSE,FALSE
2024-01-28,Egypt,DR Congo,Egypt,Mostafa Mohamed,45,FALSE,TRUE
2024-01-28,Equatorial Guinea,Guinea,Guinea,Mohamed Bayo,90,FALSE,FALSE
2024-01-28,Tajikistan,United Arab Emirates,Tajikistan,Vahdat Hanonov,30,FALSE,FALSE
2024-01-28,Tajikistan,United Arab Emirates,United Arab Emirates,Khalifa Al Hammadi,90,FALSE,FALSE
2024-01-29,Cape Verde,Mauritania,Cape Verde,Ryan Mendes,88,FALSE,TRUE
2024-01-29,Iraq,Jordan,Jordan,Yazan Al-Naimat,45,FALSE,FALSE
2024-01-29,Iraq,Jordan,Iraq,Saad Natiq,68,FALSE,FALSE
2024-01-29,Iraq,Jordan,Iraq,Aymen Hussein,76,FALSE,FALSE
2024-01-29,Iraq,Jordan,Jordan,Yazan Al-Arab,90,FALSE,FALSE
2024-01-29,Iraq,Jordan,Jordan,Nizar Al-Rashdan,90,FALSE,FALSE
2024-01-29,Ivory Coast,Senegal,Senegal,Habib Diallo,4,FALSE,FALSE
2024-01-29,Ivory Coast,Senegal,Ivory Coast,Franck Kessié,86,FALSE,TRUE
2024-01-29,Qatar,Palestine,Palestine,Oday Dabbagh,37,FALSE,FALSE
2024-01-29,Qatar,Palestine,Qatar,Hassan Al-Haydos,45,FALSE,FALSE
2024-01-29,Qatar,Palestine,Qatar,Akram Afif,49,FALSE,TRUE
2024-01-30,Mali,Burkina Faso,Mali,Edmond Tapsoba,3,TRUE,FALSE
2024-01-30,Mali,Burkina Faso,Mali,Lassine Sinayoko,47,FALSE,FALSE
2024-01-30,Mali,Burkina Faso,Burkina Faso,Bertrand Traoré,57,FALSE,TRUE
2024-01-30,Morocco,South Africa,South Africa,Evidence Makgopa,57,FALSE,FALSE
2024-01-30,Morocco,South Africa,South Africa,Teboho Mokoena,90,FALSE,FALSE
2024-01-30,Saudi Arabia,South Korea,Saudi Arabia,Abdullah Radif,46,FALSE,FALSE
2024-01-30,Saudi Arabia,South Korea,South Korea,Cho Gue-sung,90,FALSE,FALSE
2024-01-30,Uzbekistan,Thailand,Uzbekistan,Azizbek Turgunboev,37,FALSE,FALSE
2024-01-30,Uzbekistan,Thailand,Thailand,Supachok Sarachat,58,FALSE,FALSE
2024-01-30,Uzbekistan,Thailand,Uzbekistan,Abbosbek Fayzullaev,65,FALSE,FALSE
2024-01-31,Bahrain,Japan,Japan,Ritsu Dōan,31,FALSE,FALSE
2024-01-31,Bahrain,Japan,Japan,Takefusa Kubo,49,FALSE,FALSE
2024-01-31,Bahrain,Japan,Bahrain,Ayase Ueda,64,TRUE,FALSE
2024-01-31,Bahrain,Japan,Japan,Ayase Ueda,72,FALSE,FALSE
2024-01-31,Iran,Syria,Iran,Mehdi Taremi,34,FALSE,TRUE
2024-01-31,Iran,Syria,Syria,Omar Khribin,64,FALSE,TRUE
2024-02-02,Australia,South Korea,Australia,Craig Goodwin,42,FALSE,FALSE
2024-02-02,Australia,South Korea,South Korea,Hwang Hee-chan,90,FALSE,TRUE
2024-02-02,Australia,South Korea,South Korea,Son Heung-min,104,FALSE,FALSE
2024-02-02,DR Congo,Guinea,Guinea,Mohamed Bayo,21,FALSE,TRUE
2024-02-02,DR Congo,Guinea,DR Congo,Chancel Mbemba,27,FALSE,FALSE
2024-02-02,DR Congo,Guinea,DR Congo,Yoane Wissa,65,FALSE,TRUE
2024-02-02,DR Congo,Guinea,DR Congo,Arthur Masuaku,82,FALSE,FALSE
2024-02-02,Nigeria,Angola,Nigeria,Ademola Lookman,41,FALSE,FALSE
2024-02-02,Tajikistan,Jordan,Jordan,Vahdat Hanonov,66,TRUE,FALSE
2024-02-03,Iran,Japan,Japan,Hidemasa Morita,28,FALSE,FALSE
2024-02-03,Iran,Japan,Iran,Mohammad Mohebi,55,FALSE,FALSE
2024-02-03,Iran,Japan,Iran,Alireza Jahanbakhsh,90,FALSE,TRUE
2024-02-03,Ivory Coast,Mali,Mali,Nene Dorgeles,71,FALSE,FALSE
2024-02-03,Ivory Coast,Mali,Ivory Coast,Simon Adingra,90,FALSE,FALSE
2024-02-03,Ivory Coast,Mali,Ivory Coast,Oumar Diakité,120,FALSE,FALSE
2024-02-03,Qatar,Uzbekistan,Qatar,Hassan Al-Haydos,27,FALSE,FALSE
2024-02-03,Qatar,Uzbekistan,Uzbekistan,Odiljon Hamrobekov,59,FALSE,FALSE
2024-02-06,Jordan,South Korea,Jordan,Yazan Al-Naimat,53,FALSE,FALSE
2024-02-06,Jordan,South Korea,Jordan,Musa Al-Taamari,66,FALSE,FALSE
2024-02-07,Ivory Coast,DR Congo,Ivory Coast,Sébastien Haller,65,FALSE,FALSE
2024-02-07,Nigeria,South Africa,Nigeria,William Troost-Ekong,67,FALSE,TRUE
2024-02-07,Nigeria,South Africa,South Africa,Teboho Mokoena,90,FALSE,TRUE
2024-02-07,Qatar,Iran,Iran,Sardar Azmoun,4,FALSE,FALSE
2024-02-07,Qatar,Iran,Qatar,Jassem Gaber,17,FALSE,FALSE
2024-02-07,Qatar,Iran,Qatar,Akram Afif,43,FALSE,FALSE
2024-02-07,Qatar,Iran,Iran,Alireza Jahanbakhsh,51,FALSE,TRUE
2024-02-07,Qatar,Iran,Qatar,Almoez Ali,82,FALSE,FALSE
2024-02-10,Qatar,Jordan,Qatar,Akram Afif,22,FALSE,TRUE
2024-02-10,Qatar,Jordan,Jordan,Yazan Al-Naimat,67,FALSE,FALSE
2024-02-10,Qatar,Jordan,Qatar,Akram Afif,73,FALSE,TRUE
2024-02-10,Qatar,Jordan,Qatar,Akram Afif,90,FALSE,TRUE
2024-02-11,Ivory Coast,Nigeria,Nigeria,William Troost-Ekong,38,FALSE,FALSE
2024-02-11,Ivory Coast,Nigeria,Ivory Coast,Franck Kessié,62,FALSE,FALSE
2024-02-11,Ivory Coast,Nigeria,Ivory Coast,Sébastien Haller,81,FALSE,FALSE
2024-03-21,Australia,Lebanon,Australia,Keanu Baccus,5,FALSE,FALSE
2024-03-21,Australia,Lebanon,Australia,Kye Rowles,54,FALSE,FALSE
2024-03-21,Bahrain,Nepal,Bahrain,Mahdi Al-Humaidan,2,FALSE,FALSE
2024-03-21,Bahrain,Nepal,Bahrain,Sayed Baqer,4,FALSE,FALSE
2024-03-21,Bahrain,Nepal,Bahrain,Ali Madan,45,FALSE,FALSE
2024-03-21,Bahrain,Nepal,Bahrain,Ebrahim Al-Khattal,87,FALSE,FALSE
2024-03-21,Bahrain,Nepal,Bahrain,Ismail Abdullatif,90,FALSE,FALSE
2024-03-21,Bosnia and Herzegovina,Ukraine,Bosnia and Herzegovina,Mykola Matviyenko,56,TRUE,FALSE
2024-03-21,Bosnia and Herzegovina,Ukraine,Ukraine,Roman Yaremchuk,85,FALSE,FALSE
2024-03-21,Bosnia and Herzegovina,Ukraine,Ukraine,Artem Dovbyk,88,FALSE,FALSE
2024-03-21,Georgia,Luxembourg,Georgia,Budu Zivzivadze,40,FALSE,FALSE
2024-03-21,Georgia,Luxembourg,Georgia,Budu Zivzivadze,63,FALSE,FALSE
2024-03-21,Gibraltar,Lithuania,Lithuania,Armandas Kučys,60,FALSE,FALSE
2024-03-21,Greece,Kazakhstan,Greece,Anastasios Bakasetas,9,FALSE,TRUE
2024-03-21,Greece,Kazakhstan,Greece,Dimitrios Pelkas,15,FALSE,FALSE
2024-03-21,Greece,Kazakhstan,Greece,Fotis Ioannidis,37,FALSE,FALSE
2024-03-21,Greece,Kazakhstan,Greece,Dimitrios Kourbelis,40,FALSE,FALSE
2024-03-21,Greece,Kazakhstan,Greece,Yerkin Tapalov,85,TRUE,FALSE
2024-03-21,Hong Kong,Uzbekistan,Uzbekistan,Eldor Shomurodov,49,FALSE,FALSE
2024-03-21,Hong Kong,Uzbekistan,Uzbekistan,Rustam Ashurmatov,66,FALSE,FALSE
2024-03-21,Indonesia,Vietnam,Indonesia,Egy Maulana Vikri,52,FALSE,FALSE
2024-03-21,Iran,Turkmenistan,Iran,Hossein Kanaanizadegan,10,FALSE,FALSE
2024-03-21,Iran,Turkmenistan,Iran,Sardar Azmoun,13,FALSE,FALSE
2024-03-21,Iran,Turkmenistan,Iran,Hossein Kanaanizadegan,48,FALSE,FALSE
2024-03-21,Iran,Turkmenistan,Iran,Mohammad Mohebi,56,FALSE,FALSE
2024-03-21,Iran,Turkmenistan,Iran,Omid Noorafkan,90,FALSE,FALSE
2024-03-21,Iraq,Philippines,Iraq,Mohanad Ali,84,FALSE,FALSE
2024-03-21,Israel,Iceland,Israel,Eran Zahavi,31,FALSE,TRUE
2024-03-21,Israel,Iceland,Iceland,Albert Guðmundsson,39,FALSE,FALSE
2024-03-21,Israel,Iceland,Iceland,Arnór Ingvi Traustason,42,FALSE,FALSE
2024-03-21,Israel,Iceland,Iceland,Albert Guðmundsson,83,FALSE,FALSE
2024-03-21,Israel,Iceland,Iceland,Albert Guðmundsson,87,FALSE,FALSE
2024-03-21,Japan,North Korea,Japan,Ao Tanaka,2,FALSE,FALSE
2024-03-21,Myanmar,Syria,Myanmar,Soe Moe Kyaw,35,FALSE,FALSE
2024-03-21,Myanmar,Syria,Syria,Alaa Al Dali,71,FALSE,FALSE
2024-03-21,Oman,Malaysia,Oman,Issam Al-Sabhi,58,FALSE,FALSE
2024-03-21,Oman,Malaysia,Oman,Muhsen Al-Ghassani,88,FALSE,FALSE
2024-03-21,Pakistan,Jordan,Jordan,Musa Al-Taamari,2,FALSE,FALSE
2024-03-21,Pakistan,Jordan,Jordan,Ali Olwan,9,FALSE,TRUE
2024-03-21,Pakistan,Jordan,Jordan,Musa Al-Taamari,86,FALSE,FALSE
2024-03-21,Palestine,Bangladesh,Palestine,Oday Dabbagh,43,FALSE,FALSE
2024-03-21,Palestine,Bangladesh,Palestine,Shehab Qunbar,45,FALSE,FALSE
2024-03-21,Palestine,Bangladesh,Palestine,Shehab Qunbar,49,FALSE,FALSE
2024-03-21,Palestine,Bangladesh,Palestine,Oday Dabbagh,53,FALSE,FALSE
2024-03-21,Palestine,Bangladesh,Palestine,Oday Dabbagh,77,FALSE,FALSE
2024-03-21,Poland,Estonia,Poland,Przemysław Frankowski,22,FALSE,FALSE
2024-03-21,Poland,Estonia,Poland,Piotr Zieliński,50,FALSE,FALSE
2024-03-21,Poland,Estonia,Poland,Jakub Piotrowski,70,FALSE,FALSE
2024-03-21,Poland,Estonia,Poland,Karol Mets,74,TRUE,FALSE
2024-03-21,Poland,Estonia,Poland,Sebastian Szymański,76,FALSE,FALSE
2024-03-21,Poland,Estonia,Estonia,Martin Vetkal,78,FALSE,FALSE
2024-03-21,Qatar,Kuwait,Qatar,Akram Afif,47,FALSE,FALSE
2024-03-21,Qatar,Kuwait,Qatar,Ahmed Al-Rawi,51,FALSE,FALSE
2024-03-21,Qatar,Kuwait,Qatar,Akram Afif,68,FALSE,FALSE
2024-03-21,Saudi Arabia,Tajikistan,Saudi Arabia,Salem Al-Dawsari,23,FALSE,FALSE
2024-03-21,Singapore,China PR,China PR,Wu Lei,10,FALSE,FALSE
2024-03-21,Singapore,China PR,China PR,Wu Lei,45,FALSE,FALSE
2024-03-21,Singapore,China PR,Singapore,Faris Ramli,53,FALSE,FALSE
2024-03-21,Singapore,China PR,Singapore,Jacob Mahler,81,FALSE,FALSE
2024-03-21,South Korea,Thailand,South Korea,Son Heung-min,42,FALSE,FALSE
2024-03-21,South Korea,Thailand,Thailand,Suphanat Mueanta,61,FALSE,FALSE
2024-03-21,Taiwan,Kyrgyzstan,Kyrgyzstan,Valery Kichin,54,FALSE,TRUE
2024-03-21,Taiwan,Kyrgyzstan,Kyrgyzstan,Kai Merk,80,FALSE,FALSE
2024-03-21,United Arab Emirates,Yemen,United Arab Emirates,Ali Saleh,24,FALSE,TRUE
2024-03-21,United Arab Emirates,Yemen,Yemen,Abdulla Idrees,69,TRUE,FALSE
2024-03-21,United Arab Emirates,Yemen,United Arab Emirates,Sultan Adil,72,FALSE,FALSE
2024-03-21,Wales,Finland,Wales,David Brooks,3,FALSE,FALSE
2024-03-21,Wales,Finland,Wales,Neco Williams,38,FALSE,FALSE
2024-03-21,Wales,Finland,Finland,Teemu Pukki,45,FALSE,FALSE
2024-03-21,Wales,Finland,Wales,Brennan Johnson,47,FALSE,FALSE
2024-03-21,Wales,Finland,Wales,Daniel James,86,FALSE,FALSE
2024-03-22,United States Virgin Islands,British Virgin Islands,United States Virgin Islands,Jett Blaschka,73,FALSE,FALSE
2024-03-22,United States Virgin Islands,British Virgin Islands,British Virgin Islands,Hugo Liziario,90,FALSE,FALSE
2024-03-23,Canada,Trinidad and Tobago,Canada,Cyle Larin,61,FALSE,FALSE
2024-03-23,Canada,Trinidad and Tobago,Canada,Jacob Shaffelburg,90,FALSE,FALSE
2024-03-23,Costa Rica,Honduras,Honduras,Michaell Chirinos,10,FALSE,FALSE
2024-03-23,Costa Rica,Honduras,Costa Rica,Orlando Galo,12,FALSE,FALSE
2024-03-23,Costa Rica,Honduras,Costa Rica,Warren Madrigal,56,FALSE,FALSE
2024-03-23,Costa Rica,Honduras,Costa Rica,Jefferson Brenes,62,FALSE,FALSE
2024-03-26,Australia,Lebanon,Australia,Kusini Yengi,2,FALSE,FALSE
2024-03-26,Australia,Lebanon,Australia,Bassel Jradi,47,TRUE,FALSE
2024-03-26,Australia,Lebanon,Australia,Craig Goodwin,48,FALSE,FALSE
2024-03-26,Australia,Lebanon,Australia,John Iredale,68,FALSE,FALSE
2024-03-26,Australia,Lebanon,Australia,Craig Goodwin,81,FALSE,FALSE
2024-03-26,Bahrain,Nepal,Bahrain,Sayed Baqer,7,FALSE,FALSE
2024-03-26,Bahrain,Nepal,Bahrain,Abdulla Yusuf Helal,18,FALSE,TRUE
2024-03-26,Bahrain,Nepal,Bahrain,Kamil Al-Aswad,36,FALSE,FALSE
2024-03-26,Bangladesh,Palestine,Palestine,Michel Termanini,90,FALSE,FALSE
2024-03-26,China PR,Singapore,China PR,Wu Lei,21,FALSE,FALSE
2024-03-26,China PR,Singapore,Singapore,Faris Ramli,22,FALSE,FALSE
2024-03-26,China PR,Singapore,China PR,Fernandinho,65,FALSE,TRUE
2024-03-26,China PR,Singapore,China PR,Wu Lei,85,FALSE,FALSE
2024-03-26,China PR,Singapore,China PR,Wei Shihao,90,FALSE,FALSE
2024-03-26,India,Afghanistan,India,Sunil Chhetri,38,FALSE,TRUE
2024-03-26,India,Afghanistan,Afghanistan,Rahmat Akbari,70,FALSE,FALSE
2024-03-26,India,Afghanistan,Afghanistan,Sharif Mukhammad,88,FALSE,TRUE
2024-03-26,Jordan,Pakistan,Jordan,Musa Al-Taamari,15,FALSE,FALSE
2024-03-26,Jordan,Pakistan,Jordan,Yazan Al-Naimat,28,FALSE,TRUE
2024-03-26,Jordan,Pakistan,Jordan,Saed Al-Rosan,52,FALSE,FALSE
2024-03-26,Jordan,Pakistan,Jordan,Musa Al-Taamari,62,FALSE,FALSE
2024-03-26,Jordan,Pakistan,Jordan,Ali Olwan,75,FALSE,FALSE
2024-03-26,Jordan,Pakistan,Jordan,Musa Al-Taamari,79,FALSE,FALSE
2024-03-26,Jordan,Pakistan,Jordan,Mohammad Abu Zrayq,83,FALSE,FALSE
2024-03-26,Kuwait,Qatar,Qatar,Almoez Ali,77,FALSE,FALSE
2024-03-26,Kuwait,Qatar,Kuwait,Mohammad Daham,79,FALSE,FALSE
2024-03-26,Kuwait,Qatar,Qatar,Almoez Ali,80,FALSE,FALSE
2024-03-26,Kyrgyzstan,Taiwan,Kyrgyzstan,Joel Kojo,17,FALSE,FALSE
2024-03-26,Kyrgyzstan,Taiwan,Kyrgyzstan,Joel Kojo,38,FALSE,FALSE
2024-03-26,Kyrgyzstan,Taiwan,Kyrgyzstan,Joel Kojo,45,FALSE,FALSE
2024-03-26,Kyrgyzstan,Taiwan,Kyrgyzstan,Khristiyan Brauzman,79,FALSE,FALSE
2024-03-26,Kyrgyzstan,Taiwan,Taiwan,Wu Yen-shu,87,FALSE,TRUE
2024-03-26,Kyrgyzstan,Taiwan,Kyrgyzstan,Kimi Merk,90,FALSE,FALSE
2024-03-26,Lithuania,Gibraltar,Lithuania,Fedor Černych,51,FALSE,FALSE
2024-03-26,Malaysia,Oman,Oman,Omar Al-Malki,45,FALSE,TRUE
2024-03-26,Malaysia,Oman,Oman,Mohammed Al-Ghafri,90,FALSE,FALSE
2024-03-26,Philippines,Iraq,Iraq,Aymen Hussein,14,FALSE,TRUE
2024-03-26,Philippines,Iraq,Iraq,Amir Al-Ammari,30,FALSE,FALSE
2024-03-26,Philippines,Iraq,Iraq,Aymen Hussein,36,FALSE,FALSE
2024-03-26,Philippines,Iraq,Iraq,Zidane Iqbal,62,FALSE,FALSE
2024-03-26,Philippines,Iraq,Iraq,Zaid Tahseen,77,FALSE,FALSE
2024-03-26,Syria,Myanmar,Syria,Omar Khribin,30,FALSE,FALSE
2024-03-26,Syria,Myanmar,Syria,Ibrahim Hesar,47,FALSE,FALSE
2024-03-26,Syria,Myanmar,Syria,Moayad Ajan,51,FALSE,FALSE
2024-03-26,Syria,Myanmar,Syria,Omar Khribin,54,FALSE,FALSE
2024-03-26,Syria,Myanmar,Syria,Omar Khribin,63,FALSE,TRUE
2024-03-26,Syria,Myanmar,Syria,Moayad Ajan,68,FALSE,FALSE
2024-03-26,Syria,Myanmar,Syria,Alaa Al-Dali,80,FALSE,FALSE
2024-03-26,Tajikistan,Saudi Arabia,Saudi Arabia,Firas Al-Buraikan,46,FALSE,FALSE
2024-03-26,Tajikistan,Saudi Arabia,Tajikistan,Rustam Soirov,80,FALSE,FALSE
2024-03-26,Thailand,South Korea,South Korea,Lee Jae-sung,19,FALSE,FALSE
2024-03-26,Thailand,South Korea,South Korea,Son Heung-min,54,FALSE,FALSE
2024-03-26,Thailand,South Korea,South Korea,Park Jin-seob,82,FALSE,FALSE
2024-03-26,Turkmenistan,Iran,Iran,Mehdi Ghayedi,45,FALSE,FALSE
2024-03-26,Turks and Caicos Islands,Anguilla,Turks and Caicos Islands,Billy Forbes,23,FALSE,FALSE
2024-03-26,Turks and Caicos Islands,Anguilla,Anguilla,Luke Paris,45,FALSE,TRUE
2024-03-26,Ukraine,Iceland,Iceland,Albert Guðmundsson,30,FALSE,FALSE
2024-03-26,Ukraine,Iceland,Ukraine,Viktor Tsyhankov,54,FALSE,FALSE
2024-03-26,Ukraine,Iceland,Ukraine,Mykhailo Mudryk,84,FALSE,FALSE
2024-03-26,Uzbekistan,Hong Kong,Uzbekistan,Eldor Shomurodov,20,FALSE,FALSE
2024-03-26,Uzbekistan,Hong Kong,Uzbekistan,Khojimat Erkinov,63,FALSE,FALSE
2024-03-26,Uzbekistan,Hong Kong,Uzbekistan,Oston Urunov,70,FALSE,FALSE
2024-03-26,Vietnam,Indonesia,Indonesia,Jay Idzes,9,FALSE,FALSE
2024-03-26,Vietnam,Indonesia,Indonesia,Ragnar Oratmangoen,23,FALSE,FALSE
2024-03-26,Vietnam,Indonesia,Indonesia,Ramadhan Sananta,90,FALSE,FALSE
2024-03-26,Yemen,United Arab Emirates,United Arab Emirates,Fábio Lima,14,FALSE,FALSE
2024-03-26,Yemen,United Arab Emirates,United Arab Emirates,Fábio Lima,22,FALSE,FALSE
2024-03-26,Yemen,United Arab Emirates,United Arab Emirates,Sultan Adil,35,FALSE,FALSE
2024-06-05,Antigua and Barbuda,Bermuda,Antigua and Barbuda,Raheem Deterville,26,FALSE,FALSE
2024-06-05,Antigua and Barbuda,Bermuda,Bermuda,Sachiel Ming,90,FALSE,FALSE
2024-06-05,Central African Republic,Chad,Central African Republic,Vénuste Baboula,29,FALSE,FALSE
2024-06-05,Curaçao,Barbados,Curaçao,Rangelo Janga,25,FALSE,FALSE
2024-06-05,Curaçao,Barbados,Curaçao,Rangelo Janga,62,FALSE,FALSE
2024-06-05,Curaçao,Barbados,Curaçao,Rangelo Janga,86,FALSE,TRUE
2024-06-05,Curaçao,Barbados,Curaçao,Gervane Kastaneer,90,FALSE,FALSE
2024-06-05,Curaçao,Barbados,Barbados,Niall Reid-Stephen,90,FALSE,TRUE
2024-06-05,Guatemala,Dominica,Guatemala,Alejandro Galindo,4,FALSE,FALSE
2024-06-05,Guatemala,Dominica,Guatemala,Allen Yanes,27,FALSE,FALSE
2024-06-05,Guatemala,Dominica,Guatemala,Alejandro Galindo,48,FALSE,FALSE
2024-06-05,Guatemala,Dominica,Guatemala,Rubio Rubin,58,FALSE,FALSE
2024-06-05,Guatemala,Dominica,Guatemala,José Carlos Martínez,78,FALSE,FALSE
2024-06-05,Guatemala,Dominica,Guatemala,José Morales,83,FALSE,FALSE
2024-06-05,Namibia,Liberia,Namibia,Tjipe Karuuombe,8,FALSE,FALSE
2024-06-05,Namibia,Liberia,Liberia,Terry Sackor,65,FALSE,FALSE
2024-06-05,Nicaragua,Montserrat,Nicaragua,Jaime Moreno,3,FALSE,FALSE
2024-06-05,Nicaragua,Montserrat,Montserrat,Brandon Barzey,9,FALSE,FALSE
2024-06-05,Nicaragua,Montserrat,Nicaragua,Donervon Daniels,23,TRUE,FALSE
2024-06-05,Nicaragua,Montserrat,Nicaragua,Jacob Montes,69,FALSE,FALSE
2024-06-05,Nicaragua,Montserrat,Nicaragua,Harold Medina,90,FALSE,FALSE
2024-06-05,Sierra Leone,Djibouti,Sierra Leone,Curtis Davies,12,FALSE,FALSE
2024-06-05,Sierra Leone,Djibouti,Djibouti,Gabriel Dadzie,35,FALSE,TRUE
2024-06-05,Sierra Leone,Djibouti,Sierra Leone,Augustus Kargbo,51,FALSE,FALSE
2024-06-05,Suriname,Saint Vincent and the Grenadines,Saint Vincent and the Grenadines,Oalex Anderson,31,FALSE,FALSE
2024-06-05,Suriname,Saint Vincent and the Grenadines,Suriname,Sheraldo Becker,39,FALSE,TRUE
2024-06-05,Suriname,Saint Vincent and the Grenadines,Suriname,Jeredy Hilterman,45,FALSE,FALSE
2024-06-05,Suriname,Saint Vincent and the Grenadines,Suriname,Justin Lonwijk,46,FALSE,FALSE
2024-06-05,Suriname,Saint Vincent and the Grenadines,Suriname,Jaden Montnor,70,FALSE,FALSE
2024-06-05,Togo,South Sudan,Togo,Khaled Narey,61,FALSE,FALSE
2024-06-05,Togo,South Sudan,South Sudan,Roger Aholou,68,TRUE,FALSE
2024-06-05,Trinidad and Tobago,Grenada,Grenada,Myles Hippolyte,24,FALSE,TRUE
2024-06-05,Trinidad and Tobago,Grenada,Grenada,Myles Hippolyte,28,FALSE,FALSE
2024-06-05,Trinidad and Tobago,Grenada,Trinidad and Tobago,Ryan Telfer,43,FALSE,FALSE
2024-06-05,Trinidad and Tobago,Grenada,Trinidad and Tobago,Reon Moore,74,FALSE,FALSE
2024-06-05,Tunisia,Equatorial Guinea,Tunisia,Mohamed Ali Ben Romdhane,82,FALSE,TRUE
2024-06-06,Algeria,Guinea,Guinea,Morlaye Sylla,50,FALSE,FALSE
2024-06-06,Algeria,Guinea,Algeria,Yasser Baldé,52,TRUE,FALSE
2024-06-06,Algeria,Guinea,Guinea,Aguibou Camara,63,FALSE,FALSE
2024-06-06,Bangladesh,Australia,Australia,Ajdin Hrustic,29,FALSE,FALSE
2024-06-06,Bangladesh,Australia,Australia,Kusini Yengi,62,FALSE,FALSE
2024-06-06,Benin,Rwanda,Benin,Dodo Dokou,37,FALSE,FALSE
2024-06-06,China PR,Thailand,Thailand,Supachok Sarachat,20,FALSE,FALSE
2024-06-06,China PR,Thailand,China PR,Zhang Yuning,79,FALSE,FALSE
2024-06-06,Costa Rica,Saint Kitts and Nevis,Costa Rica,Orlando Galo,40,FALSE,FALSE
2024-06-06,Costa Rica,Saint Kitts and Nevis,Costa Rica,Orlando Galo,50,FALSE,FALSE
2024-06-06,Costa Rica,Saint Kitts and Nevis,Costa Rica,Josimar Alcócer,83,FALSE,FALSE
2024-06-06,Costa Rica,Saint Kitts and Nevis,Costa Rica,Andy Rojas,84,FALSE,FALSE
2024-06-06,Egypt,Burkina Faso,Egypt,Trézéguet,3,FALSE,FALSE
2024-06-06,Egypt,Burkina Faso,Egypt,Trézéguet,8,FALSE,FALSE
2024-06-06,Egypt,Burkina Faso,Burkina Faso,Lassina Traoré,57,FALSE,FALSE
2024-06-06,Haiti,Saint Lucia,Saint Lucia,Caniggia Elva,18,FALSE,FALSE
2024-06-06,Haiti,Saint Lucia,Haiti,Jean-Kévin Duverne,47,FALSE,FALSE
2024-06-06,Haiti,Saint Lucia,Haiti,Duckens Nazon,78,FALSE,FALSE
2024-06-06,Honduras,Cuba,Cuba,Maikel Reyes,23,FALSE,FALSE
2024-06-06,Honduras,Cuba,Honduras,Anthony Lozano,26,FALSE,FALSE
2024-06-06,Honduras,Cuba,Honduras,Edwin Rodríguez,45,FALSE,FALSE
2024-06-06,Honduras,Cuba,Honduras,Rubilio Castillo,82,FALSE,FALSE
2024-06-06,Hong Kong,Iran,Iran,Mehdi Taremi,12,FALSE,TRUE
2024-06-06,Hong Kong,Iran,Hong Kong,Ma Hei Wai,14,FALSE,FALSE
2024-06-06,Hong Kong,Iran,Iran,Mehdi Taremi,34,FALSE,TRUE
2024-06-06,Hong Kong,Iran,Iran,Mehdi Taremi,56,FALSE,FALSE
2024-06-06,Hong Kong,Iran,Hong Kong,Anthony Pinto,59,FALSE,FALSE
2024-06-06,Hong Kong,Iran,Iran,Sardar Azmoun,65,FALSE,FALSE
2024-06-06,Indonesia,Iraq,Iraq,Aymen Hussein,54,FALSE,TRUE
2024-06-06,Indonesia,Iraq,Iraq,Ali Jasim,88,FALSE,FALSE
2024-06-06,Jamaica,Dominican Republic,Jamaica,Shamar Nicholson,17,FALSE,FALSE
2024-06-06,Jordan,Tajikistan,Jordan,Ali Olwan,51,FALSE,FALSE
2024-06-06,Jordan,Tajikistan,Jordan,Yazan Al-Naimat,68,FALSE,FALSE
2024-06-06,Jordan,Tajikistan,Jordan,Ibrahim Sadeh,90,FALSE,FALSE
2024-06-06,Kyrgyzstan,Malaysia,Kyrgyzstan,Gulzhigit Alykulov,24,FALSE,FALSE
2024-06-06,Kyrgyzstan,Malaysia,Malaysia,Odilzhon Abdurakhmanov,38,TRUE,FALSE
2024-06-06,Libya,Mauritius,Libya,Faisal Al Badri,20,FALSE,TRUE
2024-06-06,Libya,Mauritius,Mauritius,Kévin Bru,34,FALSE,FALSE
2024-06-06,Libya,Mauritius,Libya,Ahmed Krawa'a,40,FALSE,FALSE
2024-06-06,Malawi,São Tomé and Príncipe,Malawi,Chawanangwa Kawonga,6,FALSE,FALSE
2024-06-06,Malawi,São Tomé and Príncipe,Malawi,Lanjesi Nkhoma,14,FALSE,FALSE
2024-06-06,Malawi,São Tomé and Príncipe,São Tomé and Príncipe,Denilson Silva,67,FALSE,FALSE
2024-06-06,Malawi,São Tomé and Príncipe,Malawi,Chifundo Mphasi,78,FALSE,FALSE
2024-06-06,Mali,Ghana,Mali,Kamory Doumbia,45,FALSE,FALSE
2024-06-06,Mali,Ghana,Ghana,Ernest Nuamah,58,FALSE,FALSE
2024-06-06,Mali,Ghana,Ghana,Jordan Ayew,90,FALSE,FALSE
2024-06-06,Mauritania,Sudan,Sudan,Seif Teiri,15,FALSE,FALSE
2024-06-06,Mauritania,Sudan,Sudan,Aly Abeid,29,TRUE,FALSE
2024-06-06,Myanmar,Japan,Japan,Keito Nakamura,17,FALSE,FALSE
2024-06-06,Myanmar,Japan,Japan,Ritsu Dōan,34,FALSE,FALSE
2024-06-06,Myanmar,Japan,Japan,Koki Ogawa,75,FALSE,FALSE
2024-06-06,Myanmar,Japan,Japan,Koki Ogawa,83,FALSE,FALSE
2024-06-06,Myanmar,Japan,Japan,Keito Nakamura,90,FALSE,FALSE
2024-06-06,Nepal,United Arab Emirates,United Arab Emirates,Harib Abdalla,12,FALSE,FALSE
2024-06-06,Nepal,United Arab Emirates,United Arab Emirates,Harib Abdalla,14,FALSE,FALSE
2024-06-06,Nepal,United Arab Emirates,United Arab Emirates,Ali Saleh,53,FALSE,FALSE
2024-06-06,Nepal,United Arab Emirates,United Arab Emirates,Hazem Mohammad,75,FALSE,FALSE
2024-06-06,North Korea,Syria,North Korea,Jong Il-gwan,90,FALSE,FALSE
2024-06-06,Pakistan,Saudi Arabia,Saudi Arabia,Firas Al-Buraikan,26,FALSE,FALSE
2024-06-06,Pakistan,Saudi Arabia,Saudi Arabia,Firas Al-Buraikan,41,FALSE,FALSE
2024-06-06,Pakistan,Saudi Arabia,Saudi Arabia,Musab Al-Juwayr,59,FALSE,FALSE
2024-06-06,Panama,Guyana,Panama,Cristian Martínez,62,FALSE,FALSE
2024-06-06,Panama,Guyana,Panama,José Luis Rodríguez,65,FALSE,FALSE
2024-06-06,Senegal,DR Congo,Senegal,Ismaïla Sarr,45,FALSE,FALSE
2024-06-06,Senegal,DR Congo,DR Congo,Fiston Mayele,85,FALSE,FALSE
2024-06-06,Singapore,South Korea,South Korea,Lee Kang-in,9,FALSE,FALSE
2024-06-06,Singapore,South Korea,South Korea,Joo Min-kyu,20,FALSE,FALSE
2024-06-06,Singapore,South Korea,South Korea,Son Heung-min,53,FALSE,FALSE
2024-06-06,Singapore,South Korea,South Korea,Lee Kang-in,54,FALSE,FALSE
2024-06-06,Singapore,South Korea,South Korea,Son Heung-min,56,FALSE,FALSE
2024-06-06,Singapore,South Korea,South Korea,Bae Jun-ho,79,FALSE,FALSE
2024-06-06,Singapore,South Korea,South Korea,Hwang Hee-chan,81,FALSE,FALSE
2024-06-06,Taiwan,Oman,Oman,Abdulrahman Al-Mushaifri,31,FALSE,FALSE
2024-06-06,Taiwan,Oman,Oman,Abdulrahman Al-Mushaifri,55,FALSE,FALSE
2024-06-06,Taiwan,Oman,Oman,Abdulrahman Al-Mushaifri,75,FALSE,FALSE
2024-06-06,Uzbekistan,Turkmenistan,Uzbekistan,Husniddin Aliqulov,17,FALSE,FALSE
2024-06-06,Uzbekistan,Turkmenistan,Turkmenistan,Şanazar Tirkişow,25,FALSE,FALSE
2024-06-06,Uzbekistan,Turkmenistan,Uzbekistan,Oston Urunov,29,FALSE,FALSE
2024-06-06,Uzbekistan,Turkmenistan,Uzbekistan,Sherzod Nasrullaev,70,FALSE,FALSE
2024-06-06,Vietnam,Philippines,Philippines,Patrick Reichelt,62,FALSE,FALSE
2024-06-06,Vietnam,Philippines,Vietnam,Nguyễn Tiến Linh,65,FALSE,FALSE
2024-06-06,Vietnam,Philippines,Vietnam,Nguyễn Tiến Linh,76,FALSE,FALSE
2024-06-06,Vietnam,Philippines,Philippines,Kevin Ingreso,89,FALSE,FALSE
2024-06-06,Vietnam,Philippines,Vietnam,Phạm Tuấn Hải,90,FALSE,FALSE
2024-06-07,Angola,Eswatini,Angola,Mabululu,2,FALSE,FALSE
2024-06-07,Ivory Coast,Gabon,Ivory Coast,Seko Fofana,36,FALSE,FALSE
2024-06-07,Kenya,Burundi,Kenya,Duke Abuya,72,FALSE,FALSE
2024-06-07,Kenya,Burundi,Burundi,Sudi Abdallah,85,FALSE,FALSE
2024-06-07,Madagascar,Comoros,Madagascar,Rayan Raveloson,1,FALSE,FALSE
2024-06-07,Madagascar,Comoros,Madagascar,Rayan Raveloson,66,FALSE,FALSE
2024-06-07,Madagascar,Comoros,Comoros,El Fardou Ben Nabouhane,90,FALSE,FALSE
2024-06-07,Morocco,Zambia,Morocco,Hakim Ziyech,6,FALSE,TRUE
2024-06-07,Morocco,Zambia,Morocco,Eliesse Ben Seghir,67,FALSE,FALSE
2024-06-07,Morocco,Zambia,Zambia,Edward Chilufya,80,FALSE,FALSE
2024-06-07,Mozambique,Somalia,Mozambique,Alfons Amade,14,FALSE,FALSE
2024-06-07,Mozambique,Somalia,Mozambique,Stanley Ratifo,29,FALSE,FALSE
2024-06-07,Mozambique,Somalia,Somalia,Ismael Shirwa,66,FALSE,FALSE
2024-06-07,Nigeria,South Africa,South Africa,Themba Zwane,29,FALSE,FALSE
2024-06-07,Nigeria,South Africa,Nigeria,Fisayo Dele-Bashiru,46,FALSE,FALSE
2024-06-07,Uganda,Botswana,Uganda,Muhammad Shaban,74,FALSE,FALSE
2024-06-07,Zimbabwe,Lesotho,Lesotho,Rethabile Rasethuntša,21,FALSE,FALSE
2024-06-07,Zimbabwe,Lesotho,Lesotho,Jane Thabantso,31,FALSE,FALSE
2024-06-08,Anguilla,Suriname,Suriname,Tyrone Conraad,10,FALSE,FALSE
2024-06-08,Anguilla,Suriname,Suriname,Shaquille Pinas,62,FALSE,FALSE
2024-06-08,Anguilla,Suriname,Suriname,Tyrone Conraad,75,FALSE,FALSE
2024-06-08,Anguilla,Suriname,Suriname,Steven Austin,88,TRUE,FALSE
2024-06-08,Aruba,Curaçao,Curaçao,Juninho Bacuna,59,FALSE,FALSE
2024-06-08,Aruba,Curaçao,Curaçao,Xander Severina,90,FALSE,FALSE
2024-06-08,Bahamas,Trinidad and Tobago,Trinidad and Tobago,Malcolm Shaw,6,FALSE,FALSE
2024-06-08,Bahamas,Trinidad and Tobago,Trinidad and Tobago,Alvin Jones,14,FALSE,TRUE
2024-06-08,Bahamas,Trinidad and Tobago,Trinidad and Tobago,Duane Muckette,43,FALSE,FALSE
2024-06-08,Bahamas,Trinidad and Tobago,Trinidad and Tobago,Duane Muckette,45,FALSE,FALSE
2024-06-08,Bahamas,Trinidad and Tobago,Trinidad and Tobago,Reon Moore,56,FALSE,FALSE
2024-06-08,Bahamas,Trinidad and Tobago,Trinidad and Tobago,Malcolm Shaw,66,FALSE,FALSE
2024-06-08,Bahamas,Trinidad and Tobago,Trinidad and Tobago,Nathaniel James,84,FALSE,FALSE
2024-06-08,Bahamas,Trinidad and Tobago,Bahamas,Wood Julmis,86,FALSE,FALSE
2024-06-08,Belize,Nicaragua,Nicaragua,Bancy Hernández,40,FALSE,FALSE
2024-06-08,Belize,Nicaragua,Nicaragua,Juan Barrera,56,FALSE,FALSE
2024-06-08,Belize,Nicaragua,Nicaragua,Bancy Hernández,65,FALSE,FALSE
2024-06-08,Belize,Nicaragua,Nicaragua,Jaime Moreno,89,FALSE,FALSE
2024-06-08,British Virgin Islands,Guatemala,Guatemala,Óscar Castellanos,23,FALSE,FALSE
2024-06-08,British Virgin Islands,Guatemala,Guatemala,Rubio Rubin,45,FALSE,FALSE
2024-06-08,British Virgin Islands,Guatemala,Guatemala,José Carlos Pinto,47,FALSE,TRUE
2024-06-08,Cameroon,Cape Verde,Cameroon,Michael Ngadeu-Ngadjui,13,FALSE,FALSE
2024-06-08,Cameroon,Cape Verde,Cameroon,Vincent Aboubakar,25,FALSE,FALSE
2024-06-08,Cameroon,Cape Verde,Cape Verde,Jamiro Monteiro,37,FALSE,FALSE
2024-06-08,Cameroon,Cape Verde,Cameroon,Vincent Aboubakar,44,FALSE,TRUE
2024-06-08,Cameroon,Cape Verde,Cameroon,Nouhou Tolo,54,FALSE,FALSE
2024-06-08,Cayman Islands,Antigua and Barbuda,Cayman Islands,Joshwa Campbell,90,FALSE,FALSE
2024-06-08,Gambia,Seychelles,Gambia,Muhammed Badamosi,10,FALSE,FALSE
2024-06-08,Gambia,Seychelles,Seychelles,Ryan Henriette,14,FALSE,FALSE
2024-06-08,Gambia,Seychelles,Gambia,Musa Barrow,52,FALSE,TRUE
2024-06-08,Gambia,Seychelles,Gambia,Yankuba Minteh,55,FALSE,FALSE
2024-06-08,Gambia,Seychelles,Gambia,Muhammed Badamosi,66,FALSE,FALSE
2024-06-08,Gambia,Seychelles,Gambia,Adama Sidibeh,78,FALSE,FALSE
2024-06-09,Barbados,Haiti,Haiti,Louicius Don Deedson,12,FALSE,FALSE
2024-06-09,Barbados,Haiti,Haiti,Duke Lacroix,45,FALSE,FALSE
2024-06-09,Barbados,Haiti,Barbados,Niall Reid-Stephen,73,FALSE,FALSE
2024-06-09,Barbados,Haiti,Haiti,Bryan Labissiere,84,FALSE,FALSE
2024-06-09,Bermuda,Honduras,Honduras,Kervin Arriaga,15,FALSE,FALSE
2024-06-09,Bermuda,Honduras,Bermuda,Zeiko Lewis,45,FALSE,FALSE
2024-06-09,Bermuda,Honduras,Honduras,David Ruiz,49,FALSE,FALSE
2024-06-09,Bermuda,Honduras,Honduras,Edwin Rodríguez,53,FALSE,FALSE
2024-06-09,Bermuda,Honduras,Honduras,Luis Vega,57,FALSE,FALSE
2024-06-09,Bermuda,Honduras,Honduras,Andy Najar,62,FALSE,FALSE
2024-06-09,Bermuda,Honduras,Honduras,Bryan Róchez,90,FALSE,FALSE
2024-06-09,DR Congo,Togo,DR Congo,Meschak Elia,6,FALSE,FALSE
2024-06-09,Djibouti,Ethiopia,Djibouti,Gabriel Dadzie,29,FALSE,FALSE
2024-06-09,Djibouti,Ethiopia,Ethiopia,Minyelu Wondimu,31,FALSE,FALSE
2024-06-09,Dominica,Jamaica,Jamaica,Shamar Nicholson,31,FALSE,FALSE
2024-06-09,Dominica,Jamaica,Jamaica,Kaheim Dixon,43,FALSE,FALSE
2024-06-09,Dominica,Jamaica,Jamaica,Shamar Nicholson,80,FALSE,TRUE
2024-06-09,Dominica,Jamaica,Dominica,Javid George,83,FALSE,FALSE
2024-06-09,Dominica,Jamaica,Dominica,Troy Jules,89,FALSE,FALSE
2024-06-09,Grenada,Costa Rica,Costa Rica,Manfred Ugalde,9,FALSE,FALSE
2024-06-09,Grenada,Costa Rica,Costa Rica,Álvaro Zamora,34,FALSE,FALSE
2024-06-09,Grenada,Costa Rica,Costa Rica,Gerald Taylor,70,FALSE,FALSE
2024-06-09,Mauritania,Senegal,Senegal,Habib Diallo,27,FALSE,FALSE
2024-06-09,Montserrat,Panama,Panama,Jovani Welch,41,FALSE,FALSE
2024-06-09,Montserrat,Panama,Montserrat,Kaleem Simon,49,FALSE,FALSE
2024-06-09,Montserrat,Panama,Panama,José Fajardo,62,FALSE,FALSE
2024-06-09,Montserrat,Panama,Panama,José Luis Rodríguez,71,FALSE,FALSE
2024-06-09,Saint Vincent and the Grenadines,El Salvador,El Salvador,Jairo Henríquez,10,FALSE,FALSE
2024-06-09,Saint Vincent and the Grenadines,El Salvador,Saint Vincent and the Grenadines,Oalex Anderson,43,FALSE,FALSE
2024-06-09,Saint Vincent and the Grenadines,El Salvador,El Salvador,Rafael Tejada,60,FALSE,FALSE
2024-06-09,Saint Vincent and the Grenadines,El Salvador,El Salvador,Nelson Bonilla,83,FALSE,FALSE
2024-06-09,São Tomé and Príncipe,Liberia,Liberia,Sheikh Sesay,90,FALSE,FALSE
2024-06-10,Benin,Nigeria,Nigeria,Raphael Onyedika,27,FALSE,FALSE
2024-06-10,Benin,Nigeria,Benin,Jodel Dossou,37,FALSE,FALSE
2024-06-10,Benin,Nigeria,Benin,Steve Mounié,45,FALSE,FALSE
2024-06-10,Burkina Faso,Sierra Leone,Burkina Faso,Dango Ouattara,41,FALSE,FALSE
2024-06-10,Burkina Faso,Sierra Leone,Burkina Faso,Lassina Traoré,45,FALSE,TRUE
2024-06-10,Burkina Faso,Sierra Leone,Sierra Leone,Augustus Kargbo,58,FALSE,FALSE
2024-06-10,Burkina Faso,Sierra Leone,Sierra Leone,Amadou Bakayoko,88,FALSE,FALSE
2024-06-10,Equatorial Guinea,Malawi,Equatorial Guinea,Iban Salvador,81,FALSE,FALSE
2024-06-10,Ghana,Central African Republic,Ghana,Jordan Ayew,6,FALSE,TRUE
2024-06-10,Ghana,Central African Republic,Central African Republic,Louis Mafouta,11,FALSE,FALSE
2024-06-10,Ghana,Central African Republic,Central African Republic,Louis Mafouta,41,FALSE,FALSE
2024-06-10,Ghana,Central African Republic,Ghana,Jordan Ayew,60,FALSE,FALSE
2024-06-10,Ghana,Central African Republic,Ghana,Abdul Fatawu,62,FALSE,FALSE
2024-06-10,Ghana,Central African Republic,Ghana,Jordan Ayew,69,FALSE,FALSE
2024-06-10,Ghana,Central African Republic,Central African Republic,Louis Mafouta,90,FALSE,FALSE
2024-06-10,Guinea,Mozambique,Mozambique,Geny Catamo,90,FALSE,TRUE
2024-06-10,Guinea-Bissau,Egypt,Guinea-Bissau,Mama Baldé,42,FALSE,FALSE
2024-06-10,Guinea-Bissau,Egypt,Egypt,Mohamed Salah,70,FALSE,FALSE
2024-06-10,Somalia,Botswana,Botswana,Thabang Sesinyi,10,FALSE,FALSE
2024-06-10,Somalia,Botswana,Botswana,Mosha Gaolaolwe,53,FALSE,FALSE
2024-06-10,Somalia,Botswana,Botswana,Kabelo Seakanyeng,72,FALSE,TRUE
2024-06-10,Somalia,Botswana,Somalia,Sak Hassan,74,FALSE,FALSE
2024-06-10,Uganda,Algeria,Uganda,Travis Mutyaba,10,FALSE,FALSE
2024-06-10,Uganda,Algeria,Algeria,Houssem Aouar,46,FALSE,FALSE
2024-06-10,Uganda,Algeria,Algeria,Said Benrahma,58,FALSE,FALSE
2024-06-11,Angola,Cameroon,Cameroon,Bryan Mbeumo,11,FALSE,FALSE
2024-06-11,Angola,Cameroon,Angola,Michael Ngadeu-Ngadjui,54,TRUE,FALSE
2024-06-11,Australia,Palestine,Australia,Kusini Yengi,5,FALSE,TRUE
2024-06-11,Australia,Palestine,Australia,Adam Taggart,26,FALSE,FALSE
2024-06-11,Australia,Palestine,Australia,Kusini Yengi,41,FALSE,FALSE
2024-06-11,Australia,Palestine,Australia,Martin Boyle,53,FALSE,FALSE
2024-06-11,Australia,Palestine,Australia,Nestory Irankunda,87,FALSE,TRUE
2024-06-11,Cape Verde,Libya,Cape Verde,Diney,10,FALSE,FALSE
2024-06-11,Chad,Comoros,Comoros,Myziane Maolida,59,FALSE,FALSE
2024-06-11,Chad,Comoros,Comoros,El Fardou Ben Nabouhane,76,FALSE,FALSE
2024-06-11,Dominican Republic,British Virgin Islands,Dominican Republic,Rafael Núñez,2,FALSE,FALSE
2024-06-11,Dominican Republic,British Virgin Islands,Dominican Republic,Dorny Romero,15,FALSE,TRUE
2024-06-11,Dominican Republic,British Virgin Islands,Dominican Republic,Rafael Núñez,31,FALSE,FALSE
2024-06-11,Dominican Republic,British Virgin Islands,Dominican Republic,Dorny Romero,90,FALSE,FALSE
2024-06-11,Gabon,Gambia,Gambia,Yankuba Minteh,33,FALSE,FALSE
2024-06-11,Gabon,Gambia,Gabon,Jim Allevinah,52,FALSE,FALSE
2024-06-11,Gabon,Gambia,Gabon,Pierre-Emerick Aubameyang,70,FALSE,FALSE
2024-06-11,Gabon,Gambia,Gabon,Denis Bouanga,71,FALSE,FALSE
2024-06-11,Gabon,Gambia,Gambia,Ebou Adams,76,FALSE,FALSE
2024-06-11,Guyana,Belize,Guyana,Deon Moore,66,FALSE,FALSE
2024-06-11,Guyana,Belize,Guyana,Liam Gordon,67,FALSE,FALSE
2024-06-11,Guyana,Belize,Guyana,Deon Moore,72,FALSE,FALSE
2024-06-11,Guyana,Belize,Belize,Carlos Bernárdez,89,FALSE,FALSE
2024-06-11,Indonesia,Philippines,Indonesia,Thom Haye,32,FALSE,FALSE
2024-06-11,Indonesia,Philippines,Indonesia,Rizky Ridho,56,FALSE,FALSE
2024-06-11,Iraq,Vietnam,Iraq,Hussein Ali,12,FALSE,FALSE
2024-06-11,Iraq,Vietnam,Iraq,Ali Jasim,71,FALSE,FALSE
2024-06-11,Iraq,Vietnam,Vietnam,Phạm Tuấn Hải,84,FALSE,FALSE
2024-06-11,Iraq,Vietnam,Iraq,Aymen Hussein,90,FALSE,FALSE
2024-06-11,Japan,Syria,Japan,Ayase Ueda,13,FALSE,FALSE
2024-06-11,Japan,Syria,Japan,Ritsu Dōan,19,FALSE,FALSE
2024-06-11,Japan,Syria,Japan,Thaer Krouma,21,TRUE,FALSE
2024-06-11,Japan,Syria,Japan,Yuki Soma,73,FALSE,TRUE
2024-06-11,Japan,Syria,Japan,Takumi Minamino,85,FALSE,FALSE
2024-06-11,Kuwait,Afghanistan,Kuwait,Eid Al Rashidi,81,FALSE,FALSE
2024-06-11,Lebanon,Bangladesh,Lebanon,Hassan Maatouk,5,FALSE,TRUE
2024-06-11,Lebanon,Bangladesh,Lebanon,Nader Matar,45,FALSE,FALSE
2024-06-11,Lebanon,Bangladesh,Lebanon,Hassan Maatouk,49,FALSE,FALSE
2024-06-11,Lebanon,Bangladesh,Lebanon,Hassan Maatouk,60,FALSE,FALSE
2024-06-11,Lesotho,Rwanda,Rwanda,Jojea Kwizera,67,FALSE,FALSE
2024-06-11,Malaysia,Taiwan,Taiwan,Yu Yao-hsing,20,FALSE,FALSE
2024-06-11,Malaysia,Taiwan,Malaysia,Safawi Rasid,53,FALSE,FALSE
2024-06-11,Malaysia,Taiwan,Malaysia,Paulo Josué,69,FALSE,FALSE
2024-06-11,Malaysia,Taiwan,Malaysia,Adib Raop,90,FALSE,FALSE
2024-06-11,Mauritius,Eswatini,Mauritius,Mike Gaspard,19,FALSE,FALSE
2024-06-11,Mauritius,Eswatini,Mauritius,Lindsay Rose,45,FALSE,FALSE
2024-06-11,Mauritius,Eswatini,Eswatini,Andy Junior Magagula,66,FALSE,FALSE
2024-06-11,Morocco,Congo,Morocco,Azzedine Ounahi,8,FALSE,FALSE
2024-06-11,Morocco,Congo,Morocco,Chadi Riad,16,FALSE,FALSE
2024-06-11,Morocco,Congo,Morocco,Ayoub El Kaabi,30,FALSE,FALSE
2024-06-11,Morocco,Congo,Morocco,Ayoub El Kaabi,39,FALSE,FALSE
2024-06-11,Morocco,Congo,Morocco,Ayoub El Kaabi,53,FALSE,FALSE
2024-06-11,Morocco,Congo,Morocco,Soufiane Rahimi,62,FALSE,FALSE
2024-06-11,North Korea,Myanmar,North Korea,Ri Il-song,12,FALSE,FALSE
2024-06-11,North Korea,Myanmar,North Korea,Ri Jo-guk,16,FALSE,FALSE
2024-06-11,North Korea,Myanmar,North Korea,Ri Jo-guk,43,FALSE,FALSE
2024-06-11,North Korea,Myanmar,Myanmar,Wai Lin Aung,57,FALSE,FALSE
2024-06-11,North Korea,Myanmar,North Korea,Ri Jo-guk,87,FALSE,TRUE
2024-06-11,Oman,Kyrgyzstan,Kyrgyzstan,Eldiyar Zarypbekov,19,FALSE,FALSE
2024-06-11,Oman,Kyrgyzstan,Oman,Alimardon Shukurov,57,TRUE,FALSE
2024-06-11,Puerto Rico,Anguilla,Puerto Rico,Jeremy de León,20,FALSE,TRUE
2024-06-11,Puerto Rico,Anguilla,Puerto Rico,Roberto Ydrach,31,FALSE,FALSE
2024-06-11,Puerto Rico,Anguilla,Puerto Rico,Wilfredo Rivera,48,FALSE,FALSE
2024-06-11,Puerto Rico,Anguilla,Puerto Rico,Jeremy de León,51,FALSE,FALSE
2024-06-11,Puerto Rico,Anguilla,Puerto Rico,Leandro Antonetti,59,FALSE,FALSE
2024-06-11,Puerto Rico,Anguilla,Puerto Rico,Wilfredo Rivera,65,FALSE,FALSE
2024-06-11,Puerto Rico,Anguilla,Puerto Rico,Darren Ríos,71,FALSE,FALSE
2024-06-11,Puerto Rico,Anguilla,Puerto Rico,Nicolás Cardona,90,FALSE,FALSE
2024-06-11,Qatar,India,India,Lallianzuala Chhangte,37,FALSE,FALSE
2024-06-11,Qatar,India,Qatar,Yousef Aymen,73,FALSE,FALSE
2024-06-11,Qatar,India,Qatar,Ahmed Al-Rawi,85,FALSE,FALSE
2024-06-11,Saint Kitts and Nevis,Bahamas,Saint Kitts and Nevis,Ethan Bristow,12,FALSE,FALSE
2024-06-11,Saint Lucia,Aruba,Aruba,Walter Bennett,22,FALSE,FALSE
2024-06-11,Saint Lucia,Aruba,Aruba,Isaï Marselia,43,FALSE,TRUE
2024-06-11,Saint Lucia,Aruba,Saint Lucia,Ridel Stanislas,45,FALSE,FALSE
2024-06-11,Saint Lucia,Aruba,Saint Lucia,Peter Pearson,66,FALSE,FALSE
2024-06-11,Saudi Arabia,Jordan,Saudi Arabia,Ali Lajami,16,FALSE,FALSE
2024-06-11,Saudi Arabia,Jordan,Jordan,Ali Olwan,27,FALSE,FALSE
2024-06-11,Saudi Arabia,Jordan,Jordan,Noor Al-Rawabdeh,45,FALSE,FALSE
2024-06-11,Seychelles,Burundi,Burundi,Sudi Abdallah,34,FALSE,FALSE
2024-06-11,Seychelles,Burundi,Burundi,Bienvenue Kanakimana,62,FALSE,FALSE
2024-06-11,Seychelles,Burundi,Burundi,Bienvenue Kanakimana,69,FALSE,FALSE
2024-06-11,Seychelles,Burundi,Seychelles,Lorenzo Hoareau,78,FALSE,FALSE
2024-06-11,South Africa,Zimbabwe,South Africa,Iqraam Rayners,1,FALSE,FALSE
2024-06-11,South Africa,Zimbabwe,Zimbabwe,Tawanda Chirewa,2,FALSE,FALSE
2024-06-11,South Africa,Zimbabwe,South Africa,Thapelo Morena,55,FALSE,FALSE
2024-06-11,South Africa,Zimbabwe,South Africa,Thapelo Morena,76,FALSE,FALSE
2024-06-11,South Korea,China PR,South Korea,Lee Kang-in,61,FALSE,FALSE
2024-06-11,South Sudan,Sudan,Sudan,Walieldin Khedr,45,FALSE,FALSE
2024-06-11,South Sudan,Sudan,Sudan,Yaser Muzmel,51,FALSE,FALSE
2024-06-11,South Sudan,Sudan,Sudan,Mohamed Abdelrahman,78,FALSE,FALSE
2024-06-11,Tajikistan,Pakistan,Tajikistan,Shervoni Mabatshoev,35,FALSE,FALSE
2024-06-11,Tajikistan,Pakistan,Tajikistan,Manuchekhr Safarov,65,FALSE,FALSE
2024-06-11,Tajikistan,Pakistan,Tajikistan,Vahdat Hanonov,70,FALSE,FALSE
2024-06-11,Thailand,Singapore,Thailand,Suphanat Mueanta,37,FALSE,FALSE
2024-06-11,Thailand,Singapore,Singapore,Ikhsan Fandi,57,FALSE,FALSE
2024-06-11,Thailand,Singapore,Thailand,Poramet Arjvirai,79,FALSE,FALSE
2024-06-11,Thailand,Singapore,Thailand,Jaroensak Wonggorn,86,FALSE,FALSE
2024-06-11,United Arab Emirates,Bahrain,Bahrain,Mahdi Abduljabbar,4,FALSE,FALSE
2024-06-11,United Arab Emirates,Bahrain,United Arab Emirates,Sultan Adil,10,FALSE,FALSE
2024-06-11,Yemen,Nepal,Yemen,Nasser Al-Gahwashi,9,FALSE,TRUE
2024-06-11,Yemen,Nepal,Nepal,Sanjeeb Bista,22,FALSE,FALSE
2024-06-11,Yemen,Nepal,Nepal,Gillespye Jung Karki,66,FALSE,FALSE
2024-06-11,Yemen,Nepal,Yemen,Mohammed Al-Dahi,90,FALSE,FALSE
2024-06-11,Zambia,Tanzania,Tanzania,Junior Waziri,5,FALSE,FALSE
2024-06-14,Germany,Scotland,Germany,Florian Wirtz,10,FALSE,FALSE
2024-06-14,Germany,Scotland,Germany,Jamal Musiala,19,FALSE,FALSE
2024-06-14,Germany,Scotland,Germany,Kai Havertz,45,FALSE,TRUE
2024-06-14,Germany,Scotland,Germany,Niclas Füllkrug,68,FALSE,FALSE
2024-06-14,Germany,Scotland,Scotland,Antonio Rüdiger,87,TRUE,FALSE
2024-06-14,Germany,Scotland,Germany,Emre Can,90,FALSE,FALSE
2024-06-15,Hungary,Switzerland,Switzerland,Kwadwo Duah,12,FALSE,FALSE
2024-06-15,Hungary,Switzerland,Switzerland,Michel Aebischer,45,FALSE,FALSE
2024-06-15,Hungary,Switzerland,Hungary,Barnabás Varga,66,FALSE,FALSE
2024-06-15,Hungary,Switzerland,Switzerland,Breel Embolo,90,FALSE,FALSE
2024-06-15,Italy,Albania,Albania,Nedim Bajrami,1,FALSE,FALSE
2024-06-15,Italy,Albania,Italy,Alessandro Bastoni,11,FALSE,FALSE
2024-06-15,Italy,Albania,Italy,Nicolò Barella,16,FALSE,FALSE
2024-06-15,Spain,Croatia,Spain,Álvaro Morata,29,FALSE,FALSE
2024-06-15,Spain,Croatia,Spain,Fabián Ruiz,32,FALSE,FALSE
2024-06-15,Spain,Croatia,Spain,Dani Carvajal,45,FALSE,FALSE
2024-06-15,Vanuatu,Solomon Islands,Vanuatu,Kensi Tangis,72,FALSE,FALSE
2024-06-16,Fiji,Papua New Guinea,Fiji,Nabil Begg,2,FALSE,FALSE
2024-06-16,Fiji,Papua New Guinea,Fiji,Thomas Dunn,43,FALSE,FALSE
2024-06-16,Fiji,Papua New Guinea,Fiji,Thomas Dunn,52,FALSE,FALSE
2024-06-16,Fiji,Papua New Guinea,Fiji,Alwin Komolong,55,TRUE,FALSE
2024-06-16,Fiji,Papua New Guinea,Fiji,Roy Krishna,64,FALSE,FALSE
2024-06-16,Fiji,Papua New Guinea,Papua New Guinea,Tommy Semmy,88,FALSE,FALSE
2024-06-16,Poland,Netherlands,Poland,Adam Buksa,16,FALSE,FALSE
2024-06-16,Poland,Netherlands,Netherlands,Cody Gakpo,29,FALSE,FALSE
2024-06-16,Poland,Netherlands,Netherlands,Wout Weghorst,83,FALSE,FALSE
2024-06-16,Serbia,England,England,Jude Bellingham,13,FALSE,FALSE
2024-06-16,Slovenia,Denmark,Denmark,Christian Eriksen,17,FALSE,FALSE
2024-06-16,Slovenia,Denmark,Slovenia,Erik Janža,77,FALSE,FALSE
2024-06-16,Tahiti,Samoa,Tahiti,Matéo Degrumelle,4,FALSE,FALSE
2024-06-16,Tahiti,Samoa,Tahiti,Teaonui Tehau,28,FALSE,FALSE
2024-06-17,Austria,France,France,Maximilian Wöber,38,TRUE,FALSE
2024-06-17,Belgium,Slovakia,Slovakia,Ivan Schranz,7,FALSE,FALSE
2024-06-17,Romania,Ukraine,Romania,Nicolae Stanciu,29,FALSE,FALSE
2024-06-17,Romania,Ukraine,Romania,Răzvan Marin,53,FALSE,FALSE
2024-06-17,Romania,Ukraine,Romania,Denis Drăguș,57,FALSE,FALSE
2024-06-18,New Zealand,Solomon Islands,New Zealand,Ben Waine,6,FALSE,FALSE
2024-06-18,New Zealand,Solomon Islands,New Zealand,Ben Waine,11,FALSE,FALSE
2024-06-18,New Zealand,Solomon Islands,New Zealand,Kosta Barbarouses,45,FALSE,FALSE
2024-06-18,Portugal,Czech Republic,Czech Republic,Lukáš Provod,62,FALSE,FALSE
2024-06-18,Portugal,Czech Republic,Portugal,Robin Hranáč,69,TRUE,FALSE
2024-06-18,Portugal,Czech Republic,Portugal,Francisco Conceição,90,FALSE,FALSE
2024-06-18,Turkey,Georgia,Turkey,Mert Müldür,25,FALSE,FALSE
2024-06-18,Turkey,Georgia,Georgia,Georges Mikautadze,32,FALSE,FALSE
2024-06-18,Turkey,Georgia,Turkey,Arda Güler,65,FALSE,FALSE
2024-06-18,Turkey,Georgia,Turkey,Kerem Aktürkoğlu,90,FALSE,FALSE
2024-06-19,Croatia,Albania,Albania,Qazim Laçi,11,FALSE,FALSE
2024-06-19,Croatia,Albania,Croatia,Andrej Kramarić,74,FALSE,FALSE
2024-06-19,Croatia,Albania,Croatia,Klaus Gjasula,76,TRUE,FALSE
2024-06-19,Croatia,Albania,Albania,Klaus Gjasula,90,FALSE,FALSE
2024-06-19,Fiji,Samoa,Fiji,Setareki Hughes,3,FALSE,FALSE
2024-06-19,Fiji,Samoa,Fiji,Thomas Dunn,38,FALSE,FALSE
2024-06-19,Fiji,Samoa,Fiji,Roy Krishna,45,FALSE,TRUE
2024-06-19,Fiji,Samoa,Samoa,Luke Salisbury,47,FALSE,FALSE
2024-06-19,Fiji,Samoa,Fiji,Roy Krishna,53,FALSE,TRUE
2024-06-19,Fiji,Samoa,Fiji,Setareki Hughes,61,FALSE,FALSE
2024-06-19,Fiji,Samoa,Fiji,Filipe Baravilala,64,FALSE,FALSE
2024-06-19,Fiji,Samoa,Fiji,Nabil Begg,67,FALSE,FALSE
2024-06-19,Fiji,Samoa,Fiji,Etonia Dogalau,83,FALSE,FALSE
2024-06-19,Fiji,Samoa,Fiji,Etonia Dogalau,89,FALSE,FALSE
2024-06-19,Germany,Hungary,Germany,Jamal Musiala,22,FALSE,FALSE
2024-06-19,Germany,Hungary,Germany,İlkay Gündoğan,67,FALSE,FALSE
2024-06-19,Papua New Guinea,Tahiti,Tahiti,Matéo Degrumelle,15,FALSE,FALSE
2024-06-19,Papua New Guinea,Tahiti,Papua New Guinea,Pala Paul,25,FALSE,FALSE
2024-06-19,Scotland,Switzerland,Scotland,Scott McTominay,13,FALSE,FALSE
2024-06-19,Scotland,Switzerland,Switzerland,Xherdan Shaqiri,26,FALSE,FALSE
2024-06-20,Argentina,Canada,Argentina,Julián Álvarez,49,FALSE,FALSE
2024-06-20,Argentina,Canada,Argentina,Lautaro Martínez,88,FALSE,FALSE
2024-06-20,Denmark,England,England,Harry Kane,18,FALSE,FALSE
2024-06-20,Denmark,England,Denmark,Morten Hjulmand,34,FALSE,FALSE
2024-06-20,Slovenia,Serbia,Slovenia,Žan Karničnik,69,FALSE,FALSE
2024-06-20,Slovenia,Serbia,Serbia,Luka Jović,90,FALSE,FALSE
2024-06-20,Spain,Italy,Spain,Riccardo Calafiori,55,TRUE,FALSE
2024-06-21,Poland,Austria,Austria,Gernot Trauner,9,FALSE,FALSE
2024-06-21,Poland,Austria,Poland,Krzysztof Piątek,30,FALSE,FALSE
2024-06-21,Poland,Austria,Austria,Christoph Baumgartner,66,FALSE,FALSE
2024-06-21,Poland,Austria,Austria,Marko Arnautović,78,FALSE,TRUE
2024-06-21,Slovakia,Ukraine,Slovakia,Ivan Schranz,17,FALSE,FALSE
2024-06-21,Slovakia,Ukraine,Ukraine,Mykola Shaparenko,54,FALSE,FALSE
2024-06-21,Slovakia,Ukraine,Ukraine,Roman Yaremchuk,80,FALSE,FALSE
2024-06-21,Vanuatu,New Zealand,New Zealand,Max Mata,10,FALSE,FALSE
2024-06-21,Vanuatu,New Zealand,New Zealand,Brian Kaltak,27,TRUE,FALSE
2024-06-21,Vanuatu,New Zealand,New Zealand,Elijah Just,63,FALSE,FALSE
2024-06-21,Vanuatu,New Zealand,New Zealand,Ben Old,78,FALSE,FALSE
2024-06-22,Belgium,Romania,Belgium,Youri Tielemans,2,FALSE,FALSE
2024-06-22,Belgium,Romania,Belgium,Kevin De Bruyne,80,FALSE,FALSE
2024-06-22,Ecuador,Venezuela,Ecuador,Jeremy Sarmiento,40,FALSE,FALSE
2024-06-22,Ecuador,Venezuela,Venezuela,Jhonder Cádiz,64,FALSE,FALSE
2024-06-22,Ecuador,Venezuela,Venezuela,Eduard Bello,74,FALSE,FALSE
2024-06-22,Fiji,Tahiti,Fiji,Roy Krishna,26,FALSE,TRUE
2024-06-22,Georgia,Czech Republic,Georgia,Georges Mikautadze,45,FALSE,TRUE
2024-06-22,Georgia,Czech Republic,Czech Republic,Patrik Schick,59,FALSE,FALSE
2024-06-22,Mexico,Jamaica,Mexico,Gerardo Arteaga,69,FALSE,FALSE
2024-06-22,Samoa,Papua New Guinea,Papua New Guinea,Tommy Semmy,26,FALSE,FALSE
2024-06-22,Samoa,Papua New Guinea,Papua New Guinea,Ati Kepo,47,FALSE,FALSE
2024-06-22,Samoa,Papua New Guinea,Samoa,Pharrell Trainor,67,FALSE,FALSE
2024-06-22,Turkey,Portugal,Portugal,Bernardo Silva,21,FALSE,FALSE
2024-06-22,Turkey,Portugal,Portugal,Samet Akaydin,28,TRUE,FALSE
2024-06-22,Turkey,Portugal,Portugal,Bruno Fernandes,56,FALSE,FALSE
2024-06-23,Germany,Switzerland,Switzerland,Dan Ndoye,28,FALSE,FALSE
2024-06-23,Germany,Switzerland,Germany,Niclas Füllkrug,90,FALSE,FALSE
2024-06-23,Scotland,Hungary,Hungary,Kevin Csoboth,90,FALSE,FALSE
2024-06-23,United States,Bolivia,United States,Christian Pulisic,3,FALSE,FALSE
2024-06-23,United States,Bolivia,United States,Folarin Balogun,44,FALSE,FALSE
2024-06-23,Uruguay,Panama,Uruguay,Maximiliano Araújo,16,FALSE,FALSE
2024-06-23,Uruguay,Panama,Uruguay,Darwin Núñez,85,FALSE,FALSE
2024-06-23,Uruguay,Panama,Uruguay,Matías Viña,90,FALSE,FALSE
2024-06-23,Uruguay,Panama,Panama,Michael Amir Murillo,90,FALSE,FALSE
2024-06-24,Albania,Spain,Spain,Ferran Torres,13,FALSE,FALSE
2024-06-24,Colombia,Paraguay,Colombia,Daniel Muñoz,32,FALSE,FALSE
2024-06-24,Colombia,Paraguay,Colombia,Jefferson Lerma,42,FALSE,FALSE
2024-06-24,Colombia,Paraguay,Paraguay,Julio Enciso,69,FALSE,FALSE
2024-06-24,Croatia,Italy,Croatia,Luka Modrić,55,FALSE,FALSE
2024-06-24,Croatia,Italy,Italy,Mattia Zaccagni,90,FALSE,FALSE
2024-06-25,Chile,Argentina,Argentina,Lautaro Martínez,88,FALSE,FALSE
2024-06-25,France,Poland,France,Kylian Mbappé,56,FALSE,TRUE
2024-06-25,France,Poland,Poland,Robert Lewandowski,79,FALSE,TRUE
2024-06-25,Netherlands,Austria,Austria,Donyell Malen,6,TRUE,FALSE
2024-06-25,Netherlands,Austria,Netherlands,Cody Gakpo,47,FALSE,FALSE
2024-06-25,Netherlands,Austria,Austria,Romano Schmid,59,FALSE,FALSE
2024-06-25,Netherlands,Austria,Netherlands,Memphis Depay,75,FALSE,FALSE
2024-06-25,Netherlands,Austria,Austria,Marcel Sabitzer,80,FALSE,FALSE
2024-06-25,Peru,Canada,Canada,Jonathan David,74,FALSE,FALSE
2024-06-26,Czech Republic,Turkey,Turkey,Hakan Çalhanoğlu,51,FALSE,FALSE
2024-06-26,Czech Republic,Turkey,Czech Republic,Tomáš Souček,66,FALSE,FALSE
2024-06-26,Czech Republic,Turkey,Turkey,Cenk Tosun,90,FALSE,FALSE
2024-06-26,Ecuador,Jamaica,Ecuador,Kasey Palmer,13,TRUE,FALSE
2024-06-26,Ecuador,Jamaica,Ecuador,Kendry Páez,45,FALSE,TRUE
2024-06-26,Ecuador,Jamaica,Jamaica,Michail Antonio,54,FALSE,FALSE
2024-06-26,Ecuador,Jamaica,Ecuador,Alan Minda,90,FALSE,FALSE
2024-06-26,Georgia,Portugal,Georgia,Khvicha Kvaratskhelia,2,FALSE,FALSE
2024-06-26,Georgia,Portugal,Georgia,Georges Mikautadze,57,FALSE,TRUE
2024-06-26,Slovakia,Romania,Slovakia,Ondrej Duda,24,FALSE,FALSE
2024-06-26,Slovakia,Romania,Romania,Răzvan Marin,37,FALSE,TRUE
2024-06-26,Venezuela,Mexico,Venezuela,Salomón Rondón,57,FALSE,TRUE
2024-06-27,New Zealand,Tahiti,New Zealand,Finn Surman,7,FALSE,FALSE
2024-06-27,New Zealand,Tahiti,New Zealand,Ben Waine,45,FALSE,FALSE
2024-06-27,New Zealand,Tahiti,New Zealand,Kosta Barbarouses,45,FALSE,FALSE
2024-06-27,New Zealand,Tahiti,New Zealand,Ben Waine,53,FALSE,FALSE
2024-06-27,New Zealand,Tahiti,New Zealand,Kosta Barbarouses,72,FALSE,FALSE
2024-06-27,United States,Panama,United States,Folarin Balogun,22,FALSE,FALSE
2024-06-27,United States,Panama,Panama,César Blackman,26,FALSE,FALSE
2024-06-27,United States,Panama,Panama,José Fajardo,83,FALSE,FALSE
2024-06-27,Uruguay,Bolivia,Uruguay,Facundo Pellistri,8,FALSE,FALSE
2024-06-27,Uruguay,Bolivia,Uruguay,Darwin Núñez,21,FALSE,FALSE
2024-06-27,Uruguay,Bolivia,Uruguay,Maximiliano Araújo,77,FALSE,FALSE
2024-06-27,Uruguay,Bolivia,Uruguay,Federico Valverde,81,FALSE,FALSE
2024-06-27,Uruguay,Bolivia,Uruguay,Rodrigo Bentancur,89,FALSE,FALSE
2024-06-27,Vanuatu,Fiji,Vanuatu,Johnathan Spokeyjack,12,FALSE,FALSE
2024-06-27,Vanuatu,Fiji,Fiji,Sitiveni Cavuilagi,46,FALSE,FALSE
2024-06-27,Vanuatu,Fiji,Vanuatu,Jason Thomas,56,FALSE,FALSE
2024-06-28,Colombia,Costa Rica,Colombia,Luis Díaz,31,FALSE,TRUE
2024-06-28,Colombia,Costa Rica,Colombia,Davinson Sánchez,59,FALSE,FALSE
2024-06-28,Colombia,Costa Rica,Colombia,Jhon Córdoba,62,FALSE,FALSE
2024-06-28,Paraguay,Brazil,Brazil,Vinícius Júnior,35,FALSE,FALSE
2024-06-28,Paraguay,Brazil,Brazil,Sávio,43,FALSE,FALSE
2024-06-28,Paraguay,Brazil,Brazil,Vinícius Júnior,45,FALSE,FALSE
2024-06-28,Paraguay,Brazil,Paraguay,Omar Alderete,48,FALSE,FALSE
2024-06-28,Paraguay,Brazil,Brazil,Lucas Paquetá,65,FALSE,TRUE
2024-06-29,Argentina,Peru,Argentina,Lautaro Martínez,47,FALSE,FALSE
2024-06-29,Argentina,Peru,Argentina,Lautaro Martínez,86,FALSE,FALSE
2024-06-29,Germany,Denmark,Germany,Kai Havertz,53,FALSE,TRUE
2024-06-29,Germany,Denmark,Germany,Jamal Musiala,68,FALSE,FALSE
2024-06-29,Switzerland,Italy,Switzerland,Remo Freuler,37,FALSE,FALSE
2024-06-29,Switzerland,Italy,Switzerland,Ruben Vargas,46,FALSE,FALSE
2024-06-30,England,Slovakia,Slovakia,Ivan Schranz,25,FALSE,FALSE
2024-06-30,England,Slovakia,England,Jude Bellingham,90,FALSE,FALSE
2024-06-30,England,Slovakia,England,Harry Kane,91,FALSE,FALSE
2024-06-30,Jamaica,Venezuela,Venezuela,Eduard Bello,49,FALSE,FALSE
2024-06-30,Jamaica,Venezuela,Venezuela,Salomón Rondón,56,FALSE,FALSE
2024-06-30,Jamaica,Venezuela,Venezuela,Eric Ramírez,85,FALSE,FALSE
2024-06-30,Spain,Georgia,Georgia,Robin Le Normand,18,TRUE,FALSE
2024-06-30,Spain,Georgia,Spain,Rodri,39,FALSE,FALSE
2024-06-30,Spain,Georgia,Spain,Fabián Ruiz,51,FALSE,FALSE
2024-06-30,Spain,Georgia,Spain,Nico Williams,75,FALSE,FALSE
2024-06-30,Spain,Georgia,Spain,Dani Olmo,83,FALSE,FALSE
2024-06-30,Tahiti,Fiji,Fiji,Roy Krishna,58,FALSE,FALSE
2024-06-30,Tahiti,Fiji,Tahiti,Teaonui Tehau,72,FALSE,FALSE
2024-06-30,Tahiti,Fiji,Tahiti,Teaonui Tehau,83,FALSE,FALSE
2024-06-30,Vanuatu,New Zealand,New Zealand,Cameron Howieson,2,FALSE,FALSE
2024-06-30,Vanuatu,New Zealand,New Zealand,Jesse Randall,83,FALSE,FALSE
2024-06-30,Vanuatu,New Zealand,New Zealand,Max Mata,90,FALSE,FALSE
2024-07-01,Bolivia,Panama,Panama,José Fajardo,22,FALSE,FALSE
2024-07-01,Bolivia,Panama,Bolivia,Bruno Miranda,69,FALSE,FALSE
2024-07-01,Bolivia,Panama,Panama,Eduardo Guerrero,79,FALSE,FALSE
2024-07-01,Bolivia,Panama,Panama,César Yanis,90,FALSE,FALSE
2024-07-01,France,Belgium,France,Jan Vertonghen,85,TRUE,FALSE
2024-07-01,United States,Uruguay,Uruguay,Mathías Olivera,66,FALSE,FALSE
2024-07-02,Austria,Turkey,Turkey,Merih Demiral,1,FALSE,FALSE
2024-07-02,Austria,Turkey,Turkey,Merih Demiral,59,FALSE,FALSE
2024-07-02,Austria,Turkey,Austria,Michael Gregoritsch,66,FALSE,FALSE
2024-07-02,Brazil,Colombia,Brazil,Raphinha,12,FALSE,FALSE
2024-07-02,Brazil,Colombia,Colombia,Daniel Muñoz,45,FALSE,FALSE
2024-07-02,Costa Rica,Paraguay,Costa Rica,Francisco Calvo,3,FALSE,FALSE
2024-07-02,Costa Rica,Paraguay,Costa Rica,Josimar Alcócer,7,FALSE,FALSE
2024-07-02,Costa Rica,Paraguay,Paraguay,Ramón Sosa,55,FALSE,FALSE
2024-07-02,Romania,Netherlands,Netherlands,Cody Gakpo,20,FALSE,FALSE
2024-07-02,Romania,Netherlands,Netherlands,Donyell Malen,83,FALSE,FALSE
2024-07-02,Romania,Netherlands,Netherlands,Donyell Malen,90,FALSE,FALSE
2024-07-04,Argentina,Ecuador,Argentina,Lisandro Martínez,35,FALSE,FALSE
2024-07-04,Argentina,Ecuador,Ecuador,Kevin Rodríguez,90,FALSE,FALSE
2024-07-05,Germany,Spain,Spain,Dani Olmo,51,FALSE,FALSE
2024-07-05,Germany,Spain,Germany,Florian Wirtz,89,FALSE,FALSE
2024-07-05,Germany,Spain,Spain,Mikel Merino,119,FALSE,FALSE
2024-07-05,Venezuela,Canada,Canada,Jacob Shaffelburg,13,FALSE,FALSE
2024-07-05,Venezuela,Canada,Venezuela,Salomón Rondón,65,FALSE,FALSE
2024-07-06,Colombia,Panama,Colombia,Jhon Córdoba,8,FALSE,FALSE
2024-07-06,Colombia,Panama,Colombia,James Rodríguez,15,FALSE,TRUE
2024-07-06,Colombia,Panama,Colombia,Luis Díaz,41,FALSE,FALSE
2024-07-06,Colombia,Panama,Colombia,Richard Ríos,70,FALSE,FALSE
2024-07-06,Colombia,Panama,Colombia,Miguel Borja,90,FALSE,TRUE
2024-07-06,England,Switzerland,Switzerland,Breel Embolo,75,FALSE,FALSE
2024-07-06,England,Switzerland,England,Bukayo Saka,80,FALSE,FALSE
2024-07-06,Netherlands,Turkey,Turkey,Samet Akaydin,35,FALSE,FALSE
2024-07-06,Netherlands,Turkey,Netherlands,Stefan de Vrij,70,FALSE,FALSE
2024-07-06,Netherlands,Turkey,Netherlands,Mert Müldür,76,TRUE,FALSE
2024-07-09,Argentina,Canada,Argentina,Julián Álvarez,22,FALSE,FALSE
2024-07-09,Argentina,Canada,Argentina,Lionel Messi,51,FALSE,FALSE
2024-07-09,Spain,France,France,Randal Kolo Muani,9,FALSE,FALSE
2024-07-09,Spain,France,Spain,Lamine Yamal,21,FALSE,FALSE
2024-07-09,Spain,France,Spain,Dani Olmo,25,FALSE,FALSE
2024-07-10,Netherlands,England,Netherlands,Xavi Simons,7,FALSE,FALSE
2024-07-10,Netherlands,England,England,Harry Kane,18,FALSE,TRUE
2024-07-10,Netherlands,England,England,Ollie Watkins,90,FALSE,FALSE
2024-07-10,Uruguay,Colombia,Colombia,Jefferson Lerma,39,FALSE,FALSE
2024-07-13,Canada,Uruguay,Uruguay,Rodrigo Bentancur,8,FALSE,FALSE
2024-07-13,Canada,Uruguay,Canada,Ismaël Koné,22,FALSE,FALSE
2024-07-13,Canada,Uruguay,Canada,Jonathan David,80,FALSE,FALSE
2024-07-13,Canada,Uruguay,Uruguay,Luis Suárez,90,FALSE,FALSE
2024-07-14,Argentina,Colombia,Argentina,Lautaro Martínez,112,FALSE,FALSE
2024-07-14,Spain,England,Spain,Nico Williams,47,FALSE,FALSE
2024-07-14,Spain,England,England,Cole Palmer,73,FALSE,FALSE
2024-07-14,Spain,England,Spain,Mikel Oyarzabal,86,FALSE,FALSE
2024-09-05,Argentina,Chile,Argentina,Alexis Mac Allister,48,FALSE,FALSE
2024-09-05,Argentina,Chile,Argentina,Julián Alvarez,84,FALSE,FALSE
2024-09-05,Argentina,Chile,Argentina,Paulo Dybala,90,FALSE,FALSE
2024-09-05,Australia,Bahrain,Bahrain,Harry Souttar,89,TRUE,FALSE
2024-09-05,Azerbaijan,Sweden,Sweden,Alexander Isak,65,FALSE,FALSE
2024-09-05,Azerbaijan,Sweden,Sweden,Alexander Isak,71,FALSE,FALSE
2024-09-05,Azerbaijan,Sweden,Sweden,Viktor Gyökeres,80,FALSE,TRUE
2024-09-05,Azerbaijan,Sweden,Azerbaijan,Renat Dadashov,82,FALSE,FALSE
2024-09-05,Bolivia,Venezuela,Bolivia,Ramiro Vaca,13,FALSE,FALSE
2024-09-05,Bolivia,Venezuela,Bolivia,Carmelo Algarañaz,45,FALSE,TRUE
2024-09-05,Bolivia,Venezuela,Bolivia,Miguel Terceros,46,FALSE,FALSE
2024-09-05,Bolivia,Venezuela,Bolivia,Enzo Monteiro,89,FALSE,FALSE
2024-09-05,Denmark,Switzerland,Denmark,Patrick Dorgu,82,FALSE,FALSE
2024-09-05,Denmark,Switzerland,Denmark,Pierre-Emile Højbjerg,90,FALSE,FALSE
2024-09-05,Estonia,Slovakia,Slovakia,Tomáš Suslov,70,FALSE,FALSE
2024-09-05,Iran,Kyrgyzstan,Iran,Mehdi Taremi,34,FALSE,FALSE
2024-09-05,Iraq,Oman,Iraq,Aymen Hussein,13,FALSE,FALSE
2024-09-05,Japan,China PR,Japan,Wataru Endo,12,FALSE,FALSE
2024-09-05,Japan,China PR,Japan,Kaoru Mitoma,45,FALSE,FALSE
2024-09-05,Japan,China PR,Japan,Takumi Minamino,52,FALSE,FALSE
2024-09-05,Japan,China PR,Japan,Takumi Minamino,58,FALSE,FALSE
2024-09-05,Japan,China PR,Japan,Junya Itō,77,FALSE,FALSE
2024-09-05,Japan,China PR,Japan,Daizen Maeda,87,FALSE,FALSE
2024-09-05,Japan,China PR,Japan,Takefusa Kubo,90,FALSE,FALSE
2024-09-05,Jordan,Kuwait,Jordan,Musa Al-Taamari,14,FALSE,FALSE
2024-09-05,Jordan,Kuwait,Kuwait,Yousef Nasser,90,FALSE,TRUE
2024-09-05,Northern Ireland,Luxembourg,Northern Ireland,Paddy McNair,11,FALSE,FALSE
2024-09-05,Northern Ireland,Luxembourg,Northern Ireland,Daniel Ballard,16,FALSE,FALSE
2024-09-05,Portugal,Croatia,Portugal,Diogo Dalot,7,FALSE,FALSE
2024-09-05,Portugal,Croatia,Portugal,Cristiano Ronaldo,34,FALSE,FALSE
2024-09-05,Portugal,Croatia,Croatia,Diogo Dalot,41,TRUE,FALSE
2024-09-05,Qatar,United Arab Emirates,Qatar,Ibrahim Al-Hassan,38,FALSE,FALSE
2024-09-05,Qatar,United Arab Emirates,United Arab Emirates,Harib Abdalla,68,FALSE,FALSE
2024-09-05,Qatar,United Arab Emirates,United Arab Emirates,Khaled Ibrahim,80,FALSE,FALSE
2024-09-05,Qatar,United Arab Emirates,United Arab Emirates,Ali Saleh,90,FALSE,FALSE
2024-09-05,San Marino,Liechtenstein,San Marino,Nicko Sensoli,53,FALSE,FALSE
2024-09-05,Saudi Arabia,Indonesia,Indonesia,Sandy Walsh,19,FALSE,FALSE
2024-09-05,Saudi Arabia,Indonesia,Saudi Arabia,Musab Al-Juwayr,45,FALSE,FALSE
2024-09-05,Scotland,Poland,Poland,Sebastian Szymański,8,FALSE,FALSE
2024-09-05,Scotland,Poland,Poland,Robert Lewandowski,44,FALSE,TRUE
2024-09-05,Scotland,Poland,Scotland,Billy Gilmour,46,FALSE,FALSE
2024-09-05,Scotland,Poland,Scotland,Scott McTominay,76,FALSE,FALSE
2024-09-05,Scotland,Poland,Poland,Nicola Zalewski,90,FALSE,TRUE
2024-09-05,Uzbekistan,North Korea,Uzbekistan,Jaloliddin Masharipov,20,FALSE,FALSE
2024-09-06,Belgium,Israel,Belgium,Kevin De Bruyne,21,FALSE,FALSE
2024-09-06,Belgium,Israel,Israel,Timothy Castagne,36,TRUE,FALSE
2024-09-06,Belgium,Israel,Belgium,Youri Tielemans,48,FALSE,FALSE
2024-09-06,Belgium,Israel,Belgium,Kevin De Bruyne,52,FALSE,TRUE
2024-09-06,Brazil,Ecuador,Brazil,Rodrygo,30,FALSE,FALSE
2024-09-06,Cook Islands,Tonga,Tonga,Viliami Tikoipau,27,FALSE,FALSE
2024-09-06,Cook Islands,Tonga,Tonga,Hemaloto Polovili,39,FALSE,TRUE
2024-09-06,Cook Islands,Tonga,Cook Islands,Taci Kumsuz,63,FALSE,FALSE
2024-09-06,Cook Islands,Tonga,Tonga,Christopher Kefu,79,FALSE,FALSE
2024-09-06,France,Italy,France,Bradley Barcola,1,FALSE,FALSE
2024-09-06,France,Italy,Italy,Federico Dimarco,30,FALSE,FALSE
2024-09-06,France,Italy,Italy,Davide Frattesi,51,FALSE,FALSE
2024-09-06,France,Italy,Italy,Giacomo Raspadori,74,FALSE,FALSE
2024-09-06,Iceland,Montenegro,Iceland,Orri Óskarsson,39,FALSE,FALSE
2024-09-06,Iceland,Montenegro,Iceland,Jón Dagur Þorsteinsson,58,FALSE,FALSE
2024-09-06,Kosovo,Romania,Romania,Dennis Man,40,FALSE,FALSE
2024-09-06,Kosovo,Romania,Romania,Răzvan Marin,51,FALSE,TRUE
2024-09-06,Kosovo,Romania,Romania,Denis Drăguș,82,FALSE,FALSE
2024-09-06,Lithuania,Cyprus,Cyprus,Ioannis Pittas,34,FALSE,FALSE
2024-09-06,Peru,Colombia,Peru,Alexander Callens,68,FALSE,FALSE
2024-09-06,Peru,Colombia,Colombia,Luis Díaz,82,FALSE,FALSE
2024-09-06,Samoa,American Samoa,Samoa,Dilo Tumua,59,FALSE,TRUE
2024-09-06,Samoa,American Samoa,Samoa,Jarvis Vaai,90,FALSE,FALSE
2024-09-06,Slovenia,Austria,Slovenia,Benjamin Šeško,16,FALSE,TRUE
2024-09-06,Slovenia,Austria,Austria,Konrad Laimer,28,FALSE,FALSE
2024-09-07,Armenia,Latvia,Armenia,Vahan Bichakhchyan,6,FALSE,FALSE
2024-09-07,Armenia,Latvia,Latvia,Georgy Arutyunyan,9,TRUE,FALSE
2024-09-07,Armenia,Latvia,Armenia,Kaspars Dubra,35,TRUE,FALSE
2024-09-07,Armenia,Latvia,Armenia,Lucas Zelarayán,48,FALSE,FALSE
2024-09-07,Armenia,Latvia,Armenia,Eduard Spertsyan,86,FALSE,FALSE
2024-09-07,Faroe Islands,North Macedonia,Faroe Islands,Viljormur Davidsen,9,FALSE,TRUE
2024-09-07,Faroe Islands,North Macedonia,North Macedonia,Enis Bardhi,49,FALSE,TRUE
2024-09-07,Georgia,Czech Republic,Georgia,Khvicha Kvaratskhelia,33,FALSE,TRUE
2024-09-07,Georgia,Czech Republic,Georgia,Giorgi Chakvetadze,53,FALSE,FALSE
2024-09-07,Georgia,Czech Republic,Georgia,Georges Mikautadze,63,FALSE,FALSE
2024-09-07,Georgia,Czech Republic,Georgia,Giorgi Kochorashvili,66,FALSE,FALSE
2024-09-07,Georgia,Czech Republic,Czech Republic,Lukáš Kalvach,80,FALSE,FALSE
2024-09-07,Germany,Hungary,Germany,Niclas Füllkrug,27,FALSE,FALSE
2024-09-07,Germany,Hungary,Germany,Jamal Musiala,58,FALSE,FALSE
2024-09-07,Germany,Hungary,Germany,Florian Wirtz,66,FALSE,FALSE
2024-09-07,Germany,Hungary,Germany,Aleksandar Pavlović,77,FALSE,FALSE
2024-09-07,Germany,Hungary,Germany,Kai Havertz,81,FALSE,TRUE
2024-09-07,Greece,Finland,Greece,Fotis Ioannidis,23,FALSE,FALSE
2024-09-07,Greece,Finland,Greece,Benjamin Källman,37,TRUE,FALSE
2024-09-07,Greece,Finland,Greece,Fotis Ioannidis,76,FALSE,FALSE
2024-09-07,Moldova,Malta,Moldova,Mihail Caimacov,32,FALSE,FALSE
2024-09-07,Moldova,Malta,Moldova,Ion Nicolaescu,45,FALSE,TRUE
2024-09-07,Netherlands,Bosnia and Herzegovina,Netherlands,Joshua Zirkzee,13,FALSE,FALSE
2024-09-07,Netherlands,Bosnia and Herzegovina,Bosnia and Herzegovina,Ermedin Demirović,27,FALSE,FALSE
2024-09-07,Netherlands,Bosnia and Herzegovina,Netherlands,Tijjani Reijnders,45,FALSE,FALSE
2024-09-07,Netherlands,Bosnia and Herzegovina,Netherlands,Cody Gakpo,56,FALSE,FALSE
2024-09-07,Netherlands,Bosnia and Herzegovina,Bosnia and Herzegovina,Edin Džeko,73,FALSE,FALSE
2024-09-07,Netherlands,Bosnia and Herzegovina,Netherlands,Wout Weghorst,88,FALSE,FALSE
2024-09-07,Netherlands,Bosnia and Herzegovina,Netherlands,Xavi Simons,90,FALSE,FALSE
2024-09-07,Republic of Ireland,England,England,Declan Rice,11,FALSE,FALSE
2024-09-07,Republic of Ireland,England,England,Jack Grealish,26,FALSE,FALSE
2024-09-07,Ukraine,Albania,Ukraine,Yukhym Konoplya,49,FALSE,FALSE
2024-09-07,Ukraine,Albania,Albania,Ardian Ismajli,54,FALSE,FALSE
2024-09-07,Ukraine,Albania,Albania,Jasir Asani,66,FALSE,FALSE
2024-09-08,Bulgaria,Northern Ireland,Bulgaria,Kiril Despodov,40,FALSE,FALSE
2024-09-08,Croatia,Poland,Croatia,Luka Modrić,52,FALSE,FALSE
2024-09-08,Denmark,Serbia,Denmark,Albert Grønbæk,36,FALSE,FALSE
2024-09-08,Denmark,Serbia,Denmark,Yussuf Poulsen,61,FALSE,FALSE
2024-09-08,Gibraltar,Liechtenstein,Gibraltar,Liam Walker,8,FALSE,FALSE
2024-09-08,Gibraltar,Liechtenstein,Liechtenstein,Ferhat Saglam,53,FALSE,FALSE
2024-09-08,Gibraltar,Liechtenstein,Gibraltar,James Scanlon,90,FALSE,FALSE
2024-09-08,Gibraltar,Liechtenstein,Liechtenstein,Nicolas Hasler,90,FALSE,TRUE
2024-09-08,Luxembourg,Belarus,Belarus,Valery Gromyko,76,FALSE,FALSE
2024-09-08,Portugal,Scotland,Scotland,Scott McTominay,7,FALSE,FALSE
2024-09-08,Portugal,Scotland,Portugal,Bruno Fernandes,54,FALSE,FALSE
2024-09-08,Portugal,Scotland,Portugal,Cristiano Ronaldo,88,FALSE,FALSE
2024-09-08,Slovakia,Azerbaijan,Slovakia,Ondrej Duda,22,FALSE,TRUE
2024-09-08,Slovakia,Azerbaijan,Slovakia,David Strelec,26,FALSE,FALSE
2024-09-08,Sweden,Estonia,Sweden,Viktor Gyökeres,30,FALSE,FALSE
2024-09-08,Sweden,Estonia,Sweden,Alexander Isak,40,FALSE,FALSE
2024-09-08,Sweden,Estonia,Sweden,Viktor Gyökeres,44,FALSE,FALSE
2024-09-08,Switzerland,Spain,Spain,Joselu,4,FALSE,FALSE
2024-09-08,Switzerland,Spain,Spain,Fabián Ruiz,13,FALSE,FALSE
2024-09-08,Switzerland,Spain,Switzerland,Zeki Amdouni,41,FALSE,FALSE
2024-09-08,Switzerland,Spain,Spain,Fabián Ruiz,77,FALSE,FALSE
2024-09-08,Switzerland,Spain,Spain,Ferran Torres,80,FALSE,FALSE
2024-09-09,Cyprus,Kosovo,Kosovo,Vedat Muriqi,9,FALSE,TRUE
2024-09-09,Cyprus,Kosovo,Kosovo,Vedat Muriqi,21,FALSE,FALSE
2024-09-09,Cyprus,Kosovo,Kosovo,Albion Rrahmani,48,FALSE,FALSE
2024-09-09,Cyprus,Kosovo,Kosovo,Lumbardh Dellova,55,FALSE,FALSE
2024-09-09,France,Belgium,France,Randal Kolo Muani,29,FALSE,FALSE
2024-09-09,France,Belgium,France,Ousmane Dembélé,57,FALSE,FALSE
2024-09-09,Israel,Italy,Italy,Davide Frattesi,38,FALSE,FALSE
2024-09-09,Israel,Italy,Italy,Moise Kean,62,FALSE,FALSE
2024-09-09,Israel,Italy,Israel,Mohammad Abu Fani,90,FALSE,FALSE
2024-09-09,Montenegro,Wales,Wales,Kieffer Moore,1,FALSE,FALSE
2024-09-09,Montenegro,Wales,Wales,Harry Wilson,3,FALSE,FALSE
2024-09-09,Montenegro,Wales,Montenegro,Driton Camaj,73,FALSE,FALSE
2024-09-09,Norway,Austria,Norway,Felix Horn Myhre,9,FALSE,FALSE
2024-09-09,Norway,Austria,Austria,Marcel Sabitzer,37,FALSE,FALSE
2024-09-09,Norway,Austria,Norway,Erling Haaland,80,FALSE,FALSE
2024-09-09,Romania,Lithuania,Romania,Valentin Mihăilă,4,FALSE,FALSE
2024-09-09,Romania,Lithuania,Lithuania,Armandas Kučys,34,FALSE,FALSE
2024-09-09,Romania,Lithuania,Romania,Răzvan Marin,87,FALSE,TRUE
2024-09-09,Romania,Lithuania,Romania,Alexandru Mitriță,90,FALSE,FALSE
2024-09-09,Samoa,Tonga,Tonga,Ulafala Sonasi,45,FALSE,FALSE
2024-09-09,Samoa,Tonga,Samoa,Luke Salisbury,82,FALSE,FALSE
2024-09-09,Samoa,Tonga,Samoa,Jefferson Faamatau,105,FALSE,FALSE
2024-09-09,Slovenia,Kazakhstan,Slovenia,Benjamin Šeško,23,FALSE,FALSE
2024-09-09,Slovenia,Kazakhstan,Slovenia,Benjamin Šeško,28,FALSE,FALSE
2024-09-09,Slovenia,Kazakhstan,Slovenia,Benjamin Šeško,63,FALSE,FALSE
2024-09-09,Turkey,Iceland,Turkey,Kerem Aktürkoğlu,2,FALSE,FALSE
2024-09-09,Turkey,Iceland,Iceland,Victor Pálsson,37,FALSE,FALSE
2024-09-09,Turkey,Iceland,Turkey,Kerem Aktürkoğlu,52,FALSE,FALSE
2024-09-09,Turkey,Iceland,Turkey,Kerem Aktürkoğlu,88,FALSE,FALSE
2024-09-10,Albania,Georgia,Georgia,Giorgi Kochorashvili,71,FALSE,FALSE
2024-09-10,Andorra,Malta,Malta,Ryan Camenzuli,45,FALSE,FALSE
2024-09-10,Bahrain,Japan,Japan,Ayase Ueda,37,FALSE,TRUE
2024-09-10,Bahrain,Japan,Japan,Ayase Ueda,47,FALSE,FALSE
2024-09-10,Bahrain,Japan,Japan,Hidemasa Morita,61,FALSE,FALSE
2024-09-10,Bahrain,Japan,Japan,Hidemasa Morita,64,FALSE,FALSE
2024-09-10,Bahrain,Japan,Japan,Koki Ogawa,81,FALSE,FALSE
2024-09-10,Chile,Bolivia,Bolivia,Carmelo Algarañaz,13,FALSE,FALSE
2024-09-10,Chile,Bolivia,Chile,Eduardo Vargas,39,FALSE,FALSE
2024-09-10,Chile,Bolivia,Bolivia,Miguel Terceros,45,FALSE,FALSE
2024-09-10,China PR,Saudi Arabia,China PR,Ali Lajami,14,TRUE,FALSE
2024-09-10,China PR,Saudi Arabia,Saudi Arabia,Hassan Kadesh,39,FALSE,FALSE
2024-09-10,China PR,Saudi Arabia,Saudi Arabia,Hassan Kadesh,90,FALSE,FALSE
2024-09-10,Colombia,Argentina,Colombia,Yerson Mosquera,25,FALSE,FALSE
2024-09-10,Colombia,Argentina,Argentina,Nicolás González,48,FALSE,FALSE
2024-09-10,Colombia,Argentina,Colombia,James Rodríguez,60,FALSE,TRUE
2024-09-10,Czech Republic,Ukraine,Czech Republic,Pavel Šulc,21,FALSE,FALSE
2024-09-10,Czech Republic,Ukraine,Ukraine,Vladyslav Vanat,37,FALSE,FALSE
2024-09-10,Czech Republic,Ukraine,Czech Republic,Pavel Šulc,45,FALSE,FALSE
2024-09-10,Czech Republic,Ukraine,Czech Republic,Tomáš Souček,80,FALSE,TRUE
2024-09-10,Czech Republic,Ukraine,Ukraine,Heorhiy Sudakov,84,FALSE,FALSE
2024-09-10,Ecuador,Peru,Ecuador,Enner Valencia,54,FALSE,FALSE
2024-09-10,England,Finland,England,Harry Kane,57,FALSE,FALSE
2024-09-10,England,Finland,England,Harry Kane,76,FALSE,FALSE
2024-09-10,Kyrgyzstan,Uzbekistan,Kyrgyzstan,Joel Kojo,15,FALSE,FALSE
2024-09-10,Kyrgyzstan,Uzbekistan,Uzbekistan,Eldor Shomurodov,17,FALSE,FALSE
2024-09-10,Kyrgyzstan,Uzbekistan,Kyrgyzstan,Odilzhon Abdurakhmanov,35,FALSE,FALSE
2024-09-10,Kyrgyzstan,Uzbekistan,Uzbekistan,Husniddin Aliqulov,45,FALSE,FALSE
2024-09-10,Kyrgyzstan,Uzbekistan,Uzbekistan,Oston Urunov,72,FALSE,FALSE
2024-09-10,Latvia,Faroe Islands,Latvia,Renārs Varslavāns,64,FALSE,FALSE
2024-09-10,Netherlands,Germany,Netherlands,Tijjani Reijnders,2,FALSE,FALSE
2024-09-10,Netherlands,Germany,Germany,Deniz Undav,38,FALSE,FALSE
2024-09-10,Netherlands,Germany,Germany,Joshua Kimmich,45,FALSE,FALSE
2024-09-10,Netherlands,Germany,Netherlands,Denzel Dumfries,50,FALSE,FALSE
2024-09-10,North Korea,Qatar,North Korea,Ri Il-song,19,FALSE,FALSE
2024-09-10,North Korea,Qatar,Qatar,Akram Afif,31,FALSE,TRUE
2024-09-10,North Korea,Qatar,Qatar,Almoez Ali,44,FALSE,FALSE
2024-09-10,North Korea,Qatar,North Korea,Kang Kuk-chol,52,FALSE,FALSE
2024-09-10,North Macedonia,Armenia,North Macedonia,Enis Bardhi,70,FALSE,FALSE
2024-09-10,North Macedonia,Armenia,North Macedonia,Bojan Miovski,78,FALSE,FALSE
2024-09-10,Oman,South Korea,South Korea,Hwang Hee-chan,10,FALSE,FALSE
2024-09-10,Oman,South Korea,Oman,Jung Seung-hyun,45,TRUE,FALSE
2024-09-10,Oman,South Korea,South Korea,Son Heung-min,82,FALSE,FALSE
2024-09-10,Oman,South Korea,South Korea,Joo Min-kyu,90,FALSE,FALSE
2024-09-10,Palestine,Jordan,Jordan,Yazan Al-Naimat,5,FALSE,FALSE
2024-09-10,Palestine,Jordan,Palestine,Wessam Abou Ali,41,FALSE,FALSE
2024-09-10,Palestine,Jordan,Jordan,Yazan Al-Naimat,50,FALSE,FALSE
2024-09-10,Palestine,Jordan,Jordan,Noor Al-Rawabdeh,72,FALSE,FALSE
2024-09-10,Paraguay,Brazil,Paraguay,Diego Gómez,20,FALSE,FALSE
2024-09-10,Republic of Ireland,Greece,Greece,Fotis Ioannidis,50,FALSE,FALSE
2024-09-10,Republic of Ireland,Greece,Greece,Christos Tzolis,87,FALSE,FALSE
2024-09-10,United Arab Emirates,Iran,Iran,Mehdi Ghayedi,45,FALSE,FALSE
2024-10-10,Australia,China PR,China PR,Xie Wenneng,20,FALSE,FALSE
2024-10-10,Australia,China PR,Australia,Lewis Miller,45,FALSE,FALSE
2024-10-10,Australia,China PR,Australia,Craig Goodwin,53,FALSE,FALSE
2024-10-10,Australia,China PR,Australia,Nishan Velupillay,90,FALSE,FALSE
2024-10-10,Austria,Kazakhstan,Austria,Christoph Baumgartner,10,FALSE,FALSE
2024-10-10,Austria,Kazakhstan,Austria,Philipp Lienhart,54,FALSE,FALSE
2024-10-10,Austria,Kazakhstan,Austria,Marcel Sabitzer,56,FALSE,FALSE
2024-10-10,Austria,Kazakhstan,Austria,Matthias Seidl,79,FALSE,FALSE
2024-10-10,Bahrain,Indonesia,Bahrain,Mohamed Marhoon,15,FALSE,FALSE
2024-10-10,Bahrain,Indonesia,Indonesia,Ragnar Oratmangoen,45,FALSE,FALSE
2024-10-10,Bahrain,Indonesia,Indonesia,Rafael Struick,74,FALSE,FALSE
2024-10-10,Bahrain,Indonesia,Bahrain,Mohamed Marhoon,90,FALSE,FALSE
2024-10-10,Bolivia,Colombia,Bolivia,Miguel Terceros,58,FALSE,FALSE
2024-10-10,Chile,Brazil,Chile,Eduardo Vargas,2,FALSE,FALSE
2024-10-10,Chile,Brazil,Brazil,Igor Jesus,45,FALSE,FALSE
2024-10-10,Chile,Brazil,Brazil,Luiz Henrique,89,FALSE,FALSE
2024-10-10,England,Greece,Greece,Vangelis Pavlidis,49,FALSE,FALSE
2024-10-10,England,Greece,England,Jude Bellingham,87,FALSE,FALSE
2024-10-10,England,Greece,Greece,Vangelis Pavlidis,90,FALSE,FALSE
2024-10-10,Faroe Islands,Armenia,Faroe Islands,Jann Benjaminsen,37,FALSE,FALSE
2024-10-10,Faroe Islands,Armenia,Armenia,Lucas Zelarayán,44,FALSE,FALSE
2024-10-10,Faroe Islands,Armenia,Faroe Islands,Jóannes Bjartalíð,85,FALSE,FALSE
2024-10-10,Faroe Islands,Armenia,Armenia,Gor Manvelyan,90,FALSE,FALSE
2024-10-10,Fiji,Solomon Islands,Fiji,Roy Krishna,13,FALSE,FALSE
2024-10-10,Finland,Republic of Ireland,Finland,Joel Pohjanpalo,17,FALSE,FALSE
2024-10-10,Finland,Republic of Ireland,Republic of Ireland,Liam Scales,57,FALSE,FALSE
2024-10-10,Finland,Republic of Ireland,Republic of Ireland,Robbie Brady,88,FALSE,FALSE
2024-10-10,Gibraltar,San Marino,Gibraltar,Ethan Britto,62,FALSE,FALSE
2024-10-10,Iraq,Palestine,Iraq,Aymen Hussein,31,FALSE,FALSE
2024-10-10,Israel,France,France,Eduardo Camavinga,7,FALSE,FALSE
2024-10-10,Israel,France,Israel,Omri Gandelman,24,FALSE,FALSE
2024-10-10,Israel,France,France,Christopher Nkunku,28,FALSE,FALSE
2024-10-10,Israel,France,France,Mattéo Guendouzi,87,FALSE,FALSE
2024-10-10,Israel,France,France,Bradley Barcola,89,FALSE,FALSE
2024-10-10,Italy,Belgium,Italy,Andrea Cambiaso,1,FALSE,FALSE
2024-10-10,Italy,Belgium,Italy,Mateo Retegui,24,FALSE,FALSE
2024-10-10,Italy,Belgium,Belgium,Maxim De Cuyper,42,FALSE,FALSE
2024-10-10,Italy,Belgium,Belgium,Leandro Trossard,61,FALSE,FALSE
2024-10-10,Jordan,South Korea,South Korea,Lee Jae-sung,38,FALSE,FALSE
2024-10-10,Jordan,South Korea,South Korea,Oh Hyeon-gyu,68,FALSE,FALSE
2024-10-10,Latvia,North Macedonia,North Macedonia,Jani Atanasov,35,FALSE,FALSE
2024-10-10,Latvia,North Macedonia,North Macedonia,Lirim Qamili,70,FALSE,FALSE
2024-10-10,Latvia,North Macedonia,North Macedonia,Elif Elmas,90,FALSE,FALSE
2024-10-10,Moldova,Andorra,Moldova,Artur Ioniță,31,FALSE,FALSE
2024-10-10,Moldova,Andorra,Moldova,Maxim Cojocaru,90,FALSE,FALSE
2024-10-10,Norway,Slovenia,Norway,Erling Haaland,7,FALSE,FALSE
2024-10-10,Norway,Slovenia,Norway,Alexander Sørloth,52,FALSE,FALSE
2024-10-10,Norway,Slovenia,Norway,Erling Haaland,62,FALSE,FALSE
2024-10-10,Oman,Kuwait,Oman,Abdulrahman Al-Mushaifri,17,FALSE,FALSE
2024-10-10,Oman,Kuwait,Oman,Muhsen Al-Ghassani,30,FALSE,FALSE
2024-10-10,Oman,Kuwait,Oman,Abdulrahman Al-Mushaifri,58,FALSE,FALSE
2024-10-10,Oman,Kuwait,Oman,Abdullah Fawaz,79,FALSE,FALSE
2024-10-10,Papua New Guinea,New Caledonia,New Caledonia,Joseph Athale,20,FALSE,TRUE
2024-10-10,Papua New Guinea,New Caledonia,New Caledonia,Georges Gope-Fenepej,45,FALSE,FALSE
2024-10-10,Papua New Guinea,New Caledonia,Papua New Guinea,Tommy Semmy,78,FALSE,FALSE
2024-10-10,Papua New Guinea,New Caledonia,New Caledonia,Germain Haewegene,83,FALSE,FALSE
2024-10-10,Qatar,Kyrgyzstan,Qatar,Almoez Ali,39,FALSE,FALSE
2024-10-10,Qatar,Kyrgyzstan,Qatar,Tamirlan Kozubaev,63,TRUE,FALSE
2024-10-10,Qatar,Kyrgyzstan,Kyrgyzstan,Alimardon Shukurov,76,FALSE,FALSE
2024-10-10,Qatar,Kyrgyzstan,Qatar,Ibrahim Al-Hassan,81,FALSE,FALSE
2024-10-10,Saudi Arabia,Japan,Japan,Daichi Kamada,14,FALSE,FALSE
2024-10-10,Saudi Arabia,Japan,Japan,Kōki Ogawa,81,FALSE,FALSE
2024-10-10,United Arab Emirates,North Korea,United Arab Emirates,Yahya Al-Ghassani,66,FALSE,FALSE
2024-10-10,United Arab Emirates,North Korea,North Korea,Jong Il-gwan,86,FALSE,FALSE
2024-10-10,Venezuela,Argentina,Argentina,Nicolás Otamendi,13,FALSE,FALSE
2024-10-10,Venezuela,Argentina,Venezuela,Salomón Rondón,65,FALSE,FALSE
2024-10-11,Bosnia and Herzegovina,Germany,Germany,Deniz Undav,30,FALSE,FALSE
2024-10-11,Bosnia and Herzegovina,Germany,Germany,Deniz Undav,36,FALSE,FALSE
2024-10-11,Bosnia and Herzegovina,Germany,Bosnia and Herzegovina,Edin Džeko,70,FALSE,FALSE
2024-10-11,Czech Republic,Albania,Czech Republic,Tomáš Chorý,3,FALSE,FALSE
2024-10-11,Czech Republic,Albania,Czech Republic,Tomáš Chorý,63,FALSE,FALSE
2024-10-11,Estonia,Azerbaijan,Estonia,Ioan Yakovlev,32,FALSE,FALSE
2024-10-11,Estonia,Azerbaijan,Estonia,Vlasiy Sinyavskiy,45,FALSE,FALSE
2024-10-11,Estonia,Azerbaijan,Azerbaijan,Toral Bayramov,45,FALSE,TRUE
2024-10-11,Estonia,Azerbaijan,Estonia,Rocco Robert Shein,71,FALSE,FALSE
2024-10-11,Hungary,Netherlands,Hungary,Roland Sallai,32,FALSE,FALSE
2024-10-11,Hungary,Netherlands,Netherlands,Denzel Dumfries,83,FALSE,FALSE
2024-10-11,Iceland,Wales,Wales,Brennan Johnson,11,FALSE,FALSE
2024-10-11,Iceland,Wales,Wales,Harry Wilson,29,FALSE,FALSE
2024-10-11,Iceland,Wales,Iceland,Logi Tómasson,69,FALSE,FALSE
2024-10-11,Iceland,Wales,Iceland,Danny Ward,72,TRUE,FALSE
2024-10-11,New Zealand,Tahiti,New Zealand,Elijah Just,2,FALSE,FALSE
2024-10-11,New Zealand,Tahiti,New Zealand,Chris Wood,67,FALSE,FALSE
2024-10-11,New Zealand,Tahiti,New Zealand,Ben Waine,89,FALSE,FALSE
2024-10-11,Peru,Uruguay,Peru,Miguel Araujo,88,FALSE,FALSE
2024-10-11,Slovakia,Sweden,Sweden,Yasin Ayari,25,FALSE,FALSE
2024-10-11,Slovakia,Sweden,Sweden,Ken Sema,32,FALSE,FALSE
2024-10-11,Slovakia,Sweden,Slovakia,David Strelec,44,FALSE,FALSE
2024-10-11,Slovakia,Sweden,Slovakia,David Strelec,72,FALSE,FALSE
2024-10-11,Turkey,Montenegro,Turkey,İrfan Kahveci,69,FALSE,FALSE
2024-10-11,Ukraine,Georgia,Ukraine,Mykhailo Mudryk,35,FALSE,FALSE
2024-10-12,Croatia,Scotland,Scotland,Ryan Christie,33,FALSE,FALSE
2024-10-12,Croatia,Scotland,Croatia,Igor Matanović,36,FALSE,FALSE
2024-10-12,Croatia,Scotland,Croatia,Andrej Kramarić,70,FALSE,FALSE
2024-10-12,Cyprus,Romania,Romania,Dennis Man,16,FALSE,FALSE
2024-10-12,Cyprus,Romania,Romania,Răzvan Marin,25,FALSE,TRUE
2024-10-12,Cyprus,Romania,Romania,Radu Drăgușin,36,FALSE,FALSE
2024-10-12,Lithuania,Kosovo,Kosovo,Edon Zhegrova,20,FALSE,FALSE
2024-10-12,Lithuania,Kosovo,Kosovo,Ermal Krasniqi,65,FALSE,FALSE
2024-10-12,Lithuania,Kosovo,Lithuania,Paulius Golubickas,84,FALSE,FALSE
2024-10-12,Poland,Portugal,Portugal,Bernardo Silva,26,FALSE,FALSE
2024-10-12,Poland,Portugal,Portugal,Cristiano Ronaldo,37,FALSE,FALSE
2024-10-12,Poland,Portugal,Poland,Piotr Zieliński,78,FALSE,FALSE
2024-10-12,Poland,Portugal,Portugal,Jan Bednarek,88,TRUE,FALSE
2024-10-12,Serbia,Switzerland,Serbia,Nico Elvedi,45,TRUE,FALSE
2024-10-12,Serbia,Switzerland,Serbia,Aleksandar Mitrović,61,FALSE,FALSE
2024-10-12,Spain,Denmark,Spain,Martin Zubimendi,79,FALSE,FALSE
2024-10-12,Vanuatu,Samoa,Vanuatu,Mitch Cooper,7,FALSE,FALSE
2024-10-12,Vanuatu,Samoa,Vanuatu,John Alick,36,FALSE,FALSE
2024-10-12,Vanuatu,Samoa,Samoa,Nathan Viliamu,55,FALSE,FALSE
2024-10-12,Vanuatu,Samoa,Vanuatu,John Alick,57,FALSE,FALSE
2024-10-12,Vanuatu,Samoa,Vanuatu,Bong Kalo,90,FALSE,FALSE
2024-10-13,Armenia,North Macedonia,North Macedonia,Bojan Miovski,72,FALSE,FALSE
2024-10-13,Armenia,North Macedonia,North Macedonia,Isnik Alimi,85,FALSE,FALSE
2024-10-13,Austria,Norway,Austria,Marko Arnautović,8,FALSE,FALSE
2024-10-13,Austria,Norway,Norway,Alexander Sørloth,39,FALSE,FALSE
2024-10-13,Austria,Norway,Austria,Marko Arnautović,49,FALSE,TRUE
2024-10-13,Austria,Norway,Austria,Philipp Lienhart,58,FALSE,FALSE
2024-10-13,Austria,Norway,Austria,Stefan Posch,62,FALSE,FALSE
2024-10-13,Austria,Norway,Austria,Michael Gregoritsch,71,FALSE,FALSE
2024-10-13,Faroe Islands,Latvia,Faroe Islands,Hanus Sørensen,40,FALSE,FALSE
2024-10-13,Faroe Islands,Latvia,Latvia,Dario Šits,69,FALSE,FALSE
2024-10-13,Finland,England,England,Jack Grealish,18,FALSE,FALSE
2024-10-13,Finland,England,England,Trent Alexander-Arnold,74,FALSE,FALSE
2024-10-13,Finland,England,England,Declan Rice,84,FALSE,FALSE
2024-10-13,Finland,England,Finland,Arttu Hoskonen,87,FALSE,FALSE
2024-10-13,Greece,Republic of Ireland,Greece,Anastasios Bakasetas,48,FALSE,FALSE
2024-10-13,Greece,Republic of Ireland,Greece,Petros Mantalos,90,FALSE,FALSE
2024-10-13,Kazakhstan,Slovenia,Slovenia,Jan Mlakar,55,FALSE,FALSE
2024-10-13,Malta,Moldova,Malta,Teddy Teuma,87,FALSE,TRUE
2024-10-14,Azerbaijan,Slovakia,Slovakia,Rahil Mammadov,15,TRUE,FALSE
2024-10-14,Azerbaijan,Slovakia,Azerbaijan,Toral Bayramov,38,FALSE,FALSE
2024-10-14,Azerbaijan,Slovakia,Slovakia,Lukáš Haraslín,75,FALSE,FALSE
2024-10-14,Azerbaijan,Slovakia,Slovakia,Dávid Ďuriš,86,FALSE,FALSE
2024-10-14,Belgium,France,France,Randal Kolo Muani,35,FALSE,TRUE
2024-10-14,Belgium,France,Belgium,Loïs Openda,45,FALSE,FALSE
2024-10-14,Belgium,France,France,Randal Kolo Muani,62,FALSE,FALSE
2024-10-14,Bosnia and Herzegovina,Hungary,Hungary,Dominik Szoboszlai,38,FALSE,FALSE
2024-10-14,Bosnia and Herzegovina,Hungary,Hungary,Dominik Szoboszlai,50,FALSE,TRUE
2024-10-14,Estonia,Sweden,Sweden,Sebastian Nanasi,29,FALSE,FALSE
2024-10-14,Estonia,Sweden,Sweden,Sebastian Nanasi,37,FALSE,FALSE
2024-10-14,Estonia,Sweden,Sweden,Viktor Gyökeres,66,FALSE,FALSE
2024-10-14,Georgia,Albania,Albania,Kristjan Asllani,48,FALSE,FALSE
2024-10-14,Germany,Netherlands,Germany,Jamie Leweling,64,FALSE,FALSE
2024-10-14,Iceland,Turkey,Iceland,Orri Óskarsson,3,FALSE,FALSE
2024-10-14,Iceland,Turkey,Turkey,İrfan Kahveci,62,FALSE,FALSE
2024-10-14,Iceland,Turkey,Turkey,Hakan Çalhanoğlu,67,FALSE,TRUE
2024-10-14,Iceland,Turkey,Iceland,Andri Guðjohnsen,83,FALSE,FALSE
2024-10-14,Iceland,Turkey,Turkey,Arda Güler,88,FALSE,FALSE
2024-10-14,Iceland,Turkey,Turkey,Kerem Aktürkoğlu,90,FALSE,FALSE
2024-10-14,Italy,Israel,Italy,Mateo Retegui,41,FALSE,TRUE
2024-10-14,Italy,Israel,Italy,Giovanni Di Lorenzo,54,FALSE,FALSE
2024-10-14,Italy,Israel,Israel,Mohammad Abu Fani,66,FALSE,FALSE
2024-10-14,Italy,Israel,Italy,Davide Frattesi,72,FALSE,FALSE
2024-10-14,Italy,Israel,Italy,Giovanni Di Lorenzo,79,FALSE,FALSE
2024-10-14,Ukraine,Czech Republic,Czech Republic,Lukáš Červ,18,FALSE,FALSE
2024-10-14,Ukraine,Czech Republic,Ukraine,Artem Dovbyk,52,FALSE,TRUE
2024-10-14,Wales,Montenegro,Wales,Harry Wilson,36,FALSE,TRUE
2024-10-15,Argentina,Bolivia,Argentina,Lionel Messi,19,FALSE,FALSE
2024-10-15,Argentina,Bolivia,Argentina,Lautaro Martínez,43,FALSE,FALSE
2024-10-15,Argentina,Bolivia,Argentina,Julián Alvarez,45,FALSE,FALSE
2024-10-15,Argentina,Bolivia,Argentina,Thiago Almada,69,FALSE,FALSE
2024-10-15,Argentina,Bolivia,Argentina,Lionel Messi,84,FALSE,FALSE
2024-10-15,Argentina,Bolivia,Argentina,Lionel Messi,86,FALSE,FALSE
2024-10-15,Belarus,Luxembourg,Belarus,Sergei Politevich,54,FALSE,FALSE
2024-10-15,Belarus,Luxembourg,Luxembourg,Gerson Rodrigues,78,FALSE,TRUE
2024-10-15,Brazil,Peru,Brazil,Raphinha,38,FALSE,TRUE
2024-10-15,Brazil,Peru,Brazil,Raphinha,54,FALSE,TRUE
2024-10-15,Brazil,Peru,Brazil,Andreas Pereira,71,FALSE,FALSE
2024-10-15,Brazil,Peru,Brazil,Luiz Henrique,74,FALSE,FALSE
2024-10-15,China PR,Indonesia,China PR,Behram Abduweli,21,FALSE,FALSE
2024-10-15,China PR,Indonesia,China PR,Zhang Yuning,44,FALSE,FALSE
2024-10-15,China PR,Indonesia,Indonesia,Thom Haye,86,FALSE,FALSE
2024-10-15,Colombia,Chile,Colombia,Davinson Sánchez,34,FALSE,FALSE
2024-10-15,Colombia,Chile,Colombia,Luis Díaz,52,FALSE,FALSE
2024-10-15,Colombia,Chile,Colombia,Jhon Durán,84,FALSE,FALSE
2024-10-15,Colombia,Chile,Colombia,Luis Sinisterra,90,FALSE,FALSE
2024-10-15,Iran,Qatar,Qatar,Almoez Ali,17,FALSE,FALSE
2024-10-15,Iran,Qatar,Iran,Sardar Azmoun,42,FALSE,FALSE
2024-10-15,Iran,Qatar,Iran,Sardar Azmoun,48,FALSE,FALSE
2024-10-15,Iran,Qatar,Iran,Mohammad Mohebi,65,FALSE,FALSE
2024-10-15,Iran,Qatar,Iran,Ismaeel Mohammad,90,TRUE,FALSE
2024-10-15,Japan,Australia,Australia,Shogo Taniguchi,58,TRUE,FALSE
2024-10-15,Japan,Australia,Japan,Cameron Burgess,76,TRUE,FALSE
2024-10-15,Jordan,Oman,Jordan,Yazan Al-Naimat,26,FALSE,FALSE
2024-10-15,Jordan,Oman,Jordan,Ali Olwan,49,FALSE,TRUE
2024-10-15,Jordan,Oman,Jordan,Yazan Al-Naimat,54,FALSE,FALSE
2024-10-15,Jordan,Oman,Jordan,Ali Olwan,87,FALSE,FALSE
2024-10-15,Kosovo,Cyprus,Kosovo,Amir Rrahmani,30,FALSE,FALSE
2024-10-15,Kosovo,Cyprus,Kosovo,Ermal Krasniqi,52,FALSE,FALSE
2024-10-15,Kosovo,Cyprus,Kosovo,Emir Sahiti,70,FALSE,FALSE
2024-10-15,Kyrgyzstan,North Korea,Kyrgyzstan,Khristiyan Brauzman,11,FALSE,FALSE
2024-10-15,Lithuania,Romania,Lithuania,Armandas Kučys,7,FALSE,TRUE
2024-10-15,Lithuania,Romania,Romania,Răzvan Marin,18,FALSE,TRUE
2024-10-15,Lithuania,Romania,Romania,Denis Drăguș,65,FALSE,FALSE
2024-10-15,Northern Ireland,Bulgaria,Northern Ireland,Isaac Price,15,FALSE,FALSE
2024-10-15,Northern Ireland,Bulgaria,Northern Ireland,Isaac Price,29,FALSE,FALSE
2024-10-15,Northern Ireland,Bulgaria,Northern Ireland,Dimitar Mitov,32,TRUE,FALSE
2024-10-15,Northern Ireland,Bulgaria,Northern Ireland,Isaac Price,81,FALSE,FALSE
2024-10-15,Northern Ireland,Bulgaria,Northern Ireland,Josh Magennis,89,FALSE,FALSE
2024-10-15,Palestine,Kuwait,Kuwait,Yousef Nasser,31,FALSE,TRUE
2024-10-15,Palestine,Kuwait,Palestine,Wessam Abou Ali,41,FALSE,TRUE
2024-10-15,Palestine,Kuwait,Kuwait,Yousef Nasser,80,FALSE,FALSE
2024-10-15,Palestine,Kuwait,Palestine,Zaid Qunbar,90,FALSE,FALSE
2024-10-15,Paraguay,Venezuela,Venezuela,Jon Aramburu,25,FALSE,FALSE
2024-10-15,Paraguay,Venezuela,Paraguay,Antonio Sanabria,59,FALSE,FALSE
2024-10-15,Paraguay,Venezuela,Paraguay,Antonio Sanabria,74,FALSE,FALSE
2024-10-15,Poland,Croatia,Poland,Piotr Zieliński,5,FALSE,FALSE
2024-10-15,Poland,Croatia,Croatia,Borna Sosa,19,FALSE,FALSE
2024-10-15,Poland,Croatia,Croatia,Petar Sučić,24,FALSE,FALSE
2024-10-15,Poland,Croatia,Croatia,Martin Baturina,26,FALSE,FALSE
2024-10-15,Poland,Croatia,Poland,Nicola Zalewski,45,FALSE,FALSE
2024-10-15,Poland,Croatia,Poland,Sebastian Szymański,68,FALSE,FALSE
2024-10-15,South Korea,Iraq,South Korea,Oh Se-hun,41,FALSE,FALSE
2024-10-15,South Korea,Iraq,Iraq,Aymen Hussein,50,FALSE,FALSE
2024-10-15,South Korea,Iraq,South Korea,Oh Hyeon-gyu,74,FALSE,FALSE
2024-10-15,South Korea,Iraq,South Korea,Lee Jae-sung,83,FALSE,FALSE
2024-10-15,South Korea,Iraq,Iraq,Ibrahim Bayesh,90,FALSE,FALSE
2024-10-15,Spain,Serbia,Spain,Aymeric Laporte,5,FALSE,FALSE
2024-10-15,Spain,Serbia,Spain,Álvaro Morata,65,FALSE,FALSE
2024-10-15,Spain,Serbia,Spain,Álex Baena,77,FALSE,FALSE
2024-10-15,Switzerland,Denmark,Switzerland,Remo Freuler,26,FALSE,FALSE
2024-10-15,Switzerland,Denmark,Denmark,Gustav Isaksen,27,FALSE,FALSE
2024-10-15,Switzerland,Denmark,Switzerland,Zeki Amdouni,45,FALSE,TRUE
2024-10-15,Switzerland,Denmark,Denmark,Christian Eriksen,69,FALSE,FALSE
2024-10-15,Uzbekistan,United Arab Emirates,Uzbekistan,Otabek Shukurov,76,FALSE,TRUE
2024-11-14,Armenia,Faroe Islands,Faroe Islands,Viljormur Davidsen,33,FALSE,TRUE
2024-11-14,Bahrain,China PR,China PR,Zhang Yuning,90,FALSE,FALSE
2024-11-14,Belgium,Italy,Italy,Sandro Tonali,11,FALSE,FALSE
2024-11-14,Ecuador,Bolivia,Ecuador,Enner Valencia,26,FALSE,TRUE
2024-11-14,Ecuador,Bolivia,Ecuador,Gonzalo Plata,28,FALSE,FALSE
2024-11-14,Ecuador,Bolivia,Ecuador,Gonzalo Plata,49,FALSE,FALSE
2024-11-14,Ecuador,Bolivia,Ecuador,Alan Minda,61,FALSE,FALSE
2024-11-14,Greece,England,England,Ollie Watkins,7,FALSE,FALSE
2024-11-14,Greece,England,England,Odisseas Vlachodimos,78,TRUE,FALSE
2024-11-14,Greece,England,England,Curtis Jones,83,FALSE,FALSE
2024-11-14,Kazakhstan,Austria,Austria,Christoph Baumgartner,15,FALSE,FALSE
2024-11-14,Kazakhstan,Austria,Austria,Michael Gregoritsch,25,FALSE,FALSE
2024-11-14,Kuwait,South Korea,South Korea,Oh Se-hun,10,FALSE,FALSE
2024-11-14,Kuwait,South Korea,South Korea,Son Heung-min,19,FALSE,TRUE
2024-11-14,Kuwait,South Korea,Kuwait,Mohammad Daham,60,FALSE,FALSE
2024-11-14,Kuwait,South Korea,South Korea,Bae Jun-ho,74,FALSE,FALSE
2024-11-14,North Korea,Iran,Iran,Mehdi Ghayedi,29,FALSE,FALSE
2024-11-14,North Korea,Iran,Iran,Mohammad Mohebi,41,FALSE,FALSE
2024-11-14,North Korea,Iran,Iran,Mohammad Mohebi,45,FALSE,FALSE
2024-11-14,North Korea,Iran,North Korea,Mehdi Taremi,56,TRUE,FALSE
2024-11-14,North Korea,Iran,North Korea,Kim Yu-song,59,FALSE,FALSE
2024-11-14,North Macedonia,Latvia,North Macedonia,Nikola Serafimov,57,FALSE,FALSE
2024-11-14,Oman,Palestine,Oman,Muhsen Al-Ghassani,83,FALSE,FALSE
2024-11-14,Papua New Guinea,Fiji,Papua New Guinea,Joseph Joe,2,FALSE,FALSE
2024-11-14,Papua New Guinea,Fiji,Fiji,Thomas Dunn,42,FALSE,FALSE
2024-11-14,Papua New Guinea,Fiji,Papua New Guinea,Ati Kepo,45,FALSE,FALSE
2024-11-14,Papua New Guinea,Fiji,Fiji,Roy Krishna,54,FALSE,TRUE
2024-11-14,Papua New Guinea,Fiji,Papua New Guinea,Raymond Gunemba,90,FALSE,FALSE
2024-11-14,Papua New Guinea,Fiji,Fiji,Merrill Nand,90,FALSE,FALSE
2024-11-14,Paraguay,Argentina,Argentina,Lautaro Martínez,11,FALSE,FALSE
2024-11-14,Paraguay,Argentina,Paraguay,Antonio Sanabria,19,FALSE,FALSE
2024-11-14,Paraguay,Argentina,Paraguay,Omar Alderete,47,FALSE,FALSE
2024-11-14,Qatar,Uzbekistan,Qatar,Almoez Ali,25,FALSE,FALSE
2024-11-14,Qatar,Uzbekistan,Qatar,Almoez Ali,41,FALSE,FALSE
2024-11-14,Qatar,Uzbekistan,Uzbekistan,Abbosbek Fayzullaev,75,FALSE,FALSE
2024-11-14,Qatar,Uzbekistan,Uzbekistan,Abbosbek Fayzullaev,80,FALSE,FALSE
2024-11-14,Qatar,Uzbekistan,Qatar,Lucas Mendes,90,FALSE,FALSE
2024-11-14,Republic of Ireland,Finland,Republic of Ireland,Evan Ferguson,45,FALSE,FALSE
2024-11-14,Slovenia,Norway,Norway,Antonio Nusa,4,FALSE,FALSE
2024-11-14,Slovenia,Norway,Slovenia,Benjamin Šeško,21,FALSE,TRUE
2024-11-14,Slovenia,Norway,Norway,Erling Haaland,45,FALSE,FALSE
2024-11-14,Slovenia,Norway,Norway,Antonio Nusa,59,FALSE,FALSE
2024-11-14,Slovenia,Norway,Norway,Jens Petter Hauge,82,FALSE,FALSE
2024-11-14,Solomon Islands,New Caledonia,New Caledonia,Joseph Athale,6,FALSE,TRUE
2024-11-14,Solomon Islands,New Caledonia,Solomon Islands,Raphael Lea'i,9,FALSE,FALSE
2024-11-14,Solomon Islands,New Caledonia,Solomon Islands,Javin Alick,39,FALSE,FALSE
2024-11-14,Solomon Islands,New Caledonia,New Caledonia,Joseph Athale,59,FALSE,TRUE
2024-11-14,Solomon Islands,New Caledonia,New Caledonia,Gérard Waia,69,FALSE,FALSE
2024-11-14,United Arab Emirates,Kyrgyzstan,United Arab Emirates,Harib Abdalla,15,FALSE,FALSE
2024-11-14,United Arab Emirates,Kyrgyzstan,United Arab Emirates,Marcus Meloni,35,FALSE,FALSE
2024-11-14,United Arab Emirates,Kyrgyzstan,United Arab Emirates,Harib Abdalla,89,FALSE,FALSE
2024-11-14,Venezuela,Brazil,Brazil,Raphinha,43,FALSE,FALSE
2024-11-14,Venezuela,Brazil,Venezuela,Telasco Segovia,46,FALSE,FALSE
2024-11-15,Cyprus,Lithuania,Cyprus,Grigoris Kastanos,18,FALSE,FALSE
2024-11-15,Cyprus,Lithuania,Lithuania,Gvidas Gineitis,47,FALSE,FALSE
2024-11-15,Cyprus,Lithuania,Cyprus,Marinos Tzionis,63,FALSE,FALSE
2024-11-15,Denmark,Spain,Spain,Mikel Oyarzabal,15,FALSE,FALSE
2024-11-15,Denmark,Spain,Spain,Ayoze Pérez,58,FALSE,FALSE
2024-11-15,Denmark,Spain,Denmark,Gustav Isaksen,84,FALSE,FALSE
2024-11-15,Indonesia,Japan,Japan,Justin Hubner,35,TRUE,FALSE
2024-11-15,Indonesia,Japan,Japan,Takumi Minamino,40,FALSE,FALSE
2024-11-15,Indonesia,Japan,Japan,Hidemasa Morita,49,FALSE,FALSE
2024-11-15,Indonesia,Japan,Japan,Yukinari Sugawara,69,FALSE,FALSE
2024-11-15,Luxembourg,Bulgaria,Bulgaria,Andrian Kraev,23,FALSE,FALSE
2024-11-15,New Zealand,Vanuatu,New Zealand,Matthew Garbett,11,FALSE,FALSE
2024-11-15,New Zealand,Vanuatu,Vanuatu,Jordy Tasip,17,FALSE,FALSE
2024-11-15,New Zealand,Vanuatu,New Zealand,Chris Wood,23,FALSE,FALSE
2024-11-15,New Zealand,Vanuatu,New Zealand,Chris Wood,24,FALSE,FALSE
2024-11-15,New Zealand,Vanuatu,New Zealand,Tyler Bindon,32,FALSE,FALSE
2024-11-15,New Zealand,Vanuatu,New Zealand,Brian Kaltak,38,TRUE,FALSE
2024-11-15,New Zealand,Vanuatu,New Zealand,Elijah Just,74,FALSE,FALSE
2024-11-15,New Zealand,Vanuatu,New Zealand,Sarpreet Singh,82,FALSE,FALSE
2024-11-15,New Zealand,Vanuatu,New Zealand,Callum McCowatt,89,FALSE,FALSE
2024-11-15,Northern Ireland,Belarus,Northern Ireland,Daniel Ballard,50,FALSE,FALSE
2024-11-15,Northern Ireland,Belarus,Northern Ireland,Dion Charles,63,FALSE,TRUE
2024-11-15,Portugal,Poland,Portugal,Rafael Leão,59,FALSE,FALSE
2024-11-15,Portugal,Poland,Portugal,Cristiano Ronaldo,72,FALSE,TRUE
2024-11-15,Portugal,Poland,Portugal,Bruno Fernandes,80,FALSE,FALSE
2024-11-15,Portugal,Poland,Portugal,Pedro Neto,83,FALSE,FALSE
2024-11-15,Portugal,Poland,Portugal,Cristiano Ronaldo,87,FALSE,FALSE
2024-11-15,Portugal,Poland,Poland,Dominik Marczuk,88,FALSE,FALSE
2024-11-15,Samoa,Tahiti,Tahiti,Eddy Kaspard,59,FALSE,FALSE
2024-11-15,Samoa,Tahiti,Tahiti,Benoît Mathon,65,FALSE,FALSE
2024-11-15,Samoa,Tahiti,Tahiti,Teaonui Tehau,87,FALSE,FALSE
2024-11-15,San Marino,Gibraltar,Gibraltar,Liam Walker,11,FALSE,TRUE
2024-11-15,San Marino,Gibraltar,San Marino,Nicola Nanni,90,FALSE,TRUE
2024-11-15,Scotland,Croatia,Scotland,John McGinn,86,FALSE,FALSE
2024-11-15,Switzerland,Serbia,Switzerland,Zeki Amdouni,78,FALSE,FALSE
2024-11-15,Switzerland,Serbia,Serbia,Aleksa Terzić,88,FALSE,FALSE
2024-11-15,Uruguay,Colombia,Colombia,Juan Fernando Quintero,31,FALSE,FALSE
2024-11-15,Uruguay,Colombia,Uruguay,Davinson Sánchez,57,TRUE,FALSE
2024-11-15,Uruguay,Colombia,Uruguay,Rodrigo Aguirre,60,FALSE,FALSE
2024-11-15,Uruguay,Colombia,Uruguay,Manuel Ugarte,90,FALSE,FALSE
2024-11-15,Uruguay,Colombia,Colombia,Andrés Gómez,90,FALSE,FALSE
2024-11-16,Andorra,Moldova,Moldova,Virgiliu Postolachi,90,FALSE,FALSE
2024-11-16,Georgia,Ukraine,Ukraine,Solomon Kverkvelia,7,TRUE,FALSE
2024-11-16,Georgia,Ukraine,Georgia,Georges Mikautadze,76,FALSE,FALSE
2024-11-16,Germany,Bosnia and Herzegovina,Germany,Jamal Musiala,2,FALSE,FALSE
2024-11-16,Germany,Bosnia and Herzegovina,Germany,Tim Kleindienst,23,FALSE,FALSE
2024-11-16,Germany,Bosnia and Herzegovina,Germany,Kai Havertz,37,FALSE,FALSE
2024-11-16,Germany,Bosnia and Herzegovina,Germany,Florian Wirtz,50,FALSE,FALSE
2024-11-16,Germany,Bosnia and Herzegovina,Germany,Florian Wirtz,57,FALSE,FALSE
2024-11-16,Germany,Bosnia and Herzegovina,Germany,Leroy Sané,66,FALSE,FALSE
2024-11-16,Germany,Bosnia and Herzegovina,Germany,Tim Kleindienst,79,FALSE,FALSE
2024-11-16,Montenegro,Iceland,Iceland,Orri Óskarsson,74,FALSE,FALSE
2024-11-16,Montenegro,Iceland,Iceland,Ísak Bergmann Jóhannesson,88,FALSE,FALSE
2024-11-16,Netherlands,Hungary,Netherlands,Wout Weghorst,21,FALSE,TRUE
2024-11-16,Netherlands,Hungary,Netherlands,Cody Gakpo,45,FALSE,TRUE
2024-11-16,Netherlands,Hungary,Netherlands,Denzel Dumfries,64,FALSE,FALSE
2024-11-16,Netherlands,Hungary,Netherlands,Teun Koopmeiners,86,FALSE,FALSE
2024-11-16,Sweden,Slovakia,Sweden,Viktor Gyökeres,3,FALSE,FALSE
2024-11-16,Sweden,Slovakia,Slovakia,Dávid Hancko,19,FALSE,FALSE
2024-11-16,Sweden,Slovakia,Sweden,Alexander Isak,48,FALSE,FALSE
2024-11-17,Austria,Slovenia,Austria,Romano Schmid,27,FALSE,FALSE
2024-11-17,Austria,Slovenia,Slovenia,Adam Gnezda Čerin,81,FALSE,FALSE
2024-11-17,England,Republic of Ireland,England,Harry Kane,53,FALSE,TRUE
2024-11-17,England,Republic of Ireland,England,Anthony Gordon,56,FALSE,FALSE
2024-11-17,England,Republic of Ireland,England,Conor Gallagher,58,FALSE,FALSE
2024-11-17,England,Republic of Ireland,England,Jarrod Bowen,76,FALSE,FALSE
2024-11-17,England,Republic of Ireland,England,Taylor Harwood-Bellis,79,FALSE,FALSE
2024-11-17,Fiji,New Caledonia,Fiji,Roy Krishna,45,FALSE,TRUE
2024-11-17,Fiji,New Caledonia,New Caledonia,Jean-Jacques Katrawa,59,FALSE,FALSE
2024-11-17,Finland,Greece,Greece,Anastasios Bakasetas,52,FALSE,FALSE
2024-11-17,Finland,Greece,Greece,Christos Tzolis,56,FALSE,FALSE
2024-11-17,Israel,Belgium,Israel,Yarden Shua,86,FALSE,FALSE
2024-11-17,Italy,France,France,Adrien Rabiot,2,FALSE,FALSE
2024-11-17,Italy,France,France,Guglielmo Vicario,33,TRUE,FALSE
2024-11-17,Italy,France,Italy,Andrea Cambiaso,35,FALSE,FALSE
2024-11-17,Italy,France,France,Adrien Rabiot,65,FALSE,FALSE
2024-11-17,Latvia,Armenia,Armenia,Eduard Spertsyan,48,FALSE,FALSE
2024-11-17,Latvia,Armenia,Latvia,Roberts Uldriķis,70,FALSE,FALSE
2024-11-17,Latvia,Armenia,Armenia,Artur Miranyan,74,FALSE,FALSE
2024-11-17,North Macedonia,Faroe Islands,North Macedonia,Bojan Miovski,62,FALSE,FALSE
2024-11-17,Norway,Kazakhstan,Norway,Erling Haaland,23,FALSE,FALSE
2024-11-17,Norway,Kazakhstan,Norway,Erling Haaland,37,FALSE,FALSE
2024-11-17,Norway,Kazakhstan,Norway,Alexander Sørloth,41,FALSE,FALSE
2024-11-17,Norway,Kazakhstan,Norway,Erling Haaland,71,FALSE,FALSE
2024-11-17,Norway,Kazakhstan,Norway,Antonio Nusa,76,FALSE,FALSE
2024-11-17,Papua New Guinea,Solomon Islands,Solomon Islands,Junior David,41,FALSE,FALSE
2024-11-17,Papua New Guinea,Solomon Islands,Solomon Islands,Micah Lea'alafa,68,FALSE,FALSE
2024-11-17,Papua New Guinea,Solomon Islands,Papua New Guinea,Tommy Semmy,90,FALSE,FALSE
2024-11-18,Bulgaria,Belarus,Bulgaria,Vasil Panayotov,12,FALSE,FALSE
2024-11-18,Bulgaria,Belarus,Belarus,Yury Kavalyow,70,FALSE,FALSE
2024-11-18,Croatia,Portugal,Portugal,João Félix,33,FALSE,FALSE
2024-11-18,Croatia,Portugal,Croatia,Joško Gvardiol,65,FALSE,FALSE
2024-11-18,Kosovo,Lithuania,Kosovo,Muharrem Jashari,5,FALSE,FALSE
2024-11-18,Liechtenstein,San Marino,Liechtenstein,Aron Sele,40,FALSE,FALSE
2024-11-18,Liechtenstein,San Marino,San Marino,Lorenzo Lazzari,46,FALSE,FALSE
2024-11-18,Liechtenstein,San Marino,San Marino,Nicola Nanni,66,FALSE,TRUE
2024-11-18,Liechtenstein,San Marino,San Marino,Alessandro Golinucci,76,FALSE,FALSE
2024-11-18,Luxembourg,Northern Ireland,Northern Ireland,Isaac Price,19,FALSE,FALSE
2024-11-18,Luxembourg,Northern Ireland,Northern Ireland,Conor Bradley,50,FALSE,FALSE
2024-11-18,Luxembourg,Northern Ireland,Luxembourg,Seid Korać,72,FALSE,FALSE
2024-11-18,Luxembourg,Northern Ireland,Luxembourg,Gerson Rodrigues,75,FALSE,FALSE
2024-11-18,New Zealand,Samoa,New Zealand,Callum McCowatt,24,FALSE,FALSE
2024-11-18,New Zealand,Samoa,New Zealand,Chris Wood,28,FALSE,FALSE
2024-11-18,New Zealand,Samoa,New Zealand,Chris Wood,34,FALSE,FALSE
2024-11-18,New Zealand,Samoa,New Zealand,Chris Wood,60,FALSE,FALSE
2024-11-18,New Zealand,Samoa,New Zealand,Marko Stamenić,62,FALSE,FALSE
2024-11-18,New Zealand,Samoa,New Zealand,Francis de Vries,75,FALSE,FALSE
2024-11-18,New Zealand,Samoa,New Zealand,Elijah Just,87,FALSE,FALSE
2024-11-18,New Zealand,Samoa,New Zealand,Ben Waine,90,FALSE,TRUE
2024-11-18,Poland,Scotland,Scotland,John McGinn,3,FALSE,FALSE
2024-11-18,Poland,Scotland,Poland,Kamil Piątkowski,59,FALSE,FALSE
2024-11-18,Poland,Scotland,Scotland,Andy Robertson,90,FALSE,FALSE
2024-11-18,Romania,Cyprus,Romania,Daniel Bîrligea,2,FALSE,FALSE
2024-11-18,Romania,Cyprus,Romania,Răzvan Marin,41,FALSE,FALSE
2024-11-18,Romania,Cyprus,Cyprus,Ioannis Pittas,52,FALSE,FALSE
2024-11-18,Romania,Cyprus,Romania,Răzvan Marin,80,FALSE,FALSE
2024-11-18,Romania,Cyprus,Romania,Florinel Coman,83,FALSE,FALSE
2024-11-18,Spain,Switzerland,Spain,Yeremy Pino,32,FALSE,FALSE
2024-11-18,Spain,Switzerland,Switzerland,Joël Monteiro,63,FALSE,FALSE
2024-11-18,Spain,Switzerland,Spain,Bryan Gil,68,FALSE,FALSE
2024-11-18,Spain,Switzerland,Switzerland,Andi Zeqiri,85,FALSE,TRUE
2024-11-18,Spain,Switzerland,Spain,Bryan Zaragoza,90,FALSE,TRUE
2024-11-18,Tahiti,Vanuatu,Tahiti,Johnathan Spokeyjack,8,TRUE,FALSE
2024-11-18,Tahiti,Vanuatu,Tahiti,Benoît Mathon,67,FALSE,TRUE
2024-11-19,Albania,Ukraine,Ukraine,Oleksandr Zinchenko,5,FALSE,FALSE
2024-11-19,Albania,Ukraine,Ukraine,Roman Yaremchuk,10,FALSE,FALSE
2024-11-19,Albania,Ukraine,Albania,Nedim Bajrami,75,FALSE,TRUE
2024-11-19,Argentina,Peru,Argentina,Lautaro Martínez,55,FALSE,FALSE
2024-11-19,Bahrain,Australia,Australia,Kusini Yengi,1,FALSE,FALSE
2024-11-19,Bahrain,Australia,Bahrain,Mahdi Abduljabbar,75,FALSE,FALSE
2024-11-19,Bahrain,Australia,Bahrain,Mahdi Abduljabbar,77,FALSE,FALSE
2024-11-19,Bahrain,Australia,Australia,Kusini Yengi,90,FALSE,FALSE
2024-11-19,Bolivia,Paraguay,Bolivia,Ervin Vaca,15,FALSE,FALSE
2024-11-19,Bolivia,Paraguay,Paraguay,Miguel Almirón,71,FALSE,FALSE
2024-11-19,Bolivia,Paraguay,Bolivia,Miguel Terceros,80,FALSE,TRUE
2024-11-19,Bolivia,Paraguay,Paraguay,Julio Enciso,90,FALSE,FALSE
2024-11-19,Bosnia and Herzegovina,Netherlands,Netherlands,Brian Brobbey,24,FALSE,FALSE
2024-11-19,Bosnia and Herzegovina,Netherlands,Bosnia and Herzegovina,Ermedin Demirović,67,FALSE,FALSE
2024-11-19,Brazil,Uruguay,Uruguay,Federico Valverde,55,FALSE,FALSE
2024-11-19,Brazil,Uruguay,Brazil,Gerson,62,FALSE,FALSE
2024-11-19,Chile,Venezuela,Venezuela,Jefferson Savarino,13,FALSE,FALSE
2024-11-19,Chile,Venezuela,Chile,Eduardo Vargas,20,FALSE,FALSE
2024-11-19,Chile,Venezuela,Venezuela,Rubén Ramírez,22,FALSE,FALSE
2024-11-19,Chile,Venezuela,Chile,Tomás Rincón,29,TRUE,FALSE
2024-11-19,Chile,Venezuela,Chile,Lucas Cepeda,38,FALSE,FALSE
2024-11-19,Chile,Venezuela,Chile,Lucas Cepeda,47,FALSE,FALSE
2024-11-19,China PR,Japan,Japan,Kōki Ogawa,39,FALSE,FALSE
2024-11-19,China PR,Japan,Japan,Ko Itakura,45,FALSE,FALSE
2024-11-19,China PR,Japan,China PR,Lin Liangming,48,FALSE,FALSE
2024-11-19,China PR,Japan,Japan,Kōki Ogawa,54,FALSE,FALSE
2024-11-19,Colombia,Ecuador,Ecuador,Enner Valencia,7,FALSE,FALSE
2024-11-19,Czech Republic,Georgia,Czech Republic,Pavel Šulc,3,FALSE,FALSE
2024-11-19,Czech Republic,Georgia,Czech Republic,Adam Hložek,24,FALSE,FALSE
2024-11-19,Czech Republic,Georgia,Georgia,Georges Mikautadze,60,FALSE,FALSE
2024-11-19,Hungary,Germany,Germany,Felix Nmecha,76,FALSE,FALSE
2024-11-19,Hungary,Germany,Hungary,Dominik Szoboszlai,90,FALSE,TRUE
2024-11-19,Indonesia,Saudi Arabia,Indonesia,Marselino Ferdinan,32,FALSE,FALSE
2024-11-19,Indonesia,Saudi Arabia,Indonesia,Marselino Ferdinan,57,FALSE,FALSE
2024-11-19,Kuwait,Jordan,Jordan,Yazan Al-Naimat,21,FALSE,FALSE
2024-11-19,Kuwait,Jordan,Kuwait,Mohammad Daham,68,FALSE,FALSE
2024-11-19,Kyrgyzstan,Iran,Iran,Mehdi Taremi,12,FALSE,FALSE
2024-11-19,Kyrgyzstan,Iran,Iran,Saleh Hardani,33,FALSE,FALSE
2024-11-19,Kyrgyzstan,Iran,Kyrgyzstan,Joel Kojo,51,FALSE,FALSE
2024-11-19,Kyrgyzstan,Iran,Kyrgyzstan,Joel Kojo,64,FALSE,TRUE
2024-11-19,Kyrgyzstan,Iran,Iran,Sardar Azmoun,76,FALSE,FALSE
2024-11-19,Montenegro,Turkey,Montenegro,Nikola Krstović,29,FALSE,FALSE
2024-11-19,Montenegro,Turkey,Turkey,Kenan Yıldız,37,FALSE,FALSE
2024-11-19,Montenegro,Turkey,Montenegro,Nikola Krstović,45,FALSE,FALSE
2024-11-19,Montenegro,Turkey,Montenegro,Nikola Krstović,73,FALSE,FALSE
2024-11-19,North Korea,Uzbekistan,Uzbekistan,Abbosbek Fayzullaev,44,FALSE,FALSE
2024-11-19,Oman,Iraq,Iraq,Youssef Amyn,36,FALSE,FALSE
2024-11-19,Palestine,South Korea,Palestine,Zaid Qunbar,12,FALSE,FALSE
2024-11-19,Palestine,South Korea,South Korea,Son Heung-min,16,FALSE,FALSE
2024-11-19,Slovakia,Estonia,Slovakia,David Strelec,72,FALSE,FALSE
2024-11-19,Sweden,Azerbaijan,Sweden,Dejan Kulusevski,10,FALSE,FALSE
2024-11-19,Sweden,Azerbaijan,Sweden,Viktor Gyökeres,26,FALSE,FALSE
2024-11-19,Sweden,Azerbaijan,Sweden,Viktor Gyökeres,37,FALSE,FALSE
2024-11-19,Sweden,Azerbaijan,Sweden,Dejan Kulusevski,57,FALSE,FALSE
2024-11-19,Sweden,Azerbaijan,Sweden,Viktor Gyökeres,58,FALSE,FALSE
2024-11-19,Sweden,Azerbaijan,Sweden,Viktor Gyökeres,70,FALSE,FALSE
2024-11-19,United Arab Emirates,Qatar,United Arab Emirates,Fábio Lima,4,FALSE,FALSE
2024-11-19,United Arab Emirates,Qatar,United Arab Emirates,Fábio Lima,45,FALSE,TRUE
2024-11-19,United Arab Emirates,Qatar,United Arab Emirates,Fábio Lima,45,FALSE,FALSE
2024-11-19,United Arab Emirates,Qatar,United Arab Emirates,Fábio Lima,56,FALSE,TRUE
2024-11-19,United Arab Emirates,Qatar,United Arab Emirates,Yahya Al-Ghassani,73,FALSE,FALSE
2024-11-19,Wales,Iceland,Iceland,Andri Guðjohnsen,8,FALSE,FALSE
2024-11-19,Wales,Iceland,Wales,Liam Cullen,32,FALSE,FALSE
2024-11-19,Wales,Iceland,Wales,Liam Cullen,45,FALSE,FALSE
2024-11-19,Wales,Iceland,Wales,Brennan Johnson,65,FALSE,FALSE
2024-11-19,Wales,Iceland,Wales,Harry Wilson,79,FALSE,FALSE
2025-03-19,Central African Republic,Madagascar,Central African Republic,Hugo Gambor,9,FALSE,FALSE
2025-03-19,Central African Republic,Madagascar,Madagascar,Rayan Raveloson,17,FALSE,FALSE
2025-03-19,Central African Republic,Madagascar,Madagascar,Rayan Raveloson,21,FALSE,FALSE
2025-03-19,Central African Republic,Madagascar,Madagascar,Arnaud Randrianantenaina,49,FALSE,FALSE
2025-03-19,Central African Republic,Madagascar,Madagascar,Lalaïna Rafanomezantsoa,89,FALSE,FALSE
2025-03-19,Liberia,Tunisia,Tunisia,Hazem Mastouri,4,FALSE,FALSE
2025-03-20,Armenia,Georgia,Georgia,Giorgi Kochorashvili,32,FALSE,FALSE
2025-03-20,Armenia,Georgia,Georgia,Georges Mikautadze,37,FALSE,FALSE
2025-03-20,Armenia,Georgia,Georgia,Georges Mikautadze,59,FALSE,FALSE
2025-03-20,Australia,Indonesia,Australia,Martin Boyle,18,FALSE,TRUE
2025-03-20,Australia,Indonesia,Australia,Nishan Velupillay,20,FALSE,FALSE
2025-03-20,Australia,Indonesia,Australia,Jackson Irvine,34,FALSE,FALSE
2025-03-20,Australia,Indonesia,Australia,Lewis Miller,61,FALSE,FALSE
2025-03-20,Australia,Indonesia,Indonesia,Ole Romeny,78,FALSE,FALSE
2025-03-20,Australia,Indonesia,Australia,Jackson Irvine,90,FALSE,FALSE
2025-03-20,Austria,Serbia,Austria,Michael Gregoritsch,37,FALSE,FALSE
2025-03-20,Austria,Serbia,Serbia,Lazar Samardžić,61,FALSE,FALSE
2025-03-20,Brazil,Colombia,Brazil,Raphinha,6,FALSE,TRUE
2025-03-20,Brazil,Colombia,Colombia,Luis Díaz,41,FALSE,FALSE
2025-03-20,Brazil,Colombia,Brazil,Vinícius Júnior,90,FALSE,FALSE
2025-03-20,Bulgaria,Republic of Ireland,Bulgaria,Marin Petkov,6,FALSE,FALSE
2025-03-20,Bulgaria,Republic of Ireland,Republic of Ireland,Finn Azaz,21,FALSE,FALSE
2025-03-20,Bulgaria,Republic of Ireland,Republic of Ireland,Matt Doherty,42,FALSE,FALSE
2025-03-20,Cape Verde,Mauritius,Cape Verde,Yannick Semedo,84,FALSE,FALSE
2025-03-20,Comoros,Mali,Mali,Dorgeles Nene,20,FALSE,FALSE
2025-03-20,Comoros,Mali,Mali,Kamory Doumbia,55,FALSE,FALSE
2025-03-20,Comoros,Mali,Mali,Kamory Doumbia,63,FALSE,FALSE
2025-03-20,Croatia,France,Croatia,Ante Budimir,26,FALSE,FALSE
2025-03-20,Croatia,France,Croatia,Ivan Perišić,45,FALSE,FALSE
2025-03-20,Denmark,Portugal,Denmark,Rasmus Højlund,78,FALSE,FALSE
2025-03-20,Gabon,Seychelles,Gabon,Jim Allevinah,3,FALSE,FALSE
2025-03-20,Gabon,Seychelles,Gabon,Denis Bouanga,30,FALSE,FALSE
2025-03-20,Gabon,Seychelles,Gabon,Denis Bouanga,63,FALSE,FALSE
2025-03-20,Gambia,Kenya,Gambia,Musa Barrow,55,FALSE,FALSE
2025-03-20,Gambia,Kenya,Gambia,Yankuba Minteh,61,FALSE,FALSE
2025-03-20,Gambia,Kenya,Kenya,Michael Olunga,69,FALSE,TRUE
2025-03-20,Gambia,Kenya,Kenya,Mohammed Bajaber,75,FALSE,FALSE
2025-03-20,Gambia,Kenya,Gambia,Musa Barrow,84,FALSE,FALSE
2025-03-20,Gambia,Kenya,Kenya,William Wilson,90,FALSE,FALSE
2025-03-20,Greece,Scotland,Scotland,Scott McTominay,33,FALSE,TRUE
2025-03-20,Iran,United Arab Emirates,Iran,Sardar Azmoun,45,FALSE,FALSE
2025-03-20,Iran,United Arab Emirates,Iran,Mohammad Mohebi,70,FALSE,FALSE
2025-03-20,Iraq,Kuwait,Kuwait,Yousef Nasser,39,FALSE,FALSE
2025-03-20,Iraq,Kuwait,Kuwait,Yousef Nasser,70,FALSE,FALSE
2025-03-20,Iraq,Kuwait,Iraq,Akam Hashim,90,FALSE,FALSE
2025-03-20,Iraq,Kuwait,Iraq,Ibrahim Bayesh,90,FALSE,FALSE
2025-03-20,Italy,Germany,Italy,Sandro Tonali,9,FALSE,FALSE
2025-03-20,Italy,Germany,Germany,Tim Kleindienst,49,FALSE,FALSE
2025-03-20,Italy,Germany,Germany,Leon Goretzka,76,FALSE,FALSE
2025-03-20,Japan,Bahrain,Japan,Daichi Kamada,66,FALSE,FALSE
2025-03-20,Japan,Bahrain,Japan,Takefusa Kubo,87,FALSE,FALSE
2025-03-20,Jordan,Palestine,Jordan,Yazan Al-Arab,3,FALSE,FALSE
2025-03-20,Jordan,Palestine,Jordan,Abdallah Nasib,11,FALSE,FALSE
2025-03-20,Jordan,Palestine,Palestine,Tamer Seyam,33,FALSE,FALSE
2025-03-20,Jordan,Palestine,Jordan,Musa Al-Taamari,45,FALSE,FALSE
2025-03-20,Kosovo,Iceland,Kosovo,Lumbardh Dellova,19,FALSE,FALSE
2025-03-20,Kosovo,Iceland,Iceland,Orri Óskarsson,22,FALSE,FALSE
2025-03-20,Kosovo,Iceland,Kosovo,Elvis Rexhbeçaj,58,FALSE,FALSE
2025-03-20,Libya,Angola,Libya,Muaid Ellafi,74,FALSE,FALSE
2025-03-20,Libya,Angola,Angola,Fredy,90,FALSE,FALSE
2025-03-20,Malawi,Namibia,Namibia,Prins Tjiueza,40,FALSE,FALSE
2025-03-20,Mozambique,Uganda,Mozambique,Pepo Santos,3,FALSE,FALSE
2025-03-20,Mozambique,Uganda,Uganda,Muhammad Shaban,7,FALSE,FALSE
2025-03-20,Mozambique,Uganda,Mozambique,Pepo Santos,16,FALSE,FALSE
2025-03-20,Mozambique,Uganda,Mozambique,Stanley Ratifo,45,FALSE,FALSE
2025-03-20,Netherlands,Spain,Spain,Nico Williams,9,FALSE,FALSE
2025-03-20,Netherlands,Spain,Netherlands,Cody Gakpo,28,FALSE,FALSE
2025-03-20,Netherlands,Spain,Netherlands,Tijjani Reijnders,46,FALSE,FALSE
2025-03-20,Netherlands,Spain,Spain,Mikel Merino,90,FALSE,FALSE
2025-03-20,Paraguay,Chile,Paraguay,Omar Alderete,60,FALSE,FALSE
2025-03-20,Peru,Bolivia,Peru,Andy Polo,37,FALSE,FALSE
2025-03-20,Peru,Bolivia,Peru,Paolo Guerrero,45,FALSE,FALSE
2025-03-20,Peru,Bolivia,Bolivia,Miguel Terceros,58,FALSE,TRUE
2025-03-20,Peru,Bolivia,Peru,Edison Flores,82,FALSE,FALSE
2025-03-20,Qatar,North Korea,Qatar,Akram Afif,17,FALSE,FALSE
2025-03-20,Qatar,North Korea,Qatar,Ahmed Al Ganehi,23,FALSE,FALSE
2025-03-20,Qatar,North Korea,Qatar,Kim Yu-song,34,TRUE,FALSE
2025-03-20,Qatar,North Korea,Qatar,Ahmed Al-Rawi,56,FALSE,FALSE
2025-03-20,Qatar,North Korea,Qatar,Ahmed Alaaeldin,66,FALSE,FALSE
2025-03-20,Qatar,North Korea,North Korea,Pak Kwang-hun,86,FALSE,FALSE
2025-03-20,Saudi Arabia,China PR,Saudi Arabia,Salem Al-Dawsari,50,FALSE,FALSE
2025-03-20,Sierra Leone,Guinea-Bissau,Sierra Leone,Mustapha Bundu,19,FALSE,FALSE
2025-03-20,Sierra Leone,Guinea-Bissau,Sierra Leone,Musa Noah Kamara,61,FALSE,FALSE
2025-03-20,Sierra Leone,Guinea-Bissau,Guinea-Bissau,Tamble Monteiro,68,FALSE,FALSE
2025-03-20,Sierra Leone,Guinea-Bissau,Sierra Leone,Ibrahim Turay,90,FALSE,FALSE
2025-03-20,South Korea,Oman,South Korea,Hwang Hee-chan,41,FALSE,FALSE
2025-03-20,South Korea,Oman,Oman,Ali Al-Busaidi,80,FALSE,FALSE
2025-03-20,Turkey,Hungary,Turkey,Orkun Kökçü,9,FALSE,FALSE
2025-03-20,Turkey,Hungary,Hungary,András Schäfer,25,FALSE,FALSE
2025-03-20,Turkey,Hungary,Turkey,Kerem Aktürkoğlu,69,FALSE,FALSE
2025-03-20,Turkey,Hungary,Turkey,İrfan Can Kahveci,73,FALSE,FALSE
2025-03-20,Ukraine,Belgium,Belgium,Romelu Lukaku,40,FALSE,FALSE
2025-03-20,Ukraine,Belgium,Ukraine,Oleksiy Hutsulyak,66,FALSE,FALSE
2025-03-20,Ukraine,Belgium,Ukraine,Vladyslav Vanat,73,FALSE,FALSE
2025-03-20,Ukraine,Belgium,Ukraine,Illya Zabarnyi,78,FALSE,FALSE
2025-03-20,Uzbekistan,Kyrgyzstan,Uzbekistan,Khojiakbar Alijonov,40,FALSE,FALSE
2025-03-20,Zimbabwe,Benin,Benin,Steve Mounié,12,FALSE,FALSE
2025-03-20,Zimbabwe,Benin,Benin,Dodo Dokou,35,FALSE,FALSE
2025-03-20,Zimbabwe,Benin,Zimbabwe,Marshall Munetsi,44,FALSE,FALSE
2025-03-20,Zimbabwe,Benin,Zimbabwe,Knowledge Musona,59,FALSE,FALSE
2025-03-21,Andorra,Latvia,Latvia,Dario Šits,58,FALSE,FALSE
2025-03-21,Botswana,Algeria,Algeria,Amine Gouiri,44,FALSE,FALSE
2025-03-21,Botswana,Algeria,Algeria,Mohamed El Amine Amoura,52,FALSE,FALSE
2025-03-21,Botswana,Algeria,Botswana,Tebogo Kopelang,70,FALSE,FALSE
2025-03-21,Botswana,Algeria,Algeria,Mohamed El Amine Amoura,74,FALSE,FALSE
2025-03-21,Burkina Faso,Djibouti,Burkina Faso,Josué Tiendrébéogo,12,FALSE,FALSE
2025-03-21,Burkina Faso,Djibouti,Burkina Faso,Bertrand Traoré,33,FALSE,FALSE
2025-03-21,Burkina Faso,Djibouti,Burkina Faso,Mohamed Zougrana,47,FALSE,FALSE
2025-03-21,Burkina Faso,Djibouti,Burkina Faso,Lassina Traoré,67,FALSE,FALSE
2025-03-21,Burkina Faso,Djibouti,Djibouti,Samuel Akinbinu,88,FALSE,TRUE
2025-03-21,Burundi,Ivory Coast,Ivory Coast,Evann Guessand,16,FALSE,FALSE
2025-03-21,Cyprus,San Marino,Cyprus,Ioannis Pittas,55,FALSE,FALSE
2025-03-21,Cyprus,San Marino,Cyprus,Andronikos Kakoullis,86,FALSE,FALSE
2025-03-21,DR Congo,South Sudan,DR Congo,Théo Bongonda,45,FALSE,FALSE
2025-03-21,Ecuador,Venezuela,Ecuador,Enner Valencia,39,FALSE,FALSE
2025-03-21,Ecuador,Venezuela,Ecuador,Enner Valencia,46,FALSE,FALSE
2025-03-21,Ecuador,Venezuela,Venezuela,Jhonder Cádiz,90,FALSE,FALSE
2025-03-21,England,Albania,England,Myles Lewis-Skelly,20,FALSE,FALSE
2025-03-21,England,Albania,England,Harry Kane,77,FALSE,FALSE
2025-03-21,Equatorial Guinea,São Tomé and Príncipe,Equatorial Guinea,Emilio Nsue,14,FALSE,FALSE
2025-03-21,Equatorial Guinea,São Tomé and Príncipe,Equatorial Guinea,Iban Salvador,17,FALSE,FALSE
2025-03-21,Ethiopia,Egypt,Egypt,Mohamed Salah,31,FALSE,FALSE
2025-03-21,Ethiopia,Egypt,Egypt,Ahmed Sayed,40,FALSE,FALSE
2025-03-21,Ghana,Chad,Ghana,Antoine Semenyo,2,FALSE,FALSE
2025-03-21,Ghana,Chad,Ghana,Iñaki Williams,31,FALSE,FALSE
2025-03-21,Ghana,Chad,Ghana,Jordan Ayew,36,FALSE,TRUE
2025-03-21,Ghana,Chad,Ghana,Mohammed Salisu,56,FALSE,FALSE
2025-03-21,Ghana,Chad,Ghana,Ernest Nuamah,68,FALSE,FALSE
2025-03-21,Malta,Finland,Finland,Oliver Antman,38,FALSE,FALSE
2025-03-21,Morocco,Niger,Niger,Youssouf Oumarou,47,FALSE,FALSE
2025-03-21,Morocco,Niger,Morocco,Ismael Saibari,59,FALSE,FALSE
2025-03-21,Morocco,Niger,Morocco,Bilal El Khannouss,90,FALSE,FALSE
2025-03-21,New Caledonia,Tahiti,New Caledonia,Georges Gope-Fenepej,50,FALSE,FALSE
2025-03-21,New Caledonia,Tahiti,New Caledonia,Georges Gope-Fenepej,76,FALSE,FALSE
2025-03-21,New Caledonia,Tahiti,New Caledonia,Lues Waya,90,FALSE,FALSE
2025-03-21,New Zealand,Fiji,New Zealand,Chris Wood,6,FALSE,FALSE
2025-03-21,New Zealand,Fiji,New Zealand,Sarpreet Singh,16,FALSE,FALSE
2025-03-21,New Zealand,Fiji,New Zealand,Tyler Bindon,23,FALSE,FALSE
2025-03-21,New Zealand,Fiji,New Zealand,Tim Payne,32,FALSE,FALSE
2025-03-21,New Zealand,Fiji,New Zealand,Chris Wood,56,FALSE,FALSE
2025-03-21,New Zealand,Fiji,New Zealand,Chris Wood,60,FALSE,FALSE
2025-03-21,New Zealand,Fiji,New Zealand,Kosta Barbarouses,73,FALSE,FALSE
2025-03-21,Poland,Lithuania,Poland,Robert Lewandowski,81,FALSE,FALSE
2025-03-21,Romania,Bosnia and Herzegovina,Bosnia and Herzegovina,Armin Gigović,14,FALSE,FALSE
2025-03-21,Rwanda,Nigeria,Nigeria,Victor Osimhen,11,FALSE,FALSE
2025-03-21,Rwanda,Nigeria,Nigeria,Victor Osimhen,45,FALSE,FALSE
2025-03-21,Uruguay,Argentina,Argentina,Thiago Almada,68,FALSE,FALSE
2025-03-22,Czech Republic,Faroe Islands,Czech Republic,Patrik Schick,25,FALSE,FALSE
2025-03-22,Czech Republic,Faroe Islands,Faroe Islands,Gunnar Vatnhamar,83,FALSE,FALSE
2025-03-22,Czech Republic,Faroe Islands,Czech Republic,Patrik Schick,85,FALSE,FALSE
2025-03-22,Israel,Estonia,Estonia,Maksim Paskotši,10,FALSE,FALSE
2025-03-22,Israel,Estonia,Israel,Karl Hein,23,TRUE,FALSE
2025-03-22,Israel,Estonia,Israel,Eli Dasa,75,FALSE,FALSE
2025-03-22,Liechtenstein,North Macedonia,North Macedonia,Aleksandar Trajkovski,7,FALSE,FALSE
2025-03-22,Liechtenstein,North Macedonia,North Macedonia,Visar Musliu,42,FALSE,FALSE
2025-03-22,Liechtenstein,North Macedonia,North Macedonia,Bojan Miovski,84,FALSE,FALSE
2025-03-22,Moldova,Norway,Norway,Julian Ryerson,5,FALSE,FALSE
2025-03-22,Moldova,Norway,Norway,Erling Haaland,23,FALSE,FALSE
2025-03-22,Moldova,Norway,Norway,Thelo Aasgaard,38,FALSE,FALSE
2025-03-22,Moldova,Norway,Norway,Alexander Sørloth,43,FALSE,FALSE
2025-03-22,Moldova,Norway,Norway,Aron Dønnum,69,FALSE,FALSE
2025-03-22,Montenegro,Gibraltar,Gibraltar,Dan Bent,13,FALSE,FALSE
2025-03-22,Montenegro,Gibraltar,Montenegro,Stevan Jovetić,22,FALSE,FALSE
2025-03-22,Montenegro,Gibraltar,Montenegro,Marko Tući,70,FALSE,FALSE
2025-03-22,Montenegro,Gibraltar,Montenegro,Adam Marušić,73,FALSE,FALSE
2025-03-22,Togo,Mauritania,Togo,Thibault Klidjé,4,FALSE,FALSE
2025-03-22,Togo,Mauritania,Mauritania,Aboubakary Koïta,52,FALSE,FALSE
2025-03-22,Togo,Mauritania,Mauritania,Abdallahi Mahmoud,55,FALSE,FALSE
2025-03-22,Togo,Mauritania,Togo,Kévin Denkey,69,FALSE,FALSE
2025-03-22,Wales,Kazakhstan,Wales,Daniel James,9,FALSE,FALSE
2025-03-22,Wales,Kazakhstan,Kazakhstan,Askhat Tagybergen,32,FALSE,TRUE
2025-03-22,Wales,Kazakhstan,Wales,Ben Davies,47,FALSE,FALSE
2025-03-22,Wales,Kazakhstan,Wales,Rabbi Matondo,90,FALSE,FALSE
2025-03-23,Belgium,Ukraine,Belgium,Maxim De Cuyper,70,FALSE,FALSE
2025-03-23,Belgium,Ukraine,Belgium,Romelu Lukaku,75,FALSE,FALSE
2025-03-23,Belgium,Ukraine,Belgium,Romelu Lukaku,86,FALSE,FALSE
2025-03-23,Eswatini,Mauritius,Eswatini,Philani Mkhontfo,13,FALSE,FALSE
2025-03-23,Eswatini,Mauritius,Eswatini,Philani Mkhontfo,18,FALSE,FALSE
2025-03-23,Eswatini,Mauritius,Mauritius,Lindsay Rose,47,FALSE,FALSE
2025-03-23,Eswatini,Mauritius,Mauritius,Yannick Aristide,50,FALSE,FALSE
2025-03-23,Eswatini,Mauritius,Eswatini,Mayibongwe Mabuza,75,FALSE,FALSE
2025-03-23,Eswatini,Mauritius,Mauritius,Emmanuel Vincent,90,FALSE,FALSE
2025-03-23,France,Croatia,France,Michael Olise,52,FALSE,FALSE
2025-03-23,France,Croatia,France,Ousmane Dembélé,80,FALSE,FALSE
2025-03-23,Georgia,Armenia,Georgia,Varazdat Haroyan,4,TRUE,FALSE
2025-03-23,Georgia,Armenia,Georgia,Georges Mikautadze,14,FALSE,FALSE
2025-03-23,Georgia,Armenia,Georgia,Giorgi Chakvetadze,23,FALSE,FALSE
2025-03-23,Georgia,Armenia,Georgia,Otar Kiteishvili,27,FALSE,FALSE
2025-03-23,Georgia,Armenia,Georgia,Georges Mikautadze,35,FALSE,FALSE
2025-03-23,Georgia,Armenia,Armenia,Edgar Sevikyan,48,FALSE,FALSE
2025-03-23,Georgia,Armenia,Georgia,Khvicha Kvaratskhelia,62,FALSE,FALSE
2025-03-23,Germany,Italy,Germany,Joshua Kimmich,30,FALSE,TRUE
2025-03-23,Germany,Italy,Germany,Jamal Musiala,36,FALSE,FALSE
2025-03-23,Germany,Italy,Germany,Tim Kleindienst,45,FALSE,FALSE
2025-03-23,Germany,Italy,Italy,Moise Kean,49,FALSE,FALSE
2025-03-23,Germany,Italy,Italy,Moise Kean,69,FALSE,FALSE
2025-03-23,Germany,Italy,Italy,Giacomo Raspadori,90,FALSE,TRUE
2025-03-23,Hungary,Turkey,Turkey,Hakan Çalhanoğlu,37,FALSE,TRUE
2025-03-23,Hungary,Turkey,Turkey,Arda Güler,39,FALSE,FALSE
2025-03-23,Hungary,Turkey,Turkey,Abdülkerim Bardakcı,90,FALSE,FALSE
2025-03-23,Iceland,Kosovo,Iceland,Orri Óskarsson,2,FALSE,FALSE
2025-03-23,Iceland,Kosovo,Kosovo,Vedat Muriqi,35,FALSE,FALSE
2025-03-23,Iceland,Kosovo,Kosovo,Vedat Muriqi,45,FALSE,FALSE
2025-03-23,Iceland,Kosovo,Kosovo,Vedat Muriqi,79,FALSE,FALSE
2025-03-23,Kenya,Gabon,Gabon,Pierre-Emerick Aubameyang,16,FALSE,FALSE
2025-03-23,Kenya,Gabon,Gabon,Pierre-Emerick Aubameyang,52,FALSE,TRUE
2025-03-23,Kenya,Gabon,Kenya,Michael Olunga,62,FALSE,FALSE
2025-03-23,Portugal,Denmark,Portugal,Joachim Andersen,38,TRUE,FALSE
2025-03-23,Portugal,Denmark,Denmark,Rasmus Kristensen,56,FALSE,FALSE
2025-03-23,Portugal,Denmark,Portugal,Cristiano Ronaldo,72,FALSE,FALSE
2025-03-23,Portugal,Denmark,Denmark,Christian Eriksen,76,FALSE,FALSE
2025-03-23,Portugal,Denmark,Portugal,Francisco Trincão,86,FALSE,FALSE
2025-03-23,Portugal,Denmark,Portugal,Francisco Trincão,91,FALSE,FALSE
2025-03-23,Portugal,Denmark,Portugal,Gonçalo Ramos,115,FALSE,FALSE
2025-03-23,Republic of Ireland,Bulgaria,Bulgaria,Valentin Antov,30,FALSE,FALSE
2025-03-23,Republic of Ireland,Bulgaria,Republic of Ireland,Evan Ferguson,63,FALSE,FALSE
2025-03-23,Republic of Ireland,Bulgaria,Republic of Ireland,Adam Idah,84,FALSE,FALSE
2025-03-23,Scotland,Greece,Greece,Giannis Konstantelias,20,FALSE,FALSE
2025-03-23,Scotland,Greece,Greece,Konstantinos Karetsas,42,FALSE,FALSE
2025-03-23,Scotland,Greece,Greece,Christos Tzolis,46,FALSE,FALSE
2025-03-23,Serbia,Austria,Serbia,Nemanja Maksimović,56,FALSE,FALSE
2025-03-23,Serbia,Austria,Serbia,Dušan Vlahović,90,FALSE,FALSE
2025-03-23,Slovenia,Slovakia,Slovenia,Adam Gnezda Čerin,95,FALSE,FALSE
2025-03-23,Spain,Netherlands,Spain,Mikel Oyarzabal,8,FALSE,TRUE
2025-03-23,Spain,Netherlands,Netherlands,Memphis Depay,54,FALSE,TRUE
2025-03-23,Spain,Netherlands,Spain,Mikel Oyarzabal,67,FALSE,FALSE
2025-03-23,Spain,Netherlands,Netherlands,Ian Maatsen,79,FALSE,FALSE
2025-03-23,Spain,Netherlands,Spain,Lamine Yamal,103,FALSE,FALSE
2025-03-23,Spain,Netherlands,Netherlands,Xavi Simons,109,FALSE,TRUE
2025-03-24,Albania,Andorra,Albania,Rey Manaj,9,FALSE,FALSE
2025-03-24,Albania,Andorra,Albania,Rey Manaj,19,FALSE,FALSE
2025-03-24,Albania,Andorra,Albania,Myrto Uzuni,90,FALSE,FALSE
2025-03-24,Bosnia and Herzegovina,Cyprus,Bosnia and Herzegovina,Ermedin Demirović,22,FALSE,FALSE
2025-03-24,Bosnia and Herzegovina,Cyprus,Cyprus,Ioannis Pittas,45,FALSE,FALSE
2025-03-24,Bosnia and Herzegovina,Cyprus,Bosnia and Herzegovina,Haris Hajradinović,56,FALSE,FALSE
2025-03-24,England,Latvia,England,Reece James,38,FALSE,FALSE
2025-03-24,England,Latvia,England,Harry Kane,68,FALSE,FALSE
2025-03-24,England,Latvia,England,Eberechi Eze,76,FALSE,FALSE
2025-03-24,Ethiopia,Djibouti,Ethiopia,Bereket Desta,19,FALSE,FALSE
2025-03-24,Ethiopia,Djibouti,Ethiopia,Abubeker Nassir,34,FALSE,FALSE
2025-03-24,Ethiopia,Djibouti,Ethiopia,Abubeker Nassir,37,FALSE,FALSE
2025-03-24,Ethiopia,Djibouti,Djibouti,Samuel Akinbinu,51,FALSE,FALSE
2025-03-24,Ethiopia,Djibouti,Ethiopia,Bereket Desta,52,FALSE,FALSE
2025-03-24,Ethiopia,Djibouti,Ethiopia,Abubeker Nassir,58,FALSE,TRUE
2025-03-24,Ethiopia,Djibouti,Ethiopia,Bereket Desta,70,FALSE,TRUE
2025-03-24,Guinea-Bissau,Burkina Faso,Burkina Faso,Lassina Traoré,6,FALSE,FALSE
2025-03-24,Guinea-Bissau,Burkina Faso,Guinea-Bissau,Zidane Banjaqui,36,FALSE,FALSE
2025-03-24,Guinea-Bissau,Burkina Faso,Burkina Faso,Lassina Traoré,73,FALSE,FALSE
2025-03-24,Ivory Coast,Gambia,Ivory Coast,Sébastien Haller,15,FALSE,FALSE
2025-03-24,Liberia,São Tomé and Príncipe,Liberia,Nicholas Andrews,4,FALSE,FALSE
2025-03-24,Liberia,São Tomé and Príncipe,Liberia,Jimmy Farkarlun,32,FALSE,FALSE
2025-03-24,Liberia,São Tomé and Príncipe,São Tomé and Príncipe,Dola,44,FALSE,FALSE
2025-03-24,Lithuania,Finland,Finland,Kaan Kairinen,4,FALSE,FALSE
2025-03-24,Lithuania,Finland,Finland,Joel Pohjanpalo,17,FALSE,TRUE
2025-03-24,Lithuania,Finland,Lithuania,Armandas Kučys,39,FALSE,FALSE
2025-03-24,Lithuania,Finland,Lithuania,Gvidas Gineitis,69,FALSE,FALSE
2025-03-24,Madagascar,Ghana,Ghana,Thomas Partey,11,FALSE,FALSE
2025-03-24,Madagascar,Ghana,Ghana,Thomas Partey,53,FALSE,FALSE
2025-03-24,Madagascar,Ghana,Ghana,Mohammed Kudus,58,FALSE,FALSE
2025-03-24,Namibia,Equatorial Guinea,Namibia,Peter Shalulile,51,FALSE,FALSE
2025-03-24,Namibia,Equatorial Guinea,Equatorial Guinea,Saúl Coco,54,FALSE,FALSE
2025-03-24,New Zealand,New Caledonia,New Zealand,Michael Boxall,61,FALSE,FALSE
2025-03-24,New Zealand,New Caledonia,New Zealand,Kosta Barbarouses,66,FALSE,FALSE
2025-03-24,New Zealand,New Caledonia,New Zealand,Elijah Just,80,FALSE,FALSE
2025-03-24,Poland,Malta,Poland,Karol Świderski,27,FALSE,FALSE
2025-03-24,Poland,Malta,Poland,Karol Świderski,51,FALSE,FALSE
2025-03-24,San Marino,Romania,Romania,Michele Cevoli,6,TRUE,FALSE
2025-03-24,San Marino,Romania,Romania,Mihai Popescu,44,FALSE,FALSE
2025-03-24,San Marino,Romania,Romania,Răzvan Marin,55,FALSE,TRUE
2025-03-24,San Marino,Romania,San Marino,Samuele Zannoni,67,FALSE,FALSE
2025-03-24,San Marino,Romania,Romania,Ianis Hagi,75,FALSE,TRUE
2025-03-24,San Marino,Romania,Romania,Denis Alibec,90,FALSE,FALSE
2025-03-24,Tunisia,Malawi,Tunisia,Seifeddine Jaziri,86,FALSE,FALSE
2025-03-24,Tunisia,Malawi,Tunisia,Elias Achouri,90,FALSE,TRUE
2025-03-25,Algeria,Mozambique,Algeria,Mohamed Amoura,8,FALSE,FALSE
2025-03-25,Algeria,Mozambique,Algeria,Aïssa Mandi,24,FALSE,FALSE
2025-03-25,Algeria,Mozambique,Algeria,Mohamed Amoura,30,FALSE,FALSE
2025-03-25,Algeria,Mozambique,Mozambique,Geny Catamo,40,FALSE,FALSE
2025-03-25,Algeria,Mozambique,Algeria,Jaouen Hadjam,65,FALSE,FALSE
2025-03-25,Algeria,Mozambique,Algeria,Mohamed Amoura,80,FALSE,FALSE
2025-03-25,Angola,Cape Verde,Cape Verde,Dailon Livramento,45,FALSE,FALSE
2025-03-25,Angola,Cape Verde,Angola,Gelson Dala,50,FALSE,FALSE
2025-03-25,Angola,Cape Verde,Cape Verde,Dailon Livramento,63,FALSE,FALSE
2025-03-25,Argentina,Brazil,Argentina,Julián Alvarez,4,FALSE,FALSE
2025-03-25,Argentina,Brazil,Argentina,Enzo Fernández,12,FALSE,FALSE
2025-03-25,Argentina,Brazil,Brazil,Matheus Cunha,26,FALSE,FALSE
2025-03-25,Argentina,Brazil,Argentina,Alexis Mac Allister,37,FALSE,FALSE
2025-03-25,Argentina,Brazil,Argentina,Giuliano Simeone,71,FALSE,FALSE
2025-03-25,Benin,South Africa,South Africa,Lyle Foster,53,FALSE,FALSE
2025-03-25,Benin,South Africa,South Africa,Jayden Adams,84,FALSE,FALSE
2025-03-25,Botswana,Somalia,Botswana,Gape Mohutsiwa,74,FALSE,FALSE
2025-03-25,Botswana,Somalia,Botswana,Mothusi Johnson,83,FALSE,FALSE
2025-03-25,Burundi,Seychelles,Burundi,Christophe Nduwarugira,22,FALSE,FALSE
2025-03-25,Burundi,Seychelles,Burundi,Bonfils-Caleb Bimenyimana,24,FALSE,FALSE
2025-03-25,Burundi,Seychelles,Burundi,Bonfils-Caleb Bimenyimana,31,FALSE,FALSE
2025-03-25,Burundi,Seychelles,Burundi,Bienvenue Kanakimana,50,FALSE,FALSE
2025-03-25,Burundi,Seychelles,Burundi,Jean-Claude Girumugisha,56,FALSE,FALSE
2025-03-25,Cameroon,Libya,Cameroon,Vincent Aboubakar,27,FALSE,TRUE
2025-03-25,Cameroon,Libya,Cameroon,Bryan Mbeumo,53,FALSE,FALSE
2025-03-25,Cameroon,Libya,Cameroon,Vincent Aboubakar,61,FALSE,FALSE
2025-03-25,Cameroon,Libya,Libya,Ezoo El Maremi,90,FALSE,FALSE
2025-03-25,China PR,Australia,Australia,Jackson Irvine,16,FALSE,FALSE
2025-03-25,China PR,Australia,Australia,Nishan Velupillay,29,FALSE,FALSE
2025-03-25,Colombia,Paraguay,Colombia,Luis Díaz,1,FALSE,FALSE
2025-03-25,Colombia,Paraguay,Colombia,Jhon Durán,13,FALSE,FALSE
2025-03-25,Colombia,Paraguay,Paraguay,Júnior Alonso,45,FALSE,FALSE
2025-03-25,Colombia,Paraguay,Paraguay,Julio Enciso,62,FALSE,FALSE
2025-03-25,Comoros,Chad,Comoros,Rafiki Saïd,24,FALSE,FALSE
2025-03-25,Egypt,Sierra Leone,Egypt,Ahmed Sayed,45,FALSE,FALSE
2025-03-25,Gibraltar,Czech Republic,Czech Republic,Václav Černý,21,FALSE,FALSE
2025-03-25,Gibraltar,Czech Republic,Czech Republic,Patrik Schick,50,FALSE,FALSE
2025-03-25,Gibraltar,Czech Republic,Czech Republic,Pavel Šulc,72,FALSE,FALSE
2025-03-25,Gibraltar,Czech Republic,Czech Republic,Jan Kliment,90,FALSE,FALSE
2025-03-25,Indonesia,Bahrain,Indonesia,Ole Romeny,24,FALSE,FALSE
2025-03-25,Iran,Uzbekistan,Uzbekistan,Khojimat Erkinov,16,FALSE,FALSE
2025-03-25,Iran,Uzbekistan,Iran,Mehdi Taremi,52,FALSE,FALSE
2025-03-25,Iran,Uzbekistan,Uzbekistan,Abbosbek Fayzullaev,53,FALSE,FALSE
2025-03-25,Iran,Uzbekistan,Iran,Mehdi Taremi,83,FALSE,FALSE
2025-03-25,Israel,Norway,Norway,David Møller Wolfe,39,FALSE,FALSE
2025-03-25,Israel,Norway,Israel,Mohammad Abu Fani,55,FALSE,FALSE
2025-03-25,Israel,Norway,Norway,Alexander Sørloth,59,FALSE,FALSE
2025-03-25,Israel,Norway,Norway,Kristoffer Ajer,65,FALSE,FALSE
2025-03-25,Israel,Norway,Norway,Erling Haaland,83,FALSE,FALSE
2025-03-25,Israel,Norway,Israel,Dor Turgeman,90,FALSE,FALSE
2025-03-25,Kuwait,Oman,Oman,Issam Al-Sabhi,56,FALSE,FALSE
2025-03-25,Kyrgyzstan,Qatar,Kyrgyzstan,Valery Kichin,45,FALSE,FALSE
2025-03-25,Kyrgyzstan,Qatar,Qatar,Lucas Mendes,52,FALSE,FALSE
2025-03-25,Kyrgyzstan,Qatar,Kyrgyzstan,Aleksandr Mishchenko,82,FALSE,FALSE
2025-03-25,Kyrgyzstan,Qatar,Kyrgyzstan,Alimardon Shukurov,90,FALSE,FALSE
2025-03-25,Liechtenstein,Kazakhstan,Kazakhstan,Maksim Samorodov,42,FALSE,FALSE
2025-03-25,Liechtenstein,Kazakhstan,Kazakhstan,Aleksandr Marochkin,45,FALSE,FALSE
2025-03-25,Mauritania,DR Congo,DR Congo,Charles Pickel,4,FALSE,FALSE
2025-03-25,Mauritania,DR Congo,DR Congo,Fiston Mayele,83,FALSE,FALSE
2025-03-25,Moldova,Estonia,Estonia,Rasmus Peetson,19,FALSE,FALSE
2025-03-25,Moldova,Estonia,Estonia,Rauno Sappinen,30,FALSE,FALSE
2025-03-25,Moldova,Estonia,Moldova,Ion Nicolaescu,67,FALSE,FALSE
2025-03-25,Moldova,Estonia,Estonia,Mattias Käit,70,FALSE,FALSE
2025-03-25,Moldova,Estonia,Moldova,Mihail Caimacov,90,FALSE,FALSE
2025-03-25,Montenegro,Faroe Islands,Montenegro,Edvin Kuč,90,FALSE,FALSE
2025-03-25,Morocco,Tanzania,Morocco,Nayef Aguerd,51,FALSE,FALSE
2025-03-25,Morocco,Tanzania,Morocco,Brahim Díaz,58,FALSE,TRUE
2025-03-25,Nigeria,Zimbabwe,Nigeria,Victor Osimhen,74,FALSE,FALSE
2025-03-25,Nigeria,Zimbabwe,Zimbabwe,Tawanda Chirewa,90,FALSE,FALSE
2025-03-25,North Korea,United Arab Emirates,United Arab Emirates,Fábio Lima,5,FALSE,FALSE
2025-03-25,North Korea,United Arab Emirates,North Korea,Kim Yu-song,43,FALSE,FALSE
2025-03-25,North Korea,United Arab Emirates,United Arab Emirates,Sultan Adil,90,FALSE,FALSE
2025-03-25,North Macedonia,Wales,North Macedonia,Bojan Miovski,90,FALSE,FALSE
2025-03-25,North Macedonia,Wales,Wales,David Brooks,90,FALSE,FALSE
2025-03-25,Palestine,Iraq,Iraq,Aymen Hussein,34,FALSE,FALSE
2025-03-25,Palestine,Iraq,Palestine,Wessam Abou Ali,88,FALSE,FALSE
2025-03-25,Palestine,Iraq,Palestine,Ameed Mahajna,90,FALSE,FALSE
2025-03-25,Rwanda,Lesotho,Rwanda,Jojea Kwizera,58,FALSE,FALSE
2025-03-25,Rwanda,Lesotho,Lesotho,Lehlohonolo Fothoane,82,FALSE,FALSE
2025-03-25,Senegal,Togo,Senegal,Pape Matar Sarr,35,FALSE,FALSE
2025-03-25,Senegal,Togo,Senegal,Kévin Boma,67,TRUE,FALSE
2025-03-25,South Korea,Jordan,South Korea,Lee Jae-sung,5,FALSE,FALSE
2025-03-25,South Korea,Jordan,Jordan,Kwon Kyung-won,30,TRUE,FALSE
2025-03-25,Sudan,South Sudan,Sudan,Mohamed Eisa,76,FALSE,FALSE
2025-03-25,Sudan,South Sudan,South Sudan,Omot Sebit,90,FALSE,FALSE
2025-03-25,Uganda,Guinea,Uganda,Allan Okello,36,FALSE,FALSE
2025-03-25,Venezuela,Peru,Venezuela,Salomón Rondón,41,FALSE,TRUE
2025-06-04,Barbados,Aruba,Barbados,Omani Leacock,7,FALSE,TRUE
2025-06-04,Barbados,Aruba,Aruba,Diederick Luydens,15,FALSE,FALSE
2025-06-04,Bermuda,Cayman Islands,Bermuda,Zeiko Lewis,12,FALSE,TRUE
2025-06-04,Bermuda,Cayman Islands,Bermuda,Djair Parfitt,54,FALSE,FALSE
2025-06-04,Bermuda,Cayman Islands,Bermuda,Kole Hall,64,FALSE,FALSE
2025-06-04,Bermuda,Cayman Islands,Bermuda,Reggie Lambe,79,FALSE,FALSE
2025-06-04,Bermuda,Cayman Islands,Bermuda,Julian Carpenter,84,FALSE,FALSE
2025-06-04,Dominica,British Virgin Islands,Dominica,Audel Laville,29,FALSE,FALSE
2025-06-04,Dominica,British Virgin Islands,Dominica,Troy Jules,35,FALSE,FALSE
2025-06-04,Dominica,British Virgin Islands,Dominica,Audel Laville,75,FALSE,FALSE
2025-06-04,Germany,Portugal,Germany,Florian Wirtz,48,FALSE,FALSE
2025-06-04,Germany,Portugal,Portugal,Francisco Conceição,63,FALSE,FALSE
2025-06-04,Germany,Portugal,Portugal,Cristiano Ronaldo,68,FALSE,FALSE
2025-06-04,Grenada,Bahamas,Grenada,Jermaine Francis,15,FALSE,FALSE
2025-06-04,Grenada,Bahamas,Grenada,Darius Johnson,36,FALSE,FALSE
2025-06-04,Grenada,Bahamas,Grenada,Keishean Francois,58,FALSE,FALSE
2025-06-04,Grenada,Bahamas,Grenada,Joshua Isaac,72,FALSE,FALSE
2025-06-04,Grenada,Bahamas,Grenada,Kayden Harrack,77,FALSE,FALSE
2025-06-04,Grenada,Bahamas,Grenada,Saydrel Lewis,90,FALSE,FALSE
2025-06-04,Montserrat,Belize,Montserrat,Mark Rogers,2,FALSE,FALSE
2025-06-04,Saint Vincent and the Grenadines,Anguilla,Saint Vincent and the Grenadines,Oalex Anderson,20,FALSE,FALSE
2025-06-04,Saint Vincent and the Grenadines,Anguilla,Saint Vincent and the Grenadines,Cornelius Stewart,25,FALSE,TRUE
2025-06-04,Saint Vincent and the Grenadines,Anguilla,Saint Vincent and the Grenadines,Micah Joseph,59,FALSE,FALSE
2025-06-04,Saint Vincent and the Grenadines,Anguilla,Saint Vincent and the Grenadines,Kyle Edwards,61,FALSE,FALSE
2025-06-04,Saint Vincent and the Grenadines,Anguilla,Saint Vincent and the Grenadines,Oalex Anderson,69,FALSE,FALSE
2025-06-04,Saint Vincent and the Grenadines,Anguilla,Saint Vincent and the Grenadines,Kirtney Franklyn,85,FALSE,FALSE
2025-06-05,Australia,Japan,Australia,Aziz Behich,90,FALSE,FALSE
2025-06-05,Bahrain,Saudi Arabia,Saudi Arabia,Musab Al-Juwayr,16,FALSE,FALSE
2025-06-05,Bahrain,Saudi Arabia,Saudi Arabia,Abdulrahman Al-Aboud,78,FALSE,FALSE
2025-06-05,Chile,Argentina,Argentina,Julián Alvarez,16,FALSE,FALSE
2025-06-05,Indonesia,China PR,Indonesia,Ole Romeny,45,FALSE,TRUE
2025-06-05,Iraq,South Korea,South Korea,Kim Jin-gyu,63,FALSE,FALSE
2025-06-05,Iraq,South Korea,South Korea,Oh Hyeon-gyu,82,FALSE,FALSE
2025-06-05,Kuwait,Palestine,Palestine,Tamer Seyam,32,FALSE,FALSE
2025-06-05,Kuwait,Palestine,Palestine,Wessam Abou Ali,88,FALSE,TRUE
2025-06-05,North Korea,Kyrgyzstan,North Korea,Pak Kwang-hun,44,FALSE,FALSE
2025-06-05,North Korea,Kyrgyzstan,North Korea,Ri Jo-guk,52,FALSE,FALSE
2025-06-05,North Korea,Kyrgyzstan,Kyrgyzstan,Gulzhigit Alykulov,57,FALSE,FALSE
2025-06-05,North Korea,Kyrgyzstan,Kyrgyzstan,Kim Sung-hye,90,TRUE,FALSE
2025-06-05,Oman,Jordan,Jordan,Ali Olwan,45,FALSE,TRUE
2025-06-05,Oman,Jordan,Jordan,Ali Olwan,51,FALSE,FALSE
2025-06-05,Oman,Jordan,Jordan,Ali Olwan,64,FALSE,FALSE
2025-06-05,Paraguay,Uruguay,Paraguay,Matías Galarza,13,FALSE,FALSE
2025-06-05,Paraguay,Uruguay,Paraguay,Julio Enciso,81,FALSE,TRUE
2025-06-05,Qatar,Iran,Qatar,Ró-Ró,41,FALSE,FALSE
2025-06-05,Spain,France,Spain,Nico Williams,22,FALSE,FALSE
2025-06-05,Spain,France,Spain,Mikel Merino,25,FALSE,FALSE
2025-06-05,Spain,France,Spain,Lamine Yamal,54,FALSE,TRUE
2025-06-05,Spain,France,Spain,Pedri,55,FALSE,FALSE
2025-06-05,Spain,France,France,Kylian Mbappé,59,FALSE,TRUE
2025-06-05,Spain,France,Spain,Lamine Yamal,67,FALSE,FALSE
2025-06-05,Spain,France,France,Rayan Cherki,79,FALSE,FALSE
2025-06-05,Spain,France,France,Daniel Vivian,84,TRUE,FALSE
2025-06-05,Spain,France,France,Randal Kolo Muani,90,FALSE,FALSE
2025-06-06,Antigua and Barbuda,Cuba,Cuba,Pedro Bravo,45,FALSE,FALSE
2025-06-06,Curaçao,Saint Lucia,Curaçao,Gervane Kastaneer,37,FALSE,FALSE
2025-06-06,Curaçao,Saint Lucia,Curaçao,Gervane Kastaneer,52,FALSE,FALSE
2025-06-06,Curaçao,Saint Lucia,Curaçao,Gervane Kastaneer,57,FALSE,FALSE
2025-06-06,Curaçao,Saint Lucia,Curaçao,Juninho Bacuna,74,FALSE,FALSE
2025-06-06,Czech Republic,Montenegro,Czech Republic,Adam Hložek,23,FALSE,FALSE
2025-06-06,Czech Republic,Montenegro,Czech Republic,Patrik Schick,65,FALSE,FALSE
2025-06-06,Estonia,Israel,Estonia,Mattias Käit,31,FALSE,FALSE
2025-06-06,Estonia,Israel,Israel,Dan Biton,39,FALSE,FALSE
2025-06-06,Estonia,Israel,Israel,Dan Biton,49,FALSE,FALSE
2025-06-06,Estonia,Israel,Israel,Mohammad Abu Fani,89,FALSE,TRUE
2025-06-06,Gibraltar,Croatia,Croatia,Mario Pašalić,28,FALSE,FALSE
2025-06-06,Gibraltar,Croatia,Croatia,Ante Budimir,30,FALSE,FALSE
2025-06-06,Gibraltar,Croatia,Croatia,Franjo Ivanović,60,FALSE,FALSE
2025-06-06,Gibraltar,Croatia,Croatia,Franjo Ivanović,63,FALSE,FALSE
2025-06-06,Gibraltar,Croatia,Croatia,Ivan Perišić,73,FALSE,FALSE
2025-06-06,Gibraltar,Croatia,Croatia,Andrej Kramarić,77,FALSE,FALSE
2025-06-06,Gibraltar,Croatia,Croatia,Andrej Kramarić,79,FALSE,FALSE
2025-06-06,Guatemala,Dominican Republic,Guatemala,Oscar Santis,6,FALSE,FALSE
2025-06-06,Guatemala,Dominican Republic,Dominican Republic,Dorny Romero,16,FALSE,FALSE
2025-06-06,Guatemala,Dominican Republic,Dominican Republic,Heinz Mörschel,36,FALSE,FALSE
2025-06-06,Guatemala,Dominican Republic,Guatemala,Nicolás Samayoa,53,FALSE,FALSE
2025-06-06,Guatemala,Dominican Republic,Guatemala,Oscar Santis,59,FALSE,FALSE
2025-06-06,Guatemala,Dominican Republic,Guatemala,Oscar Santis,62,FALSE,FALSE
2025-06-06,Nicaragua,Guyana,Nicaragua,Jaime Moreno,41,FALSE,FALSE
2025-06-06,North Macedonia,Belgium,Belgium,Maxim De Cuyper,28,FALSE,FALSE
2025-06-06,North Macedonia,Belgium,North Macedonia,Ezgjan Alioski,86,FALSE,FALSE
2025-06-06,Norway,Italy,Norway,Alexander Sørloth,14,FALSE,FALSE
2025-06-06,Norway,Italy,Norway,Antonio Nusa,34,FALSE,FALSE
2025-06-06,Norway,Italy,Norway,Erling Haaland,42,FALSE,FALSE
2025-06-06,Suriname,Puerto Rico,Suriname,Jaden Montnor,80,FALSE,FALSE
2025-06-06,Trinidad and Tobago,Saint Kitts and Nevis,Trinidad and Tobago,Levi García,9,FALSE,FALSE
2025-06-06,Trinidad and Tobago,Saint Kitts and Nevis,Saint Kitts and Nevis,G'Vaune Amory,27,FALSE,FALSE
2025-06-06,Trinidad and Tobago,Saint Kitts and Nevis,Trinidad and Tobago,Dante Sealy,29,FALSE,FALSE
2025-06-06,Trinidad and Tobago,Saint Kitts and Nevis,Saint Kitts and Nevis,Tiquanny Williams,45,FALSE,FALSE
2025-06-06,Trinidad and Tobago,Saint Kitts and Nevis,Trinidad and Tobago,Kevin Molino,48,FALSE,TRUE
2025-06-06,Trinidad and Tobago,Saint Kitts and Nevis,Trinidad and Tobago,Dante Sealy,66,FALSE,FALSE
2025-06-06,Trinidad and Tobago,Saint Kitts and Nevis,Trinidad and Tobago,Ajani Fortune,85,FALSE,FALSE
2025-06-06,Trinidad and Tobago,Saint Kitts and Nevis,Trinidad and Tobago,Nathaniel James,89,FALSE,FALSE
2025-06-06,Venezuela,Bolivia,Venezuela,Héctor Cuéllar,5,TRUE,FALSE
2025-06-06,Venezuela,Bolivia,Venezuela,Salomón Rondón,30,FALSE,FALSE
2025-06-06,Wales,Liechtenstein,Wales,Joe Rodon,40,FALSE,FALSE
2025-06-06,Wales,Liechtenstein,Wales,Harry Wilson,65,FALSE,FALSE
2025-06-06,Wales,Liechtenstein,Wales,Kieffer Moore,68,FALSE,FALSE
2025-06-07,Andorra,England,England,Harry Kane,50,FALSE,FALSE
2025-06-07,Anguilla,El Salvador,El Salvador,Santos Ortiz,30,FALSE,FALSE
2025-06-07,Anguilla,El Salvador,El Salvador,Brayan Gil,45,FALSE,FALSE
2025-06-07,Anguilla,El Salvador,El Salvador,Elvin Alvarado,77,FALSE,FALSE
2025-06-07,Aruba,Haiti,Haiti,Danley Jean Jacques,29,FALSE,FALSE
2025-06-07,Aruba,Haiti,Haiti,Frantzdy Pierrot,35,FALSE,FALSE
2025-06-07,Aruba,Haiti,Haiti,Ruben Providence,61,FALSE,FALSE
2025-06-07,Aruba,Haiti,Haiti,Duckens Nazon,67,FALSE,FALSE
2025-06-07,Aruba,Haiti,Haiti,Mondy Prunier,86,FALSE,FALSE
2025-06-07,Austria,Romania,Austria,Michael Gregoritsch,42,FALSE,FALSE
2025-06-07,Austria,Romania,Austria,Marcel Sabitzer,60,FALSE,FALSE
2025-06-07,Austria,Romania,Romania,Florin Tănase,90,FALSE,FALSE
2025-06-07,Bahamas,Costa Rica,Costa Rica,Alonso Martínez,20,FALSE,FALSE
2025-06-07,Bahamas,Costa Rica,Costa Rica,Joseph Mora,37,FALSE,FALSE
2025-06-07,Bahamas,Costa Rica,Costa Rica,Alejandro Bran,45,FALSE,FALSE
2025-06-07,Bahamas,Costa Rica,Costa Rica,Orlando Galo,48,FALSE,FALSE
2025-06-07,Bahamas,Costa Rica,Costa Rica,Manfred Ugalde,51,FALSE,FALSE
2025-06-07,Bahamas,Costa Rica,Costa Rica,Warren Madrigal,64,FALSE,FALSE
2025-06-07,Bahamas,Costa Rica,Costa Rica,Warren Madrigal,79,FALSE,FALSE
2025-06-07,Bahamas,Costa Rica,Costa Rica,Álvaro Zamora,90,FALSE,FALSE
2025-06-07,Belize,Panama,Panama,Fidel Escobar,10,FALSE,FALSE
2025-06-07,Belize,Panama,Panama,Eduardo Guerrero,50,FALSE,FALSE
2025-06-07,Bosnia and Herzegovina,San Marino,Bosnia and Herzegovina,Edin Džeko,66,FALSE,FALSE
2025-06-07,British Virgin Islands,Jamaica,Jamaica,Warner Brown,17,FALSE,FALSE
2025-06-07,Cayman Islands,Honduras,Honduras,Wesley Robinson,86,TRUE,FALSE
2025-06-07,Finland,Netherlands,Netherlands,Memphis Depay,6,FALSE,FALSE
2025-06-07,Finland,Netherlands,Netherlands,Denzel Dumfries,23,FALSE,FALSE
2025-06-08,Germany,France,France,Kylian Mbappé,45,FALSE,FALSE
2025-06-08,Germany,France,France,Michael Olise,84,FALSE,FALSE
2025-06-08,Portugal,Spain,Spain,Martín Zubimendi,21,FALSE,FALSE
2025-06-08,Portugal,Spain,Portugal,Nuno Mendes,26,FALSE,FALSE
2025-06-08,Portugal,Spain,Spain,Mikel Oyarzabal,45,FALSE,FALSE
2025-06-08,Portugal,Spain,Portugal,Cristiano Ronaldo,61,FALSE,FALSE
2025-06-09,Belgium,Wales,Belgium,Romelu Lukaku,15,FALSE,TRUE
2025-06-09,Belgium,Wales,Belgium,Youri Tielemans,19,FALSE,FALSE
2025-06-09,Belgium,Wales,Belgium,Jérémy Doku,28,FALSE,FALSE
2025-06-09,Belgium,Wales,Wales,Harry Wilson,45,FALSE,TRUE
2025-06-09,Belgium,Wales,Wales,Sorba Thomas,51,FALSE,FALSE
2025-06-09,Belgium,Wales,Wales,Brennan Johnson,70,FALSE,FALSE
2025-06-09,Belgium,Wales,Belgium,Kevin De Bruyne,88,FALSE,FALSE
2025-06-09,Croatia,Czech Republic,Croatia,Andrej Kramarić,42,FALSE,FALSE
2025-06-09,Croatia,Czech Republic,Czech Republic,Tomáš Souček,58,FALSE,FALSE
2025-06-09,Croatia,Czech Republic,Croatia,Luka Modrić,62,FALSE,TRUE
2025-06-09,Croatia,Czech Republic,Croatia,Ivan Perišić,68,FALSE,FALSE
2025-06-09,Croatia,Czech Republic,Croatia,Ante Budimir,72,FALSE,TRUE
2025-06-09,Croatia,Czech Republic,Croatia,Andrej Kramarić,75,FALSE,FALSE
2025-06-09,Estonia,Norway,Norway,Erling Haaland,62,FALSE,FALSE
2025-06-09,Faroe Islands,Gibraltar,Gibraltar,James Scanlon,23,FALSE,FALSE
2025-06-09,Faroe Islands,Gibraltar,Faroe Islands,Árni Frederiksberg,71,FALSE,FALSE
2025-06-09,Faroe Islands,Gibraltar,Faroe Islands,Patrik Johannesen,86,FALSE,FALSE
2025-06-09,Italy,Moldova,Italy,Giacomo Raspadori,40,FALSE,FALSE
2025-06-09,Italy,Moldova,Italy,Andrea Cambiaso,50,FALSE,FALSE
2025-06-09,Kazakhstan,North Macedonia,North Macedonia,Aleksandar Trajkovski,33,FALSE,FALSE
2025-06-10,Argentina,Colombia,Colombia,Luis Díaz,24,FALSE,FALSE
2025-06-10,Argentina,Colombia,Argentina,Thiago Almada,81,FALSE,FALSE
2025-06-10,Bolivia,Chile,Bolivia,Miguel Terceros,5,FALSE,FALSE
2025-06-10,Bolivia,Chile,Bolivia,Enzo Monteiro,90,FALSE,FALSE
2025-06-10,Brazil,Paraguay,Brazil,Vinícius Júnior,44,FALSE,FALSE
2025-06-10,China PR,Bahrain,China PR,Wang Yudong,90,FALSE,TRUE
2025-06-10,Costa Rica,Trinidad and Tobago,Costa Rica,Jeyland Mitchell,23,FALSE,FALSE
2025-06-10,Costa Rica,Trinidad and Tobago,Costa Rica,Warren Madrigal,38,FALSE,FALSE
2025-06-10,Costa Rica,Trinidad and Tobago,Trinidad and Tobago,Levi García,58,FALSE,FALSE
2025-06-10,Cuba,Bermuda,Bermuda,Djair Parfitt,6,FALSE,FALSE
2025-06-10,Cuba,Bermuda,Cuba,Jorge Aguirre,58,FALSE,FALSE
2025-06-10,Cuba,Bermuda,Bermuda,Reggie Lambe,74,FALSE,FALSE
2025-06-10,Dominican Republic,Dominica,Dominican Republic,Dorny Romero,16,FALSE,FALSE
2025-06-10,Dominican Republic,Dominica,Dominican Republic,Jimmy Kaparos,33,FALSE,FALSE
2025-06-10,Dominican Republic,Dominica,Dominican Republic,Noah Dollenmayer,39,FALSE,FALSE
2025-06-10,Dominican Republic,Dominica,Dominican Republic,Edarlyn Reyes,44,FALSE,FALSE
2025-06-10,Dominican Republic,Dominica,Dominican Republic,Peter González,89,FALSE,FALSE
2025-06-10,El Salvador,Suriname,Suriname,Justin Lonwijk,19,FALSE,FALSE
2025-06-10,El Salvador,Suriname,El Salvador,Brayan Gil,32,FALSE,FALSE
2025-06-10,Finland,Poland,Finland,Joel Pohjanpalo,31,FALSE,TRUE
2025-06-10,Finland,Poland,Finland,Benjamin Källman,64,FALSE,FALSE
2025-06-10,Finland,Poland,Poland,Jakub Kiwior,69,FALSE,FALSE
2025-06-10,Guyana,Montserrat,Guyana,Nathan Ferguson,35,FALSE,FALSE
2025-06-10,Guyana,Montserrat,Guyana,Osaze De Rosario,38,FALSE,FALSE
2025-06-10,Guyana,Montserrat,Guyana,Omari Glasgow,72,FALSE,FALSE
2025-06-10,Haiti,Curaçao,Curaçao,Gervane Kastaneer,12,FALSE,FALSE
2025-06-10,Haiti,Curaçao,Curaçao,Kenji Gorré,15,FALSE,FALSE
2025-06-10,Haiti,Curaçao,Haiti,Louicius Don Deedson,61,FALSE,FALSE
2025-06-10,Haiti,Curaçao,Curaçao,Jearl Margaritha,69,FALSE,FALSE
2025-06-10,Haiti,Curaçao,Curaçao,Kevin Felida,89,FALSE,FALSE
2025-06-10,Haiti,Curaçao,Curaçao,Jeremy Antonisse,90,FALSE,FALSE
2025-06-10,Honduras,Antigua and Barbuda,Honduras,Getsel Montes,49,FALSE,FALSE
2025-06-10,Honduras,Antigua and Barbuda,Honduras,Alexy Vega,80,FALSE,FALSE
2025-06-10,Iran,North Korea,Iran,Mohammad Mehdi Mohebi,74,FALSE,FALSE
2025-06-10,Iran,North Korea,Iran,Mehdi Taremi,77,FALSE,FALSE
2025-06-10,Iran,North Korea,Iran,Amirhossein Hosseinzadeh,90,FALSE,FALSE
2025-06-10,Jamaica,Guatemala,Jamaica,Jon Russell,26,FALSE,FALSE
2025-06-10,Jamaica,Guatemala,Jamaica,Warner Brown,37,FALSE,FALSE
2025-06-10,Jamaica,Guatemala,Jamaica,Warner Brown,73,FALSE,FALSE
2025-06-10,Japan,Indonesia,Japan,Daichi Kamada,15,FALSE,FALSE
2025-06-10,Japan,Indonesia,Japan,Takefusa Kubo,19,FALSE,FALSE
2025-06-10,Japan,Indonesia,Japan,Daichi Kamada,45,FALSE,FALSE
2025-06-10,Japan,Indonesia,Japan,Ryōya Morishita,55,FALSE,FALSE
2025-06-10,Japan,Indonesia,Japan,Shūto Machino,58,FALSE,FALSE
2025-06-10,Japan,Indonesia,Japan,Mao Hosoya,80,FALSE,FALSE
2025-06-10,Jordan,Iraq,Iraq,Sajjad Jassim,73,FALSE,FALSE
2025-06-10,Kyrgyzstan,United Arab Emirates,United Arab Emirates,Harib Abdalla,30,FALSE,FALSE
2025-06-10,Kyrgyzstan,United Arab Emirates,Kyrgyzstan,Kai Merk,90,FALSE,FALSE
2025-06-10,Latvia,Albania,Albania,Antonijs Černomordijs,29,TRUE,FALSE
2025-06-10,Latvia,Albania,Latvia,Antonijs Černomordijs,45,FALSE,FALSE
2025-06-10,Netherlands,Malta,Netherlands,Memphis Depay,9,FALSE,TRUE
2025-06-10,Netherlands,Malta,Netherlands,Memphis Depay,16,FALSE,FALSE
2025-06-10,Netherlands,Malta,Netherlands,Virgil van Dijk,20,FALSE,FALSE
2025-06-10,Netherlands,Malta,Netherlands,Xavi Simons,61,FALSE,FALSE
2025-06-10,Netherlands,Malta,Netherlands,Donyell Malen,74,FALSE,FALSE
2025-06-10,Netherlands,Malta,Netherlands,Noa Lang,78,FALSE,FALSE
2025-06-10,Netherlands,Malta,Netherlands,Donyell Malen,80,FALSE,FALSE
2025-06-10,Netherlands,Malta,Netherlands,Micky van de Ven,90,FALSE,FALSE
2025-06-10,Palestine,Oman,Palestine,Oday Kharoub,49,FALSE,FALSE
2025-06-10,Palestine,Oman,Oman,Issam Al-Sabhi,90,FALSE,TRUE
2025-06-10,Panama,Nicaragua,Panama,César Yanis,56,FALSE,FALSE
2025-06-10,Panama,Nicaragua,Panama,Ismael Díaz,88,FALSE,FALSE
2025-06-10,Panama,Nicaragua,Panama,Eric Davis,90,FALSE,FALSE
2025-06-10,Puerto Rico,Saint Vincent and the Grenadines,Puerto Rico,Leandro Antonetti,11,FALSE,FALSE
2025-06-10,Puerto Rico,Saint Vincent and the Grenadines,Saint Vincent and the Grenadines,Oalex Anderson,47,FALSE,FALSE
2025-06-10,Puerto Rico,Saint Vincent and the Grenadines,Puerto Rico,Steven Echevarria,77,FALSE,FALSE
2025-06-10,Romania,Cyprus,Romania,Florin Tănase,43,FALSE,FALSE
2025-06-10,Romania,Cyprus,Romania,Dennis Man,45,FALSE,FALSE
2025-06-10,Saint Kitts and Nevis,Grenada,Saint Kitts and Nevis,Tyreece Simpson,34,FALSE,FALSE
2025-06-10,Saint Kitts and Nevis,Grenada,Grenada,Regan Charles-Cook,49,FALSE,FALSE
2025-06-10,Saint Kitts and Nevis,Grenada,Grenada,Jermaine Francis,76,FALSE,FALSE
2025-06-10,Saint Kitts and Nevis,Grenada,Saint Kitts and Nevis,Romaine Sawyers,90,FALSE,FALSE
2025-06-10,Saint Kitts and Nevis,Grenada,Grenada,Darius Johnson,90,FALSE,FALSE
2025-06-10,Saint Lucia,Barbados,Barbados,Devonte Richards,12,FALSE,FALSE
2025-06-10,Saint Lucia,Barbados,Saint Lucia,Caniggia Elva,42,FALSE,TRUE
2025-06-10,Saint Lucia,Barbados,Saint Lucia,Caniggia Elva,90,FALSE,TRUE
2025-06-10,San Marino,Austria,Austria,Marko Arnautović,3,FALSE,FALSE
2025-06-10,San Marino,Austria,Austria,Michael Gregoritsch,11,FALSE,FALSE
2025-06-10,San Marino,Austria,Austria,Marko Arnautović,15,FALSE,FALSE
2025-06-10,San Marino,Austria,Austria,Christoph Baumgartner,27,FALSE,FALSE
2025-06-10,Saudi Arabia,Australia,Saudi Arabia,Abdulrahman Al-Aboud,19,FALSE,FALSE
2025-06-10,Saudi Arabia,Australia,Australia,Connor Metcalfe,42,FALSE,FALSE
2025-06-10,Saudi Arabia,Australia,Australia,Mitch Duke,48,FALSE,FALSE
2025-06-10,Serbia,Andorra,Serbia,Aleksandar Mitrović,12,FALSE,FALSE
2025-06-10,Serbia,Andorra,Serbia,Aleksandar Mitrović,24,FALSE,FALSE
2025-06-10,Serbia,Andorra,Serbia,Aleksandar Mitrović,53,FALSE,TRUE
2025-06-10,South Korea,Kuwait,South Korea,Fahad Al Hajeri,30,TRUE,FALSE
2025-06-10,South Korea,Kuwait,South Korea,Lee Kang-in,51,FALSE,FALSE
2025-06-10,South Korea,Kuwait,South Korea,Oh Hyeon-gyu,54,FALSE,FALSE
2025-06-10,South Korea,Kuwait,South Korea,Lee Jae-sung,72,FALSE,FALSE
2025-06-10,Uruguay,Venezuela,Uruguay,Rodrigo Aguirre,43,FALSE,FALSE
2025-06-10,Uruguay,Venezuela,Uruguay,Giorgian de Arrascaeta,47,FALSE,FALSE
2025-06-10,Uzbekistan,Qatar,Uzbekistan,Azizbek Turgunboev,28,FALSE,FALSE
2025-06-10,Uzbekistan,Qatar,Uzbekistan,Eldor Shomurodov,86,FALSE,FALSE
2025-06-10,Uzbekistan,Qatar,Uzbekistan,Igor Sergeev,90,FALSE,FALSE
2025-06-14,Mexico,Dominican Republic,Mexico,Edson Álvarez,44,FALSE,FALSE
2025-06-14,Mexico,Dominican Republic,Mexico,Raúl Jiménez,47,FALSE,FALSE
2025-06-14,Mexico,Dominican Republic,Dominican Republic,Peter González,51,FALSE,FALSE
2025-06-14,Mexico,Dominican Republic,Mexico,César Montes,53,FALSE,FALSE
2025-06-14,Mexico,Dominican Republic,Dominican Republic,Edison Azcona,67,FALSE,FALSE
2025-06-15,Costa Rica,Suriname,Costa Rica,Alonso Martínez,14,FALSE,FALSE
2025-06-15,Costa Rica,Suriname,Costa Rica,Manfred Ugalde,19,FALSE,TRUE
2025-06-15,Costa Rica,Suriname,Suriname,Gyrano Kerk,34,FALSE,FALSE
2025-06-15,Costa Rica,Suriname,Suriname,Richonell Margaret,59,FALSE,FALSE
2025-06-15,Costa Rica,Suriname,Suriname,Shaquille Pinas,64,FALSE,TRUE
2025-06-15,Costa Rica,Suriname,Costa Rica,Josimar Alcócer,76,FALSE,FALSE
2025-06-15,Costa Rica,Suriname,Costa Rica,Manfred Ugalde,90,FALSE,TRUE
2025-06-15,Haiti,Saudi Arabia,Saudi Arabia,Saleh Al-Shehri,21,FALSE,TRUE
2025-06-15,United States,Trinidad and Tobago,United States,Malik Tillman,16,FALSE,FALSE
2025-06-15,United States,Trinidad and Tobago,United States,Malik Tillman,41,FALSE,FALSE
2025-06-15,United States,Trinidad and Tobago,United States,Patrick Agyemang,44,FALSE,FALSE
2025-06-15,United States,Trinidad and Tobago,United States,Brenden Aaronson,82,FALSE,FALSE
2025-06-15,United States,Trinidad and Tobago,United States,Haji Wright,84,FALSE,FALSE
2025-06-16,Jamaica,Guatemala,Guatemala,Óscar Santis,32,FALSE,FALSE
2025-06-16,Panama,Guadeloupe,Panama,Cristian Martínez,6,FALSE,FALSE
2025-06-16,Panama,Guadeloupe,Panama,Ismael Díaz,13,FALSE,FALSE
2025-06-16,Panama,Guadeloupe,Panama,Ismael Díaz,17,FALSE,FALSE
2025-06-16,Panama,Guadeloupe,Panama,Eduardo Guerrero,22,FALSE,TRUE
2025-06-16,Panama,Guadeloupe,Guadeloupe,Jordan Leborgne,29,FALSE,FALSE
2025-06-16,Panama,Guadeloupe,Guadeloupe,Florian David,71,FALSE,TRUE
2025-06-16,Panama,Guadeloupe,Panama,Tomás Rodríguez,90,FALSE,FALSE
2025-06-17,Canada,Honduras,Canada,Niko Sigur,27,FALSE,FALSE
2025-06-17,Canada,Honduras,Canada,Tani Oluwaseyi,45,FALSE,FALSE
2025-06-17,Canada,Honduras,Canada,Tajon Buchanan,48,FALSE,FALSE
2025-06-17,Canada,Honduras,Canada,Tajon Buchanan,65,FALSE,FALSE
2025-06-17,Canada,Honduras,Canada,Promise David,75,FALSE,FALSE
2025-06-17,Canada,Honduras,Canada,Nathan Saliba,90,FALSE,FALSE
2025-06-18,Costa Rica,Dominican Republic,Dominican Republic,Joao Urbáez,16,FALSE,FALSE
2025-06-18,Costa Rica,Dominican Republic,Costa Rica,Manfred Ugalde,44,FALSE,TRUE
2025-06-18,Costa Rica,Dominican Republic,Costa Rica,Josimar Alcócer,85,FALSE,FALSE
2025-06-18,Suriname,Mexico,Mexico,César Montes,57,FALSE,FALSE
2025-06-18,Suriname,Mexico,Mexico,César Montes,63,FALSE,FALSE
2025-06-19,Trinidad and Tobago,Haiti,Haiti,Frantzdy Pierrot,49,FALSE,FALSE
2025-06-19,Trinidad and Tobago,Haiti,Trinidad and Tobago,Justin Garcia,68,FALSE,FALSE
2025-06-19,United States,Saudi Arabia,United States,Chris Richards,63,FALSE,FALSE
2025-06-20,Guatemala,Panama,Panama,Tomás Rodríguez,19,FALSE,FALSE
2025-06-20,Jamaica,Guadeloupe,Guadeloupe,Thierry Ambrose,32,FALSE,FALSE
2025-06-20,Jamaica,Guadeloupe,Jamaica,Leon Bailey,41,FALSE,FALSE
2025-06-20,Jamaica,Guadeloupe,Jamaica,Jon Russell,45,FALSE,FALSE
2025-06-21,Curaçao,Canada,Canada,Nathan Saliba,9,FALSE,FALSE
2025-06-21,Curaçao,Canada,Curaçao,Jeremy Antonisse,90,FALSE,FALSE
2025-06-21,Honduras,El Salvador,Honduras,Romell Quioto,33,FALSE,FALSE
2025-06-21,Honduras,El Salvador,Honduras,Dixon Ramírez,90,FALSE,FALSE
2025-06-22,Saudi Arabia,Trinidad and Tobago,Trinidad and Tobago,Dante Sealy,10,FALSE,FALSE
2025-06-22,Saudi Arabia,Trinidad and Tobago,Saudi Arabia,Firas Al-Buraikan,60,FALSE,FALSE
2025-06-22,United States,Haiti,United States,Malik Tillman,10,FALSE,FALSE
2025-06-22,United States,Haiti,Haiti,Don Deedson Louicius,19,FALSE,FALSE
2025-06-22,United States,Haiti,United States,Patrick Agyemang,75,FALSE,FALSE
2025-06-24,Canada,El Salvador,Canada,Jonathan David,53,FALSE,FALSE
2025-06-24,Canada,El Salvador,Canada,Tajon Buchanan,56,FALSE,FALSE
2025-06-24,Guadeloupe,Guatemala,Guatemala,José Carlos Pinto,13,FALSE,TRUE
2025-06-24,Guadeloupe,Guatemala,Guatemala,Olger Escobar,29,FALSE,FALSE
2025-06-24,Guadeloupe,Guatemala,Guadeloupe,Ange-Freddy Plumain,50,FALSE,TRUE
2025-06-24,Guadeloupe,Guatemala,Guatemala,Rubio Rubin,70,FALSE,FALSE
2025-06-24,Guadeloupe,Guatemala,Guadeloupe,Matthias Phaëton,78,FALSE,FALSE
2025-06-24,Honduras,Curaçao,Honduras,Jorge Álvarez,32,FALSE,FALSE
2025-06-24,Honduras,Curaçao,Curaçao,Edrick Menjívar,42,TRUE,FALSE
2025-06-24,Honduras,Curaçao,Honduras,Luis Palma,90,FALSE,FALSE
2025-06-24,Panama,Jamaica,Panama,Ismael Díaz,4,FALSE,FALSE
2025-06-24,Panama,Jamaica,Panama,Ismael Díaz,17,FALSE,FALSE
2025-06-24,Panama,Jamaica,Jamaica,Amari'i Bell,27,FALSE,FALSE
2025-06-24,Panama,Jamaica,Panama,Ismael Díaz,45,FALSE,TRUE
2025-06-24,Panama,Jamaica,Panama,Tomás Rodríguez,89,FALSE,FALSE
2025-06-28,Mexico,Saudi Arabia,Mexico,Alexis Vega,49,FALSE,FALSE
2025-06-28,Mexico,Saudi Arabia,Mexico,Abdullah Madu,81,TRUE,FALSE
2025-06-28,Panama,Honduras,Panama,Ismael Díaz,45,FALSE,TRUE
2025-06-28,Panama,Honduras,Honduras,Anthony Lozano,82,FALSE,FALSE
2025-06-29,Canada,Guatemala,Canada,Jonathan David,30,FALSE,TRUE
2025-06-29,Canada,Guatemala,Guatemala,Rubio Rubin,69,FALSE,FALSE
2025-06-29,United States,Costa Rica,Costa Rica,Francisco Calvo,12,FALSE,TRUE
2025-06-29,United States,Costa Rica,United States,Diego Luna,43,FALSE,FALSE
2025-06-29,United States,Costa Rica,United States,Maximilian Arfsten,47,FALSE,FALSE
2025-06-29,United States,Costa Rica,Costa Rica,Alonso Martínez,71,FALSE,FALSE
2025-07-02,Mexico,Honduras,Mexico,Raúl Jiménez,50,FALSE,FALSE
2025-07-02,United States,Guatemala,United States,Diego Luna,4,FALSE,FALSE
2025-07-02,United States,Guatemala,United States,Diego Luna,15,FALSE,FALSE
2025-07-02,United States,Guatemala,Guatemala,Olger Escobar,80,FALSE,FALSE
2025-07-06,United States,Mexico,United States,Chris Richards,4,FALSE,FALSE
2025-07-06,United States,Mexico,Mexico,Raúl Jiménez,27,FALSE,FALSE
2025-07-06,United States,Mexico,Mexico,Edson Álvarez,77,FALSE,FALSE
2025-09-03,Seychelles,Gabon,Gabon,Denis Bouanga,4,FALSE,FALSE
2025-09-03,Seychelles,Gabon,Gabon,Denis Bouanga,34,FALSE,FALSE
2025-09-03,Seychelles,Gabon,Gabon,Denis Bouanga,38,FALSE,FALSE
2025-09-03,Seychelles,Gabon,Gabon,Yannis M'Bemba,89,FALSE,FALSE
2025-09-04,Algeria,Botswana,Algeria,Mohamed Amoura,33,FALSE,FALSE
2025-09-04,Algeria,Botswana,Botswana,Tebogo Kopelang,43,FALSE,FALSE
2025-09-04,Algeria,Botswana,Algeria,Baghdad Bounedjah,71,FALSE,FALSE
2025-09-04,Algeria,Botswana,Algeria,Baghdad Bounedjah,90,FALSE,FALSE
2025-09-04,Angola,Libya,Libya,Ezoo El Maremi,48,FALSE,FALSE
2025-09-04,Argentina,Venezuela,Argentina,Lionel Messi,39,FALSE,FALSE
2025-09-04,Argentina,Venezuela,Argentina,Lautaro Martínez,76,FALSE,FALSE
2025-09-04,Argentina,Venezuela,Argentina,Lionel Messi,80,FALSE,FALSE
2025-09-04,Brazil,Chile,Brazil,Estêvão Willian,38,FALSE,FALSE
2025-09-04,Brazil,Chile,Brazil,Lucas Paquetá,72,FALSE,FALSE
2025-09-04,Brazil,Chile,Brazil,Bruno Guimarães,76,FALSE,FALSE
2025-09-04,Bulgaria,Spain,Spain,Mikel Oyarzabal,5,FALSE,FALSE
2025-09-04,Bulgaria,Spain,Spain,Marc Cucurella,30,FALSE,FALSE
2025-09-04,Bulgaria,Spain,Spain,Mikel Merino,38,FALSE,FALSE
2025-09-04,Cameroon,Eswatini,Cameroon,Gift Gamedze,6,TRUE,FALSE
2025-09-04,Cameroon,Eswatini,Cameroon,Georges-Kévin Nkoudou,25,FALSE,FALSE
2025-09-04,Cameroon,Eswatini,Cameroon,Arthur Avom,28,FALSE,FALSE
2025-09-04,Chad,Ghana,Ghana,Jordan Ayew,17,FALSE,FALSE
2025-09-04,Chad,Ghana,Chad,Célestin Ecua,89,FALSE,FALSE
2025-09-04,Colombia,Bolivia,Colombia,James Rodríguez,31,FALSE,FALSE
2025-09-04,Colombia,Bolivia,Colombia,Jhon Córdoba,74,FALSE,FALSE
2025-09-04,Colombia,Bolivia,Colombia,Juan Fernando Quintero,83,FALSE,FALSE
2025-09-04,Georgia,Turkey,Turkey,Mert Müldür,3,FALSE,FALSE
2025-09-04,Georgia,Turkey,Turkey,Kerem Aktürkoğlu,41,FALSE,FALSE
2025-09-04,Georgia,Turkey,Turkey,Kerem Aktürkoğlu,52,FALSE,FALSE
2025-09-04,Georgia,Turkey,Georgia,Zuriko Davitashvili,63,FALSE,FALSE
2025-09-04,Georgia,Turkey,Georgia,Khvicha Kvaratskhelia,90,FALSE,FALSE
2025-09-04,Guatemala,El Salvador,El Salvador,Harold Osorio,79,FALSE,FALSE
2025-09-04,Guinea-Bissau,Sierra Leone,Sierra Leone,Kei Kamara,45,FALSE,FALSE
2025-09-04,Guinea-Bissau,Sierra Leone,Guinea-Bissau,Mama Baldé,74,FALSE,FALSE
2025-09-04,Kazakhstan,Wales,Wales,Kieffer Moore,24,FALSE,FALSE
2025-09-04,Liechtenstein,Belgium,Belgium,Maxim De Cuyper,29,FALSE,FALSE
2025-09-04,Liechtenstein,Belgium,Belgium,Youri Tielemans,46,FALSE,FALSE
2025-09-04,Liechtenstein,Belgium,Belgium,Arthur Theate,60,FALSE,FALSE
2025-09-04,Liechtenstein,Belgium,Belgium,Kevin De Bruyne,62,FALSE,FALSE
2025-09-04,Liechtenstein,Belgium,Belgium,Youri Tielemans,70,FALSE,TRUE
2025-09-04,Liechtenstein,Belgium,Belgium,Malick Fofana,90,FALSE,FALSE
2025-09-04,Lithuania,Malta,Malta,Alexander Satariano,83,FALSE,FALSE
2025-09-04,Lithuania,Malta,Lithuania,Gvidas Gineitis,90,FALSE,TRUE
2025-09-04,Luxembourg,Northern Ireland,Northern Ireland,Jamie Reid,7,FALSE,FALSE
2025-09-04,Luxembourg,Northern Ireland,Luxembourg,Aiman Dardari,30,FALSE,FALSE
2025-09-04,Luxembourg,Northern Ireland,Northern Ireland,Shea Charles,46,FALSE,FALSE
2025-09-04,Luxembourg,Northern Ireland,Northern Ireland,Justin Devenny,70,FALSE,FALSE
2025-09-04,Madagascar,Central African Republic,Madagascar,Warren Caddy,45,FALSE,FALSE
2025-09-04,Madagascar,Central African Republic,Madagascar,Arnaud Randrianantenaina,59,FALSE,FALSE
2025-09-04,Mali,Comoros,Mali,Dorgeles Nene,45,FALSE,FALSE
2025-09-04,Mali,Comoros,Mali,Kamory Doumbia,70,FALSE,TRUE
2025-09-04,Mali,Comoros,Mali,Lassana Coulibaly,76,FALSE,FALSE
2025-09-04,Mauritius,Cape Verde,Cape Verde,Jovane Cabral,22,FALSE,FALSE
2025-09-04,Mauritius,Cape Verde,Cape Verde,Diney,70,FALSE,FALSE
2025-09-04,Netherlands,Poland,Netherlands,Denzel Dumfries,28,FALSE,FALSE
2025-09-04,Netherlands,Poland,Poland,Matty Cash,80,FALSE,FALSE
2025-09-04,Slovakia,Germany,Slovakia,Dávid Hancko,42,FALSE,FALSE
2025-09-04,Slovakia,Germany,Slovakia,David Strelec,55,FALSE,FALSE
2025-09-04,São Tomé and Príncipe,Equatorial Guinea,São Tomé and Príncipe,Ronaldo Afonso,8,FALSE,TRUE
2025-09-04,São Tomé and Príncipe,Equatorial Guinea,São Tomé and Príncipe,Ronaldo Afonso,42,FALSE,TRUE
2025-09-04,São Tomé and Príncipe,Equatorial Guinea,Equatorial Guinea,Pablo Ganet,52,FALSE,FALSE
2025-09-04,São Tomé and Príncipe,Equatorial Guinea,Equatorial Guinea,Iban Salvador,61,FALSE,FALSE
2025-09-04,São Tomé and Príncipe,Equatorial Guinea,Equatorial Guinea,José Nabil Ondo,69,FALSE,FALSE
2025-09-04,Tunisia,Liberia,Tunisia,Hazem Mastouri,5,FALSE,FALSE
2025-09-04,Tunisia,Liberia,Tunisia,Ferjani Sassi,66,FALSE,FALSE
2025-09-04,Tunisia,Liberia,Tunisia,Elias Saad,90,FALSE,FALSE
2025-09-04,Uruguay,Peru,Uruguay,Rodrigo Aguirre,14,FALSE,FALSE
2025-09-04,Uruguay,Peru,Uruguay,Giorgian de Arrascaeta,58,FALSE,FALSE
2025-09-04,Uruguay,Peru,Uruguay,Federico Viñas,80,FALSE,FALSE
2025-09-05,Benin,Zimbabwe,Benin,Steve Mounié,77,FALSE,FALSE
2025-09-05,Bermuda,Jamaica,Jamaica,Damion Lowe,6,FALSE,FALSE
2025-09-05,Bermuda,Jamaica,Jamaica,Renaldo Cephas,26,FALSE,FALSE
2025-09-05,Bermuda,Jamaica,Jamaica,Kasey Palmer,58,FALSE,FALSE
2025-09-05,Bermuda,Jamaica,Jamaica,Shamar Nicholson,90,FALSE,FALSE
2025-09-05,Congo,Tanzania,Congo,Dechan Moussavou,68,FALSE,FALSE
2025-09-05,Congo,Tanzania,Tanzania,Selemani Mwalimu,84,FALSE,FALSE
2025-09-05,Djibouti,Burkina Faso,Burkina Faso,Cyriaque Irié,16,FALSE,FALSE
2025-09-05,Djibouti,Burkina Faso,Burkina Faso,Josué Tiendrébéogo,25,FALSE,FALSE
2025-09-05,Djibouti,Burkina Faso,Burkina Faso,Edmond Tapsoba,36,FALSE,FALSE
2025-09-05,Djibouti,Burkina Faso,Burkina Faso,Edmond Tapsoba,43,FALSE,FALSE
2025-09-05,Djibouti,Burkina Faso,Burkina Faso,Dango Ouattara,59,FALSE,FALSE
2025-09-05,Djibouti,Burkina Faso,Burkina Faso,Dango Ouattara,86,FALSE,TRUE
2025-09-05,Egypt,Ethiopia,Egypt,Mohamed Salah,41,FALSE,TRUE
2025-09-05,Egypt,Ethiopia,Egypt,Omar Marmoush,45,FALSE,TRUE
2025-09-05,Faroe Islands,Croatia,Croatia,Andrej Kramarić,31,FALSE,FALSE
2025-09-05,Greece,Belarus,Greece,Konstantinos Karetsas,3,FALSE,FALSE
2025-09-05,Greece,Belarus,Greece,Vangelis Pavlidis,17,FALSE,FALSE
2025-09-05,Greece,Belarus,Greece,Anastasios Bakasetas,21,FALSE,FALSE
2025-09-05,Greece,Belarus,Greece,Dimitrios Kourbelis,36,FALSE,FALSE
2025-09-05,Greece,Belarus,Greece,Christos Tzolis,63,FALSE,FALSE
2025-09-05,Greece,Belarus,Belarus,German Barkovsky,72,FALSE,TRUE
2025-09-05,Iceland,Azerbaijan,Iceland,Victor Pálsson,45,FALSE,FALSE
2025-09-05,Iceland,Azerbaijan,Iceland,Ísak Bergmann Jóhannesson,47,FALSE,FALSE
2025-09-05,Iceland,Azerbaijan,Iceland,Ísak Bergmann Jóhannesson,56,FALSE,FALSE
2025-09-05,Iceland,Azerbaijan,Iceland,Albert Guðmundsson,66,FALSE,FALSE
2025-09-05,Iceland,Azerbaijan,Iceland,Kristian Hlynsson,73,FALSE,FALSE
2025-09-05,Italy,Estonia,Italy,Moise Kean,58,FALSE,FALSE
2025-09-05,Italy,Estonia,Italy,Mateo Retegui,69,FALSE,FALSE
2025-09-05,Italy,Estonia,Italy,Giacomo Raspadori,71,FALSE,FALSE
2025-09-05,Italy,Estonia,Italy,Mateo Retegui,89,FALSE,FALSE
2025-09-05,Italy,Estonia,Italy,Alessandro Bastoni,90,FALSE,FALSE
2025-09-05,Ivory Coast,Burundi,Ivory Coast,Vakoun Issouf Bayo,3,FALSE,FALSE
2025-09-05,Kenya,Gambia,Gambia,Sheriff Sinyan,12,FALSE,FALSE
2025-09-05,Kenya,Gambia,Gambia,Yankuba Minteh,26,FALSE,FALSE
2025-09-05,Kenya,Gambia,Gambia,Musa Barrow,38,FALSE,FALSE
2025-09-05,Kenya,Gambia,Kenya,Ryan Ogam,81,FALSE,FALSE
2025-09-05,Mauritania,Togo,Mauritania,Pape Ndiaga Yade,13,FALSE,FALSE
2025-09-05,Mauritania,Togo,Mauritania,Aly Abeid,68,FALSE,FALSE
2025-09-05,Moldova,Israel,Israel,Dor Peretz,15,FALSE,FALSE
2025-09-05,Moldova,Israel,Israel,Manor Solomon,35,FALSE,FALSE
2025-09-05,Moldova,Israel,Israel,Tai Baribo,59,FALSE,FALSE
2025-09-05,Moldova,Israel,Israel,Oscar Gloukh,77,FALSE,FALSE
2025-09-05,Montenegro,Czech Republic,Czech Republic,Lukáš Červ,3,FALSE,FALSE
2025-09-05,Montenegro,Czech Republic,Czech Republic,Václav Černý,90,FALSE,FALSE
2025-09-05,Morocco,Niger,Morocco,Ismael Saibari,29,FALSE,FALSE
2025-09-05,Morocco,Niger,Morocco,Ismael Saibari,38,FALSE,FALSE
2025-09-05,Morocco,Niger,Morocco,Ayoub El Kaabi,51,FALSE,FALSE
2025-09-05,Morocco,Niger,Morocco,Hamza Igamane,69,FALSE,FALSE
2025-09-05,Morocco,Niger,Morocco,Azzedine Ounahi,84,FALSE,FALSE
2025-09-05,Namibia,Malawi,Malawi,Richard Mbulu,5,FALSE,FALSE
2025-09-05,Namibia,Malawi,Malawi,Gabadinho Mhango,53,FALSE,FALSE
2025-09-05,Namibia,Malawi,Namibia,Dawid Ndeunyema,86,FALSE,FALSE
2025-09-05,Nicaragua,Costa Rica,Costa Rica,Alexis Gamboa,60,FALSE,FALSE
2025-09-05,Nicaragua,Costa Rica,Nicaragua,Byron Bonilla,80,FALSE,TRUE
2025-09-05,Senegal,Sudan,Senegal,Kalidou Koulibaly,14,FALSE,FALSE
2025-09-05,Senegal,Sudan,Senegal,Pape Matar Sarr,41,FALSE,FALSE
2025-09-05,Slovenia,Sweden,Sweden,Anthony Elanga,18,FALSE,FALSE
2025-09-05,Slovenia,Sweden,Slovenia,Sandi Lovrić,46,FALSE,FALSE
2025-09-05,Slovenia,Sweden,Sweden,Yasin Ayari,73,FALSE,FALSE
2025-09-05,Slovenia,Sweden,Slovenia,Žan Vipotnik,90,FALSE,FALSE
2025-09-05,Somalia,Guinea,Guinea,Serhou Guirassy,22,FALSE,FALSE
2025-09-05,Somalia,Guinea,Guinea,Faisal Othman,64,TRUE,FALSE
2025-09-05,Somalia,Guinea,Guinea,Ousmane Camara,90,FALSE,FALSE
2025-09-05,South Africa,Lesotho,South Africa,Mohau Nkota,15,FALSE,FALSE
2025-09-05,South Africa,Lesotho,South Africa,Lyle Foster,63,FALSE,FALSE
2025-09-05,South Africa,Lesotho,South Africa,Oswin Appollis,67,FALSE,FALSE
2025-09-05,South Sudan,DR Congo,DR Congo,Cédric Bakambu,13,FALSE,FALSE
2025-09-05,South Sudan,DR Congo,DR Congo,Cédric Bakambu,36,FALSE,FALSE
2025-09-05,South Sudan,DR Congo,DR Congo,Nathanaël Mbuku,45,FALSE,FALSE
2025-09-05,South Sudan,DR Congo,DR Congo,Yoane Wissa,57,FALSE,FALSE
2025-09-05,South Sudan,DR Congo,South Sudan,Keer Majak,68,FALSE,FALSE
2025-09-05,Switzerland,Kosovo,Switzerland,Manuel Akanji,22,FALSE,FALSE
2025-09-05,Switzerland,Kosovo,Switzerland,Breel Embolo,25,FALSE,FALSE
2025-09-05,Switzerland,Kosovo,Switzerland,Silvan Widmer,39,FALSE,FALSE
2025-09-05,Switzerland,Kosovo,Switzerland,Breel Embolo,45,FALSE,FALSE
2025-09-05,Uganda,Mozambique,Uganda,Allan Okello,48,FALSE,FALSE
2025-09-05,Uganda,Mozambique,Uganda,Rogers Mato,70,FALSE,FALSE
2025-09-05,Uganda,Mozambique,Uganda,Rogers Mato,84,FALSE,FALSE
2025-09-05,Uganda,Mozambique,Uganda,Elio Capradossi,90,FALSE,FALSE
2025-09-05,Ukraine,France,France,Michael Olise,10,FALSE,FALSE
2025-09-05,Ukraine,France,France,Kylian Mbappé,82,FALSE,FALSE
2025-09-06,Armenia,Portugal,Portugal,João Félix,10,FALSE,FALSE
2025-09-06,Armenia,Portugal,Portugal,Cristiano Ronaldo,21,FALSE,FALSE
2025-09-06,Armenia,Portugal,Portugal,João Cancelo,32,FALSE,FALSE
2025-09-06,Armenia,Portugal,Portugal,Cristiano Ronaldo,46,FALSE,FALSE
2025-09-06,Armenia,Portugal,Portugal,João Félix,62,FALSE,FALSE
2025-09-06,Austria,Cyprus,Austria,Marcel Sabitzer,54,FALSE,TRUE
2025-09-06,England,Andorra,England,Christian García,25,TRUE,FALSE
2025-09-06,England,Andorra,England,Declan Rice,67,FALSE,FALSE
2025-09-06,Latvia,Serbia,Serbia,Dušan Vlahović,12,FALSE,FALSE
2025-09-06,Nigeria,Rwanda,Nigeria,Tolu Arokodare,51,FALSE,FALSE
2025-09-06,Republic of Ireland,Hungary,Hungary,Barnabás Varga,2,FALSE,FALSE
2025-09-06,Republic of Ireland,Hungary,Hungary,Roland Sallai,15,FALSE,FALSE
2025-09-06,Republic of Ireland,Hungary,Republic of Ireland,Evan Ferguson,49,FALSE,FALSE
2025-09-06,Republic of Ireland,Hungary,Republic of Ireland,Adam Idah,90,FALSE,FALSE
2025-09-06,San Marino,Bosnia and Herzegovina,Bosnia and Herzegovina,Benjamin Tahirović,21,FALSE,FALSE
2025-09-06,San Marino,Bosnia and Herzegovina,Bosnia and Herzegovina,Edin Džeko,70,FALSE,FALSE
2025-09-06,San Marino,Bosnia and Herzegovina,Bosnia and Herzegovina,Edin Džeko,72,FALSE,FALSE
2025-09-06,San Marino,Bosnia and Herzegovina,Bosnia and Herzegovina,Samed Baždar,81,FALSE,FALSE
2025-09-06,San Marino,Bosnia and Herzegovina,Bosnia and Herzegovina,Kerim Alajbegović,85,FALSE,FALSE
2025-09-06,San Marino,Bosnia and Herzegovina,Bosnia and Herzegovina,Nihad Mujakić,90,FALSE,FALSE
2025-09-07,Belgium,Kazakhstan,Belgium,Kevin De Bruyne,42,FALSE,FALSE
2025-09-07,Belgium,Kazakhstan,Belgium,Jérémy Doku,44,FALSE,FALSE
2025-09-07,Belgium,Kazakhstan,Belgium,Nicolas Raskin,51,FALSE,FALSE
2025-09-07,Belgium,Kazakhstan,Belgium,Jérémy Doku,60,FALSE,FALSE
2025-09-07,Belgium,Kazakhstan,Belgium,Kevin De Bruyne,84,FALSE,FALSE
2025-09-07,Belgium,Kazakhstan,Belgium,Thomas Meunier,87,FALSE,FALSE
2025-09-07,Central African Republic,Comoros,Comoros,Youssouf M'Changama,20,FALSE,FALSE
2025-09-07,Central African Republic,Comoros,Comoros,Myziane Maolida,39,FALSE,FALSE
2025-09-07,Georgia,Bulgaria,Georgia,Khvicha Kvaratskhelia,30,FALSE,FALSE
2025-09-07,Georgia,Bulgaria,Georgia,Nika Gagnidze,44,FALSE,FALSE
2025-09-07,Georgia,Bulgaria,Georgia,Georges Mikautadze,65,FALSE,FALSE
2025-09-07,Germany,Northern Ireland,Germany,Serge Gnabry,7,FALSE,FALSE
2025-09-07,Germany,Northern Ireland,Northern Ireland,Isaac Price,34,FALSE,FALSE
2025-09-07,Germany,Northern Ireland,Germany,Nadiem Amiri,69,FALSE,FALSE
2025-09-07,Germany,Northern Ireland,Germany,Florian Wirtz,72,FALSE,FALSE
2025-09-07,Lithuania,Netherlands,Netherlands,Memphis Depay,11,FALSE,FALSE
2025-09-07,Lithuania,Netherlands,Netherlands,Quinten Timber,33,FALSE,FALSE
2025-09-07,Lithuania,Netherlands,Lithuania,Gvidas Gineitis,36,FALSE,FALSE
2025-09-07,Lithuania,Netherlands,Lithuania,Edvinas Girdvainis,43,FALSE,FALSE
2025-09-07,Lithuania,Netherlands,Netherlands,Memphis Depay,63,FALSE,FALSE
2025-09-07,Luxembourg,Slovakia,Slovakia,Tomáš Rigo,90,FALSE,FALSE
2025-09-07,North Macedonia,Liechtenstein,North Macedonia,Benjamin Büchel,15,TRUE,FALSE
2025-09-07,North Macedonia,Liechtenstein,North Macedonia,Enis Bardhi,52,FALSE,FALSE
2025-09-07,North Macedonia,Liechtenstein,North Macedonia,Darko Churlinov,56,FALSE,FALSE
2025-09-07,North Macedonia,Liechtenstein,North Macedonia,Lirim Qamili,82,FALSE,FALSE
2025-09-07,North Macedonia,Liechtenstein,North Macedonia,Luka Stankovski,90,FALSE,FALSE
2025-09-07,Poland,Finland,Poland,Matty Cash,27,FALSE,FALSE
2025-09-07,Poland,Finland,Poland,Robert Lewandowski,45,FALSE,FALSE
2025-09-07,Poland,Finland,Poland,Jakub Kamiński,54,FALSE,FALSE
2025-09-07,Poland,Finland,Finland,Benjamin Källman,88,FALSE,FALSE
2025-09-07,Turkey,Spain,Spain,Pedri,6,FALSE,FALSE
2025-09-07,Turkey,Spain,Spain,Mikel Merino,22,FALSE,FALSE
2025-09-07,Turkey,Spain,Spain,Mikel Merino,45,FALSE,FALSE
2025-09-07,Turkey,Spain,Spain,Ferran Torres,53,FALSE,FALSE
2025-09-07,Turkey,Spain,Spain,Mikel Merino,57,FALSE,FALSE
2025-09-07,Turkey,Spain,Spain,Pedri,62,FALSE,FALSE
2025-09-08,Belarus,Scotland,Scotland,Che Adams,43,FALSE,FALSE
2025-09-08,Belarus,Scotland,Scotland,Zakhar Volkov,65,TRUE,FALSE
2025-09-08,Croatia,Montenegro,Croatia,Kristijan Jakić,35,FALSE,FALSE
2025-09-08,Croatia,Montenegro,Croatia,Andrej Kramarić,51,FALSE,FALSE
2025-09-08,Croatia,Montenegro,Croatia,Edvin Kuč,85,TRUE,FALSE
2025-09-08,Croatia,Montenegro,Croatia,Ivan Perišić,90,FALSE,FALSE
2025-09-08,El Salvador,Suriname,Suriname,Radinio Balker,12,FALSE,FALSE
2025-09-08,El Salvador,Suriname,El Salvador,Anfernee Dijksteel,73,TRUE,FALSE
2025-09-08,El Salvador,Suriname,Suriname,Dhoraso Klas,81,FALSE,FALSE
2025-09-08,Equatorial Guinea,Tunisia,Tunisia,Mohamed Ali Ben Romdhane,90,FALSE,FALSE
2025-09-08,Ghana,Mali,Ghana,Alexander Djiku,49,FALSE,FALSE
2025-09-08,Gibraltar,Faroe Islands,Faroe Islands,Martin Agnarsson,68,FALSE,FALSE
2025-09-08,Greece,Denmark,Denmark,Mikkel Damsgaard,32,FALSE,FALSE
2025-09-08,Greece,Denmark,Denmark,Andreas Christensen,62,FALSE,FALSE
2025-09-08,Greece,Denmark,Denmark,Rasmus Højlund,81,FALSE,FALSE
2025-09-08,Guinea-Bissau,Djibouti,Guinea-Bissau,Iano Imbeni,54,FALSE,FALSE
2025-09-08,Guinea-Bissau,Djibouti,Guinea-Bissau,Fali Candé,82,FALSE,FALSE
2025-09-08,Israel,Italy,Israel,Manuel Locatelli,16,TRUE,FALSE
2025-09-08,Israel,Italy,Italy,Moise Kean,40,FALSE,FALSE
2025-09-08,Israel,Italy,Israel,Dor Peretz,52,FALSE,FALSE
2025-09-08,Israel,Italy,Italy,Moise Kean,54,FALSE,FALSE
2025-09-08,Israel,Italy,Italy,Matteo Politano,59,FALSE,FALSE
2025-09-08,Israel,Italy,Italy,Giacomo Raspadori,81,FALSE,FALSE
2025-09-08,Israel,Italy,Israel,Alessandro Bastoni,87,TRUE,FALSE
2025-09-08,Israel,Italy,Israel,Dor Peretz,89,FALSE,FALSE
2025-09-08,Israel,Italy,Italy,Sandro Tonali,90,FALSE,FALSE
2025-09-08,Kosovo,Sweden,Kosovo,Elvis Rexhbeçaj,26,FALSE,FALSE
2025-09-08,Kosovo,Sweden,Kosovo,Vedat Muriqi,42,FALSE,FALSE
2025-09-08,Libya,Eswatini,Libya,Muad Eisay,8,FALSE,FALSE
2025-09-08,Libya,Eswatini,Libya,Ezoo El Maremi,19,FALSE,FALSE
2025-09-08,Madagascar,Chad,Chad,Yves Allarabaye,25,FALSE,FALSE
2025-09-08,Madagascar,Chad,Madagascar,Warren Caddy,52,FALSE,FALSE
2025-09-08,Madagascar,Chad,Madagascar,Rayan Raveloson,69,FALSE,FALSE
2025-09-08,Madagascar,Chad,Madagascar,Hakim Abdallah,90,FALSE,FALSE
2025-09-08,Malawi,Liberia,Liberia,Ayouba Kosiah,3,FALSE,FALSE
2025-09-08,Malawi,Liberia,Liberia,Ayouba Kosiah,61,FALSE,FALSE
2025-09-08,Malawi,Liberia,Malawi,Gabadinho Mhango,72,FALSE,FALSE
2025-09-08,Malawi,Liberia,Malawi,Chawanangwa Kawonga,80,FALSE,FALSE
2025-09-08,Mozambique,Botswana,Mozambique,Witi,6,FALSE,FALSE
2025-09-08,Mozambique,Botswana,Mozambique,Faisal Bangal,71,FALSE,FALSE
2025-09-08,Panama,Guatemala,Guatemala,Óscar Santis,35,FALSE,FALSE
2025-09-08,Panama,Guatemala,Panama,Carlos Harvey,37,FALSE,FALSE
2025-09-08,Switzerland,Slovenia,Switzerland,Nico Elvedi,18,FALSE,FALSE
2025-09-08,Switzerland,Slovenia,Switzerland,Breel Embolo,33,FALSE,FALSE
2025-09-08,Switzerland,Slovenia,Switzerland,Dan Ndoye,38,FALSE,FALSE
2025-09-08,Uganda,Somalia,Uganda,Allan Okello,6,FALSE,TRUE
2025-09-08,Uganda,Somalia,Uganda,Jude Ssemugabi,39,FALSE,FALSE
2025-09-08,Zambia,Morocco,Morocco,Youssef En-Nesyri,7,FALSE,FALSE
2025-09-08,Zambia,Morocco,Morocco,Hamza Igamane,47,FALSE,FALSE
2025-09-09,Albania,Latvia,Albania,Kristjan Asllani,25,FALSE,TRUE
2025-09-09,Angola,Mauritius,Angola,M'Bala Nzola,17,FALSE,FALSE
2025-09-09,Angola,Mauritius,Mauritius,William François,21,FALSE,FALSE
2025-09-09,Angola,Mauritius,Angola,Fredy,57,FALSE,FALSE
2025-09-09,Angola,Mauritius,Angola,Zini,63,FALSE,FALSE
2025-09-09,Armenia,Republic of Ireland,Armenia,Eduard Spertsyan,45,FALSE,TRUE
2025-09-09,Armenia,Republic of Ireland,Armenia,Grant-Leon Ranos,51,FALSE,FALSE
2025-09-09,Armenia,Republic of Ireland,Republic of Ireland,Evan Ferguson,57,FALSE,FALSE
2025-09-09,Azerbaijan,Ukraine,Ukraine,Heorhiy Sudakov,51,FALSE,FALSE
2025-09-09,Azerbaijan,Ukraine,Azerbaijan,Emin Mahmudov,72,FALSE,TRUE
2025-09-09,Benin,Lesotho,Benin,Steve Mounié,6,FALSE,FALSE
2025-09-09,Benin,Lesotho,Benin,Andréas Hountondji,23,FALSE,FALSE
2025-09-09,Benin,Lesotho,Benin,Hassane Imourane,33,FALSE,FALSE
2025-09-09,Benin,Lesotho,Benin,Junior Olaitan,67,FALSE,FALSE
2025-09-09,Bolivia,Brazil,Bolivia,Miguel Terceros,45,FALSE,TRUE
2025-09-09,Bosnia and Herzegovina,Austria,Austria,Marcel Sabitzer,49,FALSE,FALSE
2025-09-09,Bosnia and Herzegovina,Austria,Bosnia and Herzegovina,Edin Džeko,50,FALSE,FALSE
2025-09-09,Bosnia and Herzegovina,Austria,Austria,Konrad Laimer,65,FALSE,FALSE
2025-09-09,Cape Verde,Cameroon,Cape Verde,Dailon Livramento,54,FALSE,FALSE
2025-09-09,Costa Rica,Haiti,Costa Rica,Kenneth Vargas,1,FALSE,FALSE
2025-09-09,Costa Rica,Haiti,Costa Rica,Alonso Martínez,35,FALSE,FALSE
2025-09-09,Costa Rica,Haiti,Haiti,Duckens Nazon,55,FALSE,FALSE
2025-09-09,Costa Rica,Haiti,Haiti,Duckens Nazon,58,FALSE,FALSE
2025-09-09,Costa Rica,Haiti,Haiti,Duckens Nazon,86,FALSE,FALSE
2025-09-09,Costa Rica,Haiti,Costa Rica,Juan Pablo Vargas,90,FALSE,FALSE
2025-09-09,Curaçao,Bermuda,Curaçao,Tahith Chong,14,FALSE,FALSE
2025-09-09,Curaçao,Bermuda,Curaçao,Tahith Chong,26,FALSE,FALSE
2025-09-09,Curaçao,Bermuda,Bermuda,Kane Crichlow,35,FALSE,FALSE
2025-09-09,Curaçao,Bermuda,Bermuda,Djair Parfitt,42,FALSE,FALSE
2025-09-09,Curaçao,Bermuda,Curaçao,Tyrese Noslin,75,FALSE,FALSE
2025-09-09,Cyprus,Romania,Romania,Denis Drăguș,2,FALSE,FALSE
2025-09-09,Cyprus,Romania,Romania,Denis Drăguș,18,FALSE,FALSE
2025-09-09,Cyprus,Romania,Cyprus,Loizos Loizou,29,FALSE,FALSE
2025-09-09,Cyprus,Romania,Cyprus,Charalampos Charalampous,76,FALSE,FALSE
2025-09-09,DR Congo,Senegal,DR Congo,Cédric Bakambu,26,FALSE,FALSE
2025-09-09,DR Congo,Senegal,DR Congo,Yoane Wissa,33,FALSE,FALSE
2025-09-09,DR Congo,Senegal,Senegal,Pape Gueye,39,FALSE,FALSE
2025-09-09,DR Congo,Senegal,Senegal,Nicolas Jackson,53,FALSE,FALSE
2025-09-09,DR Congo,Senegal,Senegal,Pape Matar Sarr,87,FALSE,FALSE
2025-09-09,Ecuador,Argentina,Ecuador,Enner Valencia,45,FALSE,TRUE
2025-09-09,France,Iceland,Iceland,Andri Guðjohnsen,21,FALSE,FALSE
2025-09-09,France,Iceland,France,Kylian Mbappé,45,FALSE,TRUE
2025-09-09,France,Iceland,France,Bradley Barcola,62,FALSE,FALSE
2025-09-09,Gambia,Burundi,Gambia,Alieu Fadera,34,FALSE,TRUE
2025-09-09,Gambia,Burundi,Gambia,Ebou Adams,76,FALSE,FALSE
2025-09-09,Honduras,Nicaragua,Honduras,Romell Quioto,47,FALSE,FALSE
2025-09-09,Honduras,Nicaragua,Honduras,Alexy Vega,90,FALSE,FALSE
2025-09-09,Hungary,Portugal,Hungary,Barnabás Varga,21,FALSE,FALSE
2025-09-09,Hungary,Portugal,Portugal,Bernardo Silva,36,FALSE,FALSE
2025-09-09,Hungary,Portugal,Portugal,Cristiano Ronaldo,58,FALSE,TRUE
2025-09-09,Hungary,Portugal,Hungary,Barnabás Varga,84,FALSE,FALSE
2025-09-09,Hungary,Portugal,Portugal,João Cancelo,86,FALSE,FALSE
2025-09-09,Jamaica,Trinidad and Tobago,Jamaica,Bailey Cadamarteri,36,FALSE,FALSE
2025-09-09,Jamaica,Trinidad and Tobago,Jamaica,Jon Russell,57,FALSE,FALSE
2025-09-09,Kenya,Seychelles,Kenya,Ryan Ogam,7,FALSE,FALSE
2025-09-09,Kenya,Seychelles,Kenya,Collins Sichenje,35,FALSE,FALSE
2025-09-09,Kenya,Seychelles,Kenya,Ryan Ogam,38,FALSE,FALSE
2025-09-09,Kenya,Seychelles,Kenya,Michael Olunga,45,FALSE,TRUE
2025-09-09,Kenya,Seychelles,Kenya,Michael Olunga,67,FALSE,FALSE
2025-09-09,Namibia,São Tomé and Príncipe,Namibia,Peter Shalulile,41,FALSE,FALSE
2025-09-09,Namibia,São Tomé and Príncipe,Namibia,Peter Shalulile,66,FALSE,FALSE
2025-09-09,Namibia,São Tomé and Príncipe,Namibia,Peter Shalulile,71,FALSE,FALSE
2025-09-09,Norway,Moldova,Norway,Felix Horn Myhre,6,FALSE,FALSE
2025-09-09,Norway,Moldova,Norway,Erling Haaland,11,FALSE,FALSE
2025-09-09,Norway,Moldova,Norway,Erling Haaland,36,FALSE,FALSE
2025-09-09,Norway,Moldova,Norway,Erling Haaland,43,FALSE,FALSE
2025-09-09,Norway,Moldova,Norway,Martin Ødegaard,45,FALSE,FALSE
2025-09-09,Norway,Moldova,Norway,Erling Haaland,52,FALSE,FALSE
2025-09-09,Norway,Moldova,Norway,Thelo Aasgaard,67,FALSE,FALSE
2025-09-09,Norway,Moldova,Moldova,Leo Østigård,74,TRUE,FALSE
2025-09-09,Norway,Moldova,Norway,Thelo Aasgaard,76,FALSE,FALSE
2025-09-09,Norway,Moldova,Norway,Thelo Aasgaard,78,FALSE,TRUE
2025-09-09,Norway,Moldova,Norway,Erling Haaland,83,FALSE,FALSE
2025-09-09,Norway,Moldova,Norway,Thelo Aasgaard,90,FALSE,FALSE
2025-09-09,Peru,Paraguay,Paraguay,Matías Galarza,78,FALSE,FALSE
2025-09-09,Serbia,England,England,Harry Kane,33,FALSE,FALSE
2025-09-09,Serbia,England,England,Noni Madueke,35,FALSE,FALSE
2025-09-09,Serbia,England,England,Ezri Konsa,52,FALSE,FALSE
2025-09-09,Serbia,England,England,Marc Guéhi,75,FALSE,FALSE
2025-09-09,Serbia,England,England,Marcus Rashford,90,FALSE,TRUE
2025-09-09,Sierra Leone,Ethiopia,Sierra Leone,Momoh Kamara,37,FALSE,FALSE
2025-09-09,Sierra Leone,Ethiopia,Sierra Leone,Alhassan Koroma,90,FALSE,FALSE
2025-09-09,South Africa,Nigeria,South Africa,William Troost-Ekong,25,TRUE,FALSE
2025-09-09,South Africa,Nigeria,Nigeria,Calvin Bassey,44,FALSE,FALSE
2025-09-09,Tanzania,Niger,Niger,Daniel Sosah,58,FALSE,FALSE
2025-09-09,Togo,Sudan,Togo,Sadik Fofana,6,FALSE,FALSE
2025-09-09,Venezuela,Colombia,Venezuela,Telasco Segovia,3,FALSE,FALSE
2025-09-09,Venezuela,Colombia,Colombia,Yerry Mina,10,FALSE,FALSE
2025-09-09,Venezuela,Colombia,Venezuela,Josef Martínez,12,FALSE,FALSE
2025-09-09,Venezuela,Colombia,Colombia,Luis Suárez,42,FALSE,FALSE
2025-09-09,Venezuela,Colombia,Colombia,Luis Suárez,50,FALSE,FALSE
2025-09-09,Venezuela,Colombia,Colombia,Luis Suárez,59,FALSE,FALSE
2025-09-09,Venezuela,Colombia,Colombia,Luis Suárez,67,FALSE,FALSE
2025-09-09,Venezuela,Colombia,Venezuela,Salomón Rondón,76,FALSE,FALSE
2025-09-09,Venezuela,Colombia,Colombia,Jhon Córdoba,78,FALSE,FALSE
2025-09-09,Zimbabwe,Rwanda,Rwanda,Gilbert Mugisha,40,FALSE,FALSE
2025-10-08,Central African Republic,Ghana,Ghana,Mohammed Salisu,20,FALSE,FALSE
2025-10-08,Central African Republic,Ghana,Ghana,Thomas Partey,52,FALSE,FALSE
2025-10-08,Central African Republic,Ghana,Ghana,Alexander Djiku,69,FALSE,FALSE
2025-10-08,Central African Republic,Ghana,Ghana,Jordan Ayew,71,FALSE,FALSE
2025-10-08,Central African Republic,Ghana,Ghana,Kamaldeen Sulemana,87,FALSE,FALSE
2025-10-08,Chad,Mali,Mali,Kamory Doumbia,19,FALSE,FALSE
2025-10-08,Chad,Mali,Mali,Kamory Doumbia,74,FALSE,FALSE
2025-10-08,Comoros,Madagascar,Madagascar,Clément Couturier,11,FALSE,FALSE
2025-10-08,Comoros,Madagascar,Madagascar,El Hadari Raheriniaina,73,FALSE,FALSE
2025-10-08,Comoros,Madagascar,Comoros,Rafiki Saïd,81,FALSE,FALSE
2025-10-08,Djibouti,Egypt,Egypt,Ibrahim Adel,8,FALSE,FALSE
2025-10-08,Djibouti,Egypt,Egypt,Mohamed Salah,14,FALSE,FALSE
2025-10-08,Djibouti,Egypt,Egypt,Mohamed Salah,84,FALSE,FALSE
2025-10-08,Eswatini,Angola,Eswatini,Justice Figuareido,48,FALSE,FALSE
2025-10-08,Eswatini,Angola,Eswatini,Justice Figuareido,54,FALSE,FALSE
2025-10-08,Eswatini,Angola,Angola,Jonathan Buatu,69,FALSE,FALSE
2025-10-08,Eswatini,Angola,Angola,Ary Papel,80,FALSE,FALSE
2025-10-08,Ethiopia,Guinea-Bissau,Ethiopia,Ramkel James,27,FALSE,FALSE
2025-10-08,Libya,Cape Verde,Libya,Roberto Lopes,1,TRUE,FALSE
2025-10-08,Libya,Cape Verde,Cape Verde,Telmo Arcanjo,29,FALSE,FALSE
2025-10-08,Libya,Cape Verde,Libya,Ezoo El Maremi,42,FALSE,FALSE
2025-10-08,Libya,Cape Verde,Libya,Mahmoud Al-Shalui,58,FALSE,FALSE
2025-10-08,Libya,Cape Verde,Cape Verde,Sidny Lopes Cabral,76,FALSE,FALSE
2025-10-08,Libya,Cape Verde,Cape Verde,Willy Semedo,82,FALSE,FALSE
2025-10-08,Mauritius,Cameroon,Cameroon,Moumi Ngamaleu,57,FALSE,FALSE
2025-10-08,Mauritius,Cameroon,Cameroon,Bryan Mbeumo,90,FALSE,FALSE
2025-10-08,Niger,Congo,Niger,Daniel Sosah,45,FALSE,FALSE
2025-10-08,Niger,Congo,Niger,Youssouf Oumarou,49,FALSE,FALSE
2025-10-08,Niger,Congo,Niger,Victorien Adebayor,67,FALSE,FALSE
2025-10-08,Niger,Congo,Congo,Déo Bassinga,90,FALSE,FALSE
2025-10-08,Saudi Arabia,Indonesia,Indonesia,Kevin Diks,11,FALSE,TRUE
2025-10-08,Saudi Arabia,Indonesia,Saudi Arabia,Saleh Abu Al-Shamat,17,FALSE,FALSE
2025-10-08,Saudi Arabia,Indonesia,Saudi Arabia,Firas Al-Buraikan,36,FALSE,TRUE
2025-10-08,Saudi Arabia,Indonesia,Saudi Arabia,Firas Al-Buraikan,62,FALSE,FALSE
2025-10-08,Saudi Arabia,Indonesia,Indonesia,Kevin Diks,88,FALSE,TRUE
2025-10-08,Sierra Leone,Burkina Faso,Burkina Faso,Mohamed Zougrana,42,FALSE,FALSE
2025-10-08,Tanzania,Zambia,Zambia,Fashion Sakala,75,FALSE,FALSE
2025-10-09,Algeria,Somalia,Algeria,Mohamed Amoura,7,FALSE,FALSE
2025-10-09,Algeria,Somalia,Algeria,Riyad Mahrez,19,FALSE,FALSE
2025-10-09,Algeria,Somalia,Algeria,Mohamed Amoura,57,FALSE,FALSE
2025-10-09,Austria,San Marino,Austria,Romano Schmid,7,FALSE,FALSE
2025-10-09,Austria,San Marino,Austria,Marko Arnautović,8,FALSE,FALSE
2025-10-09,Austria,San Marino,Austria,Michael Gregoritsch,24,FALSE,FALSE
2025-10-09,Austria,San Marino,Austria,Stefan Posch,30,FALSE,FALSE
2025-10-09,Austria,San Marino,Austria,Stefan Posch,42,FALSE,FALSE
2025-10-09,Austria,San Marino,Austria,Konrad Laimer,45,FALSE,FALSE
2025-10-09,Austria,San Marino,Austria,Marko Arnautović,47,FALSE,FALSE
2025-10-09,Austria,San Marino,Austria,Nikolaus Wurmbrand,76,FALSE,FALSE
2025-10-09,Austria,San Marino,Austria,Marko Arnautović,83,FALSE,FALSE
2025-10-09,Austria,San Marino,Austria,Marko Arnautović,84,FALSE,FALSE
2025-10-09,Belarus,Denmark,Denmark,Victor Froholdt,14,FALSE,FALSE
2025-10-09,Belarus,Denmark,Denmark,Rasmus Højlund,19,FALSE,FALSE
2025-10-09,Belarus,Denmark,Denmark,Rasmus Højlund,45,FALSE,FALSE
2025-10-09,Belarus,Denmark,Denmark,Patrick Dorgu,45,FALSE,FALSE
2025-10-09,Belarus,Denmark,Denmark,Anders Dreyer,66,FALSE,FALSE
2025-10-09,Belarus,Denmark,Denmark,Anders Dreyer,78,FALSE,FALSE
2025-10-09,Botswana,Uganda,Uganda,Jude Ssemugabi,54,FALSE,FALSE
2025-10-09,Burundi,Kenya,Kenya,Ryan Ogam,72,FALSE,FALSE
2025-10-09,Cyprus,Bosnia and Herzegovina,Bosnia and Herzegovina,Nikola Katić,10,FALSE,FALSE
2025-10-09,Cyprus,Bosnia and Herzegovina,Bosnia and Herzegovina,Neofytos Michail,36,TRUE,FALSE
2025-10-09,Cyprus,Bosnia and Herzegovina,Cyprus,Konstantinos Laifis,45,FALSE,FALSE
2025-10-09,Cyprus,Bosnia and Herzegovina,Cyprus,Ioannis Pittas,90,FALSE,TRUE
2025-10-09,Faroe Islands,Montenegro,Faroe Islands,Hanus Sørensen,16,FALSE,FALSE
2025-10-09,Faroe Islands,Montenegro,Faroe Islands,Milan Roganović,36,TRUE,FALSE
2025-10-09,Faroe Islands,Montenegro,Faroe Islands,Hanus Sørensen,55,FALSE,FALSE
2025-10-09,Faroe Islands,Montenegro,Faroe Islands,Árni Frederiksberg,72,FALSE,TRUE
2025-10-09,Finland,Lithuania,Lithuania,Pijus Širvys,25,FALSE,FALSE
2025-10-09,Finland,Lithuania,Finland,Benjamin Källman,48,FALSE,FALSE
2025-10-09,Finland,Lithuania,Finland,Adam Markhiyev,55,FALSE,FALSE
2025-10-09,Liberia,Namibia,Liberia,Ayouba Kosiah,3,FALSE,TRUE
2025-10-09,Liberia,Namibia,Liberia,Sulahman Mamadu Bah,9,FALSE,FALSE
2025-10-09,Liberia,Namibia,Liberia,Edward Ledlum,81,FALSE,FALSE
2025-10-09,Liberia,Namibia,Namibia,David Ndeunyema,87,FALSE,FALSE
2025-10-09,Malta,Netherlands,Netherlands,Cody Gakpo,12,FALSE,TRUE
2025-10-09,Malta,Netherlands,Netherlands,Cody Gakpo,49,FALSE,TRUE
2025-10-09,Malta,Netherlands,Netherlands,Tijjani Reijnders,57,FALSE,FALSE
2025-10-09,Malta,Netherlands,Netherlands,Memphis Depay,90,FALSE,FALSE
2025-10-09,Mozambique,Guinea,Guinea,Abdoul Karim Traoré,2,FALSE,FALSE
2025-10-09,Mozambique,Guinea,Mozambique,Reinildo Mandava,19,FALSE,FALSE
2025-10-09,Mozambique,Guinea,Guinea,Abdoul Karim Traoré,59,FALSE,FALSE
2025-10-09,Nicaragua,Haiti,Haiti,Duckens Nazon,12,FALSE,FALSE
2025-10-09,Nicaragua,Haiti,Haiti,Danley Jean Jacques,35,FALSE,FALSE
2025-10-09,Nicaragua,Haiti,Haiti,Don Deedson Louicius,90,FALSE,FALSE
2025-10-09,Scotland,Greece,Greece,Kostas Tsimikas,62,FALSE,FALSE
2025-10-09,Scotland,Greece,Scotland,Ryan Christie,64,FALSE,FALSE
2025-10-09,Scotland,Greece,Scotland,Lewis Ferguson,80,FALSE,FALSE
2025-10-09,Scotland,Greece,Scotland,Lyndon Dykes,90,FALSE,FALSE
2025-10-10,Bermuda,Trinidad and Tobago,Trinidad and Tobago,Dante Sealy,10,FALSE,FALSE
2025-10-10,Bermuda,Trinidad and Tobago,Trinidad and Tobago,Tyrese Spicer,30,FALSE,FALSE
2025-10-10,Bermuda,Trinidad and Tobago,Trinidad and Tobago,Kobi Henry,49,FALSE,FALSE
2025-10-10,Curaçao,Jamaica,Curaçao,Livano Comenencia,14,FALSE,FALSE
2025-10-10,Curaçao,Jamaica,Curaçao,Kenji Gorré,68,FALSE,FALSE
2025-10-10,El Salvador,Panama,Panama,José Fajardo,55,FALSE,FALSE
2025-10-10,France,Azerbaijan,France,Kylian Mbappé,45,FALSE,FALSE
2025-10-10,France,Azerbaijan,France,Adrien Rabiot,69,FALSE,FALSE
2025-10-10,France,Azerbaijan,France,Florian Thauvin,84,FALSE,FALSE
2025-10-10,Gambia,Gabon,Gabon,Pierre-Emerick Aubameyang,20,FALSE,FALSE
2025-10-10,Gambia,Gabon,Gambia,Yankuba Minteh,23,FALSE,FALSE
2025-10-10,Gambia,Gabon,Gabon,Pierre-Emerick Aubameyang,42,FALSE,FALSE
2025-10-10,Gambia,Gabon,Gambia,Adama Sidibeh,45,FALSE,FALSE
2025-10-10,Gambia,Gabon,Gambia,Adama Sidibeh,47,FALSE,FALSE
2025-10-10,Gambia,Gabon,Gabon,Pierre-Emerick Aubameyang,62,FALSE,FALSE
2025-10-10,Gambia,Gabon,Gabon,Pierre-Emerick Aubameyang,76,FALSE,FALSE
2025-10-10,Germany,Luxembourg,Germany,David Raum,12,FALSE,FALSE
2025-10-10,Germany,Luxembourg,Germany,Joshua Kimmich,21,FALSE,TRUE
2025-10-10,Germany,Luxembourg,Germany,Serge Gnabry,48,FALSE,FALSE
2025-10-10,Germany,Luxembourg,Germany,Joshua Kimmich,50,FALSE,FALSE
2025-10-10,Iceland,Ukraine,Ukraine,Ruslan Malinovskyi,14,FALSE,FALSE
2025-10-10,Iceland,Ukraine,Iceland,Mikael Egill Ellertsson,34,FALSE,FALSE
2025-10-10,Iceland,Ukraine,Ukraine,Ruslan Malinovskyi,45,FALSE,FALSE
2025-10-10,Iceland,Ukraine,Ukraine,Oleksiy Hutsulyak,45,FALSE,FALSE
2025-10-10,Iceland,Ukraine,Iceland,Albert Guðmundsson,59,FALSE,FALSE
2025-10-10,Iceland,Ukraine,Iceland,Albert Guðmundsson,75,FALSE,FALSE
2025-10-10,Iceland,Ukraine,Ukraine,Ivan Kalyuzhnyi,85,FALSE,FALSE
2025-10-10,Iceland,Ukraine,Ukraine,Oleh Ocheretko,88,FALSE,FALSE
2025-10-10,Kazakhstan,Liechtenstein,Kazakhstan,Galymzhan Kenzhebek,26,FALSE,FALSE
2025-10-10,Kazakhstan,Liechtenstein,Kazakhstan,Baktiyor Zainutdinov,28,FALSE,FALSE
2025-10-10,Kazakhstan,Liechtenstein,Kazakhstan,Galymzhan Kenzhebek,59,FALSE,FALSE
2025-10-10,Kazakhstan,Liechtenstein,Kazakhstan,Alibek Kasym,81,FALSE,FALSE
2025-10-10,Lesotho,Nigeria,Nigeria,William Troost-Ekong,55,FALSE,TRUE
2025-10-10,Lesotho,Nigeria,Nigeria,Akor Adams,80,FALSE,FALSE
2025-10-10,Lesotho,Nigeria,Lesotho,Hlompho Kalake,83,FALSE,FALSE
2025-10-10,Northern Ireland,Slovakia,Northern Ireland,Patrik Hrošovský,18,TRUE,FALSE
2025-10-10,Northern Ireland,Slovakia,Northern Ireland,Trai Hume,81,FALSE,FALSE
2025-10-10,Rwanda,Benin,Benin,Tosin Aiyegun,80,FALSE,FALSE
2025-10-10,Seychelles,Ivory Coast,Ivory Coast,Ibrahim Sangaré,7,FALSE,TRUE
2025-10-10,Seychelles,Ivory Coast,Ivory Coast,Emmanuel Agbadou,17,FALSE,FALSE
2025-10-10,Seychelles,Ivory Coast,Ivory Coast,Oumar Diakité,32,FALSE,FALSE
2025-10-10,Seychelles,Ivory Coast,Ivory Coast,Evann Guessand,39,FALSE,FALSE
2025-10-10,Seychelles,Ivory Coast,Ivory Coast,Yan Diomande,55,FALSE,FALSE
2025-10-10,Seychelles,Ivory Coast,Ivory Coast,Simon Adingra,67,FALSE,FALSE
2025-10-10,Seychelles,Ivory Coast,Ivory Coast,Franck Kessié,90,FALSE,FALSE
2025-10-10,South Sudan,Senegal,Senegal,Ismaïla Sarr,29,FALSE,FALSE
2025-10-10,South Sudan,Senegal,Senegal,Sadio Mané,46,FALSE,FALSE
2025-10-10,South Sudan,Senegal,Senegal,Ismaïla Sarr,54,FALSE,FALSE
2025-10-10,South Sudan,Senegal,Senegal,Nicolas Jackson,60,FALSE,TRUE
2025-10-10,South Sudan,Senegal,Senegal,Cherif Ndiaye,75,FALSE,FALSE
2025-10-10,Suriname,Guatemala,Guatemala,Darwin Lom,75,FALSE,FALSE
2025-10-10,Suriname,Guatemala,Suriname,Virgil Misidjan,90,FALSE,FALSE
2025-10-10,Sweden,Switzerland,Switzerland,Granit Xhaka,65,FALSE,TRUE
2025-10-10,Sweden,Switzerland,Switzerland,Johan Manzambi,90,FALSE,FALSE
2025-10-10,Togo,DR Congo,DR Congo,Cedric Bakambu,7,FALSE,FALSE
2025-10-10,Tunisia,São Tomé and Príncipe,Tunisia,Firas Chaouat,36,FALSE,FALSE
2025-10-10,Tunisia,São Tomé and Príncipe,Tunisia,Elias Saad,39,FALSE,FALSE
2025-10-10,Tunisia,São Tomé and Príncipe,Tunisia,Elias Saad,43,FALSE,FALSE
2025-10-10,Tunisia,São Tomé and Príncipe,Tunisia,Ismaël Gharbi,47,FALSE,FALSE
2025-10-10,Tunisia,São Tomé and Príncipe,Tunisia,Mohamed Ali Ben Romdhane,68,FALSE,TRUE
2025-10-10,Tunisia,São Tomé and Príncipe,Tunisia,Mohamed Ali Ben Romdhane,90,FALSE,FALSE
2025-10-11,Bulgaria,Turkey,Turkey,Arda Güler,11,FALSE,FALSE
2025-10-11,Bulgaria,Turkey,Bulgaria,Radoslav Kirilov,13,FALSE,FALSE
2025-10-11,Bulgaria,Turkey,Turkey,Viktor Popov,49,TRUE,FALSE
2025-10-11,Bulgaria,Turkey,Turkey,Kenan Yıldız,51,FALSE,FALSE
2025-10-11,Bulgaria,Turkey,Turkey,Kenan Yıldız,56,FALSE,FALSE
2025-10-11,Bulgaria,Turkey,Turkey,Zeki Çelik,65,FALSE,FALSE
2025-10-11,Bulgaria,Turkey,Turkey,İrfan Can Kahveci,90,FALSE,FALSE
2025-10-11,Estonia,Italy,Italy,Moise Kean,4,FALSE,FALSE
2025-10-11,Estonia,Italy,Italy,Mateo Retegui,38,FALSE,FALSE
2025-10-11,Estonia,Italy,Italy,Pio Esposito,74,FALSE,FALSE
2025-10-11,Estonia,Italy,Estonia,Rauno Sappinen,76,FALSE,FALSE
2025-10-11,Hungary,Armenia,Hungary,Dániel Lukács,56,FALSE,FALSE
2025-10-11,Hungary,Armenia,Hungary,Zsombor Gruber,90,FALSE,FALSE
2025-10-11,Iraq,Indonesia,Iraq,Zidane Iqbal,76,FALSE,FALSE
2025-10-11,Latvia,Andorra,Andorra,Moisés San Nicolás,33,FALSE,FALSE
2025-10-11,Latvia,Andorra,Latvia,Dmitrijs Zelenkovs,41,FALSE,FALSE
2025-10-11,Latvia,Andorra,Latvia,Vladislavs Gutkovskis,55,FALSE,TRUE
2025-10-11,Latvia,Andorra,Andorra,Ian Olivera,78,FALSE,FALSE
2025-10-11,Norway,Israel,Norway,Anan Khalaili,17,TRUE,FALSE
2025-10-11,Norway,Israel,Norway,Erling Haaland,27,FALSE,FALSE
2025-10-11,Norway,Israel,Norway,Idan Nachmias,28,TRUE,FALSE
2025-10-11,Norway,Israel,Norway,Erling Haaland,63,FALSE,FALSE
2025-10-11,Norway,Israel,Norway,Erling Haaland,72,FALSE,FALSE
2025-10-11,Portugal,Republic of Ireland,Portugal,Rúben Neves,90,FALSE,FALSE
2025-10-11,Serbia,Albania,Albania,Rey Manaj,45,FALSE,FALSE
2025-10-11,Spain,Georgia,Spain,Yéremy Pino,24,FALSE,FALSE
2025-10-11,Spain,Georgia,Spain,Mikel Oyarzabal,64,FALSE,FALSE
2025-10-11,United Arab Emirates,Oman,Oman,Kouame Autonne,12,TRUE,FALSE
2025-10-11,United Arab Emirates,Oman,United Arab Emirates,Marcus Meloni,76,FALSE,FALSE
2025-10-11,United Arab Emirates,Oman,United Arab Emirates,Caio Lucas,83,FALSE,FALSE
2025-10-12,Burkina Faso,Ethiopia,Burkina Faso,Pierre Landry Kaboré,65,FALSE,FALSE
2025-10-12,Burkina Faso,Ethiopia,Burkina Faso,Pierre Landry Kaboré,82,FALSE,FALSE
2025-10-12,Burkina Faso,Ethiopia,Ethiopia,Ayten Biniam,84,FALSE,FALSE
2025-10-12,Burkina Faso,Ethiopia,Burkina Faso,Pierre Landry Kaboré,90,FALSE,FALSE
2025-10-12,Chad,Central African Republic,Central African Republic,Delphin Mokonou,3,FALSE,FALSE
2025-10-12,Chad,Central African Republic,Central African Republic,Vénuste Baboula,31,FALSE,FALSE
2025-10-12,Chad,Central African Republic,Chad,Célestin Ecua,53,FALSE,FALSE
2025-10-12,Chad,Central African Republic,Chad,Marius Mouandilmadji,87,FALSE,FALSE
2025-10-12,Chad,Central African Republic,Central African Republic,Karl Namnganda,90,FALSE,FALSE
2025-10-12,Croatia,Gibraltar,Croatia,Toni Fruk,30,FALSE,FALSE
2025-10-12,Croatia,Gibraltar,Croatia,Luka Sučić,78,FALSE,FALSE
2025-10-12,Croatia,Gibraltar,Croatia,Martin Erlić,90,FALSE,FALSE
2025-10-12,Denmark,Greece,Denmark,Rasmus Højlund,21,FALSE,FALSE
2025-10-12,Denmark,Greece,Denmark,Joachim Andersen,40,FALSE,FALSE
2025-10-12,Denmark,Greece,Denmark,Mikkel Damsgaard,41,FALSE,FALSE
2025-10-12,Denmark,Greece,Greece,Christos Tzolis,63,FALSE,FALSE
2025-10-12,Djibouti,Sierra Leone,Djibouti,Abdichakour Farah,29,FALSE,FALSE
2025-10-12,Djibouti,Sierra Leone,Sierra Leone,Juma Bah,45,FALSE,FALSE
2025-10-12,Djibouti,Sierra Leone,Sierra Leone,Sallieu Tarawallie,72,FALSE,FALSE
2025-10-12,Egypt,Guinea-Bissau,Egypt,Mohamed Hamdy,10,FALSE,FALSE
2025-10-12,Faroe Islands,Czech Republic,Faroe Islands,Hanus Sørensen,67,FALSE,FALSE
2025-10-12,Faroe Islands,Czech Republic,Czech Republic,Adam Karabec,78,FALSE,FALSE
2025-10-12,Faroe Islands,Czech Republic,Faroe Islands,Martin Agnarsson,81,FALSE,FALSE
2025-10-12,Ghana,Comoros,Ghana,Mohammed Kudus,47,FALSE,FALSE
2025-10-12,Lithuania,Poland,Poland,Sebastian Szymański,15,FALSE,FALSE
2025-10-12,Lithuania,Poland,Poland,Robert Lewandowski,64,FALSE,FALSE
2025-10-12,Mali,Madagascar,Mali,Lassine Sinayoko,10,FALSE,FALSE
2025-10-12,Mali,Madagascar,Mali,Dorgeles Nene,39,FALSE,FALSE
2025-10-12,Mali,Madagascar,Mali,Lassine Sinayoko,64,FALSE,FALSE
2025-10-12,Mali,Madagascar,Mali,Gaoussou Diarra,90,FALSE,FALSE
2025-10-12,Mali,Madagascar,Madagascar,Johan N'Zi,90,FALSE,FALSE
2025-10-12,Netherlands,Finland,Netherlands,Donyell Malen,8,FALSE,FALSE
2025-10-12,Netherlands,Finland,Netherlands,Virgil van Dijk,17,FALSE,FALSE
2025-10-12,Netherlands,Finland,Netherlands,Memphis Depay,38,FALSE,TRUE
2025-10-12,Netherlands,Finland,Netherlands,Cody Gakpo,84,FALSE,FALSE
2025-10-12,Romania,Austria,Romania,Virgil Ghiță,90,FALSE,FALSE
2025-10-12,San Marino,Cyprus,Cyprus,Loizos Loizou,9,FALSE,FALSE
2025-10-12,San Marino,Cyprus,Cyprus,Stelios Andreou,59,FALSE,FALSE
2025-10-12,San Marino,Cyprus,Cyprus,Grigoris Kastanos,67,FALSE,TRUE
2025-10-12,San Marino,Cyprus,Cyprus,Andronikos Kakoullis,79,FALSE,FALSE
2025-10-12,Scotland,Belarus,Scotland,Che Adams,15,FALSE,FALSE
2025-10-12,Scotland,Belarus,Scotland,Scott McTominay,84,FALSE,FALSE
2025-10-12,Scotland,Belarus,Belarus,Gleb Kuchko,90,FALSE,FALSE
2025-10-12,Zambia,Niger,Niger,Daniel Sosah,56,FALSE,FALSE
2025-10-13,Cape Verde,Eswatini,Cape Verde,Dailon Livramento,48,FALSE,FALSE
2025-10-13,Cape Verde,Eswatini,Cape Verde,Willy Semedo,54,FALSE,FALSE
2025-10-13,Cape Verde,Eswatini,Cape Verde,Stopira,90,FALSE,FALSE
2025-10-13,Costa Rica,Nicaragua,Costa Rica,Alonso Martínez,12,FALSE,FALSE
2025-10-13,Costa Rica,Nicaragua,Nicaragua,Junior Arteaga,26,FALSE,FALSE
2025-10-13,Costa Rica,Nicaragua,Costa Rica,Alonso Martínez,28,FALSE,FALSE
2025-10-13,Costa Rica,Nicaragua,Costa Rica,Manfred Ugalde,49,FALSE,FALSE
2025-10-13,Costa Rica,Nicaragua,Costa Rica,Francisco Calvo,90,FALSE,FALSE
2025-10-13,Equatorial Guinea,Liberia,Equatorial Guinea,Federico Bikoro,14,FALSE,FALSE
2025-10-13,Equatorial Guinea,Liberia,Liberia,Nicholas Andrews,27,FALSE,FALSE
2025-10-13,Honduras,Haiti,Honduras,Rigoberto Rivas,18,FALSE,FALSE
2025-10-13,Honduras,Haiti,Honduras,Anthony Lozano,26,FALSE,FALSE
2025-10-13,Honduras,Haiti,Honduras,Romell Quioto,40,FALSE,FALSE
2025-10-13,Iceland,France,Iceland,Victor Pálsson,39,FALSE,FALSE
2025-10-13,Iceland,France,France,Christopher Nkunku,63,FALSE,FALSE
2025-10-13,Iceland,France,France,Jean-Philippe Mateta,68,FALSE,FALSE
2025-10-13,Iceland,France,Iceland,Kristian Hlynsson,70,FALSE,FALSE
2025-10-13,Lesotho,Zimbabwe,Lesotho,Hlompho Kalake,90,FALSE,FALSE
2025-10-13,North Macedonia,Kazakhstan,Kazakhstan,Dinmukhamed Karaman,54,FALSE,FALSE
2025-10-13,North Macedonia,Kazakhstan,North Macedonia,Enis Bardhi,74,FALSE,FALSE
2025-10-13,Northern Ireland,Germany,Germany,Nick Woltemade,31,FALSE,FALSE
2025-10-13,Slovakia,Luxembourg,Slovakia,Adam Obert,55,FALSE,FALSE
2025-10-13,Slovakia,Luxembourg,Slovakia,Ivan Schranz,72,FALSE,FALSE
2025-10-13,Sweden,Kosovo,Kosovo,Fisnik Asllani,32,FALSE,FALSE
2025-10-13,São Tomé and Príncipe,Malawi,São Tomé and Príncipe,Ronaldo Afonso,62,FALSE,TRUE
2025-10-13,Tunisia,Namibia,Tunisia,Ali Abdi,28,FALSE,TRUE
2025-10-13,Tunisia,Namibia,Tunisia,Hannibal Mejbri,55,FALSE,FALSE
2025-10-13,Tunisia,Namibia,Tunisia,Ferjani Sassi,64,FALSE,FALSE
2025-10-13,Ukraine,Azerbaijan,Ukraine,Oleksiy Hutsulyak,30,FALSE,FALSE
2025-10-13,Ukraine,Azerbaijan,Azerbaijan,Vitaliy Mykolenko,45,TRUE,FALSE
2025-10-13,Ukraine,Azerbaijan,Ukraine,Ruslan Malinovskyi,64,FALSE,FALSE
2025-10-13,Wales,Belgium,Wales,Joe Rodon,8,FALSE,FALSE
2025-10-13,Wales,Belgium,Belgium,Kevin De Bruyne,18,FALSE,TRUE
2025-10-13,Wales,Belgium,Belgium,Thomas Meunier,24,FALSE,FALSE
2025-10-13,Wales,Belgium,Belgium,Kevin De Bruyne,76,FALSE,TRUE
2025-10-13,Wales,Belgium,Wales,Nathan Broadhead,89,FALSE,FALSE
2025-10-13,Wales,Belgium,Belgium,Leandro Trossard,90,FALSE,FALSE
2025-10-14,Algeria,Uganda,Uganda,Steven Mukwala,6,FALSE,FALSE
2025-10-14,Algeria,Uganda,Algeria,Mohamed Amoura,81,FALSE,TRUE
2025-10-14,Algeria,Uganda,Algeria,Mohamed Amoura,90,FALSE,TRUE
2025-10-14,Andorra,Serbia,Andorra,Guillaume López,17,FALSE,FALSE
2025-10-14,Andorra,Serbia,Serbia,Christian García,19,TRUE,FALSE
2025-10-14,Andorra,Serbia,Serbia,Dušan Vlahović,54,FALSE,FALSE
2025-10-14,Andorra,Serbia,Serbia,Aleksandar Mitrović,77,FALSE,TRUE
2025-10-14,Curaçao,Trinidad and Tobago,Curaçao,Kenji Gorré,19,FALSE,FALSE
2025-10-14,Curaçao,Trinidad and Tobago,Trinidad and Tobago,Tyrese Spicer,58,FALSE,FALSE
2025-10-14,DR Congo,Sudan,DR Congo,Theo Bongonda,29,FALSE,FALSE
2025-10-14,El Salvador,Guatemala,Guatemala,Óscar Santis,46,FALSE,FALSE
2025-10-14,Estonia,Moldova,Estonia,Mattias Käit,12,FALSE,FALSE
2025-10-14,Estonia,Moldova,Moldova,Ștefan Bodișteanu,64,FALSE,FALSE
2025-10-14,Gabon,Burundi,Gabon,Bryan Meyo,86,FALSE,FALSE
2025-10-14,Gabon,Burundi,Gabon,Mario Lemina,90,FALSE,FALSE
2025-10-14,Guinea,Botswana,Botswana,Segolame Boy,7,FALSE,FALSE
2025-10-14,Guinea,Botswana,Guinea,Abdoul Karim Traoré,18,FALSE,FALSE
2025-10-14,Guinea,Botswana,Guinea,Aliou Baldé,35,FALSE,FALSE
2025-10-14,Guinea,Botswana,Botswana,Gape Mohutsiwa,45,FALSE,FALSE
2025-10-14,Italy,Israel,Italy,Mateo Retegui,45,FALSE,TRUE
2025-10-14,Italy,Israel,Italy,Mateo Retegui,74,FALSE,FALSE
2025-10-14,Italy,Israel,Italy,Gianluca Mancini,90,FALSE,FALSE
2025-10-14,Ivory Coast,Kenya,Ivory Coast,Franck Kessié,7,FALSE,FALSE
2025-10-14,Ivory Coast,Kenya,Ivory Coast,Yan Diomande,54,FALSE,FALSE
2025-10-14,Ivory Coast,Kenya,Ivory Coast,Amad Diallo,84,FALSE,FALSE
2025-10-14,Jamaica,Bermuda,Jamaica,Dante Leverock,24,TRUE,FALSE
2025-10-14,Jamaica,Bermuda,Jamaica,Bobby De Cordova-Reid,26,FALSE,FALSE
2025-10-14,Jamaica,Bermuda,Jamaica,Shamar Nicholson,35,FALSE,FALSE
2025-10-14,Jamaica,Bermuda,Jamaica,Dujuan Richards,76,FALSE,FALSE
2025-10-14,Latvia,England,England,Anthony Gordon,26,FALSE,FALSE
2025-10-14,Latvia,England,England,Harry Kane,44,FALSE,FALSE
2025-10-14,Latvia,England,England,Harry Kane,45,FALSE,TRUE
2025-10-14,Latvia,England,England,Maksims Toņiševs,58,TRUE,FALSE
2025-10-14,Latvia,England,England,Eberechi Eze,86,FALSE,FALSE
2025-10-14,Morocco,Congo,Morocco,Youssef En-Nesyri,63,FALSE,FALSE
2025-10-14,Nigeria,Benin,Nigeria,Victor Osimhen,3,FALSE,FALSE
2025-10-14,Nigeria,Benin,Nigeria,Victor Osimhen,37,FALSE,FALSE
2025-10-14,Nigeria,Benin,Nigeria,Victor Osimhen,51,FALSE,FALSE
2025-10-14,Nigeria,Benin,Nigeria,Frank Onyeka,90,FALSE,FALSE
2025-10-14,Panama,Suriname,Suriname,Richonell Margaret,21,FALSE,FALSE
2025-10-14,Panama,Suriname,Panama,Ismael Díaz,90,FALSE,FALSE
2025-10-14,Portugal,Hungary,Hungary,Attila Szalai,8,FALSE,FALSE
2025-10-14,Portugal,Hungary,Portugal,Cristiano Ronaldo,22,FALSE,FALSE
2025-10-14,Portugal,Hungary,Portugal,Cristiano Ronaldo,45,FALSE,FALSE
2025-10-14,Portugal,Hungary,Hungary,Dominik Szoboszlai,90,FALSE,FALSE
2025-10-14,Qatar,United Arab Emirates,Qatar,Boualem Khoukhi,49,FALSE,FALSE
2025-10-14,Qatar,United Arab Emirates,Qatar,Pedro Miguel,74,FALSE,FALSE
2025-10-14,Qatar,United Arab Emirates,United Arab Emirates,Sultan Adil,90,FALSE,FALSE
2025-10-14,Republic of Ireland,Armenia,Republic of Ireland,Evan Ferguson,70,FALSE,FALSE
2025-10-14,Senegal,Mauritania,Senegal,Sadio Mané,45,FALSE,FALSE
2025-10-14,Senegal,Mauritania,Senegal,Sadio Mané,48,FALSE,FALSE
2025-10-14,Senegal,Mauritania,Senegal,Iliman Ndiaye,64,FALSE,FALSE
2025-10-14,Senegal,Mauritania,Senegal,Habib Diallo,85,FALSE,FALSE
2025-10-14,Seychelles,Gambia,Gambia,Adama Sidibeh,2,FALSE,FALSE
2025-10-14,Seychelles,Gambia,Gambia,Abdoulie Manneh,24,FALSE,FALSE
2025-10-14,Seychelles,Gambia,Gambia,Adama Sidibeh,46,FALSE,FALSE
2025-10-14,Seychelles,Gambia,Gambia,Musa Barrow,47,FALSE,FALSE
2025-10-14,Seychelles,Gambia,Gambia,Musa Barrow,52,FALSE,FALSE
2025-10-14,Seychelles,Gambia,Gambia,Abdoulie Manneh,67,FALSE,FALSE
2025-10-14,Seychelles,Gambia,Gambia,Abdoulie Manneh,75,FALSE,FALSE
2025-10-14,Somalia,Mozambique,Mozambique,Geny Catamo,6,FALSE,FALSE
2025-10-14,South Africa,Rwanda,South Africa,Thalente Mbatha,5,FALSE,FALSE
2025-10-14,South Africa,Rwanda,South Africa,Oswin Appollis,26,FALSE,FALSE
2025-10-14,South Africa,Rwanda,South Africa,Evidence Makgopa,72,FALSE,FALSE
2025-10-14,Spain,Bulgaria,Spain,Mikel Merino,35,FALSE,FALSE
2025-10-14,Spain,Bulgaria,Spain,Mikel Merino,57,FALSE,FALSE
2025-10-14,Spain,Bulgaria,Spain,Atanas Chernev,79,TRUE,FALSE
2025-10-14,Spain,Bulgaria,Spain,Mikel Oyarzabal,90,FALSE,TRUE
2025-10-14,Turkey,Georgia,Turkey,Kenan Yıldız,14,FALSE,FALSE
2025-10-14,Turkey,Georgia,Turkey,Merih Demiral,22,FALSE,FALSE
2025-10-14,Turkey,Georgia,Turkey,Yunus Akgün,35,FALSE,FALSE
2025-10-14,Turkey,Georgia,Turkey,Merih Demiral,52,FALSE,FALSE
2025-10-14,Turkey,Georgia,Georgia,Giorgi Kochorashvili,64,FALSE,FALSE
2025-11-13,Andorra,Albania,Albania,Kristjan Asllani,67,FALSE,FALSE
2025-11-13,Armenia,Hungary,Hungary,Barnabás Varga,33,FALSE,FALSE
2025-11-13,Azerbaijan,Iceland,Iceland,Albert Guðmundsson,20,FALSE,FALSE
2025-11-13,Azerbaijan,Iceland,Iceland,Sverrir Ingi Ingason,39,FALSE,FALSE
2025-11-13,Bermuda,Curaçao,Curaçao,Leandro Bacuna,6,FALSE,TRUE
2025-11-13,Bermuda,Curaçao,Curaçao,Juninho Bacuna,32,FALSE,FALSE
2025-11-13,Bermuda,Curaçao,Curaçao,Jordi Paulina,48,FALSE,TRUE
2025-11-13,Bermuda,Curaçao,Curaçao,Sontje Hansen,59,FALSE,FALSE
2025-11-13,Bermuda,Curaçao,Curaçao,Jordi Paulina,63,FALSE,FALSE
2025-11-13,Bermuda,Curaçao,Curaçao,Ar'jany Martha,82,FALSE,FALSE
2025-11-13,Bermuda,Curaçao,Curaçao,Roshon van Eijma,90,FALSE,FALSE
2025-11-13,Cameroon,DR Congo,DR Congo,Chancel Mbemba,90,FALSE,FALSE
2025-11-13,England,Serbia,England,Bukayo Saka,28,FALSE,FALSE
2025-11-13,England,Serbia,England,Eberechi Eze,90,FALSE,FALSE
2025-11-13,France,Ukraine,France,Kylian Mbappé,55,FALSE,TRUE
2025-11-13,France,Ukraine,France,Michael Olise,76,FALSE,FALSE
2025-11-13,France,Ukraine,France,Kylian Mbappé,83,FALSE,FALSE
2025-11-13,France,Ukraine,France,Hugo Ekitike,88,FALSE,FALSE
2025-11-13,Guatemala,Panama,Panama,Cecilio Waterman,30,FALSE,FALSE
2025-11-13,Guatemala,Panama,Panama,Cecilio Waterman,44,FALSE,FALSE
2025-11-13,Guatemala,Panama,Guatemala,Arquímides Ordóñez,69,FALSE,FALSE
2025-11-13,Guatemala,Panama,Guatemala,Rudy Muñoz,72,FALSE,FALSE
2025-11-13,Guatemala,Panama,Panama,José Fajardo,78,FALSE,FALSE
2025-11-13,Haiti,Costa Rica,Haiti,Frantzdy Pierrot,44,FALSE,FALSE
2025-11-13,Moldova,Italy,Italy,Gianluca Mancini,88,FALSE,FALSE
2025-11-13,Moldova,Italy,Italy,Pio Esposito,90,FALSE,FALSE
2025-11-13,Nicaragua,Honduras,Nicaragua,Bancy Hernández,12,FALSE,FALSE
2025-11-13,Nicaragua,Honduras,Nicaragua,Jaime Moreno,82,FALSE,FALSE
2025-11-13,Nigeria,Gabon,Nigeria,Akor Adams,78,FALSE,FALSE
2025-11-13,Nigeria,Gabon,Gabon,Mario Lemina,89,FALSE,FALSE
2025-11-13,Nigeria,Gabon,Nigeria,Chidera Ejuke,97,FALSE,FALSE
2025-11-13,Nigeria,Gabon,Nigeria,Victor Osimhen,102,FALSE,FALSE
2025-11-13,Nigeria,Gabon,Nigeria,Victor Osimhen,110,FALSE,FALSE
2025-11-13,Norway,Estonia,Norway,Alexander Sørloth,50,FALSE,FALSE
2025-11-13,Norway,Estonia,Norway,Alexander Sørloth,52,FALSE,FALSE
2025-11-13,Norway,Estonia,Norway,Erling Haaland,56,FALSE,FALSE
2025-11-13,Norway,Estonia,Norway,Erling Haaland,62,FALSE,FALSE
2025-11-13,Norway,Estonia,Estonia,Robi Saarma,64,FALSE,FALSE
2025-11-13,Republic of Ireland,Portugal,Republic of Ireland,Troy Parrott,17,FALSE,FALSE
2025-11-13,Republic of Ireland,Portugal,Republic of Ireland,Troy Parrott,45,FALSE,FALSE
2025-11-13,Suriname,El Salvador,Suriname,Tjaronn Chery,44,FALSE,TRUE
2025-11-13,Suriname,El Salvador,Suriname,Richonell Margaret,74,FALSE,FALSE
2025-11-13,Suriname,El Salvador,Suriname,Richonell Margaret,76,FALSE,FALSE
2025-11-13,Suriname,El Salvador,Suriname,Dhoraso Klas,83,FALSE,FALSE
2025-11-13,Trinidad and Tobago,Jamaica,Jamaica,Renaldo Cephas,53,FALSE,FALSE
2025-11-13,Trinidad and Tobago,Jamaica,Trinidad and Tobago,Kevin Molino,85,FALSE,FALSE
2025-11-13,United Arab Emirates,Iraq,Iraq,Ali Al-Hamadi,10,FALSE,FALSE
2025-11-13,United Arab Emirates,Iraq,United Arab Emirates,Luanzinho,18,FALSE,FALSE
2025-11-14,Croatia,Faroe Islands,Faroe Islands,Géza Dávid Turi,16,FALSE,FALSE
2025-11-14,Croatia,Faroe Islands,Croatia,Joško Gvardiol,23,FALSE,FALSE
2025-11-14,Croatia,Faroe Islands,Croatia,Petar Musa,57,FALSE,FALSE
2025-11-14,Croatia,Faroe Islands,Croatia,Nikola Vlašić,70,FALSE,FALSE
2025-11-14,Finland,Malta,Malta,Jake Grech,82,FALSE,FALSE
2025-11-14,Gibraltar,Montenegro,Gibraltar,Liam Jessop,20,FALSE,FALSE
2025-11-14,Gibraltar,Montenegro,Montenegro,Vasilije Adžić,33,FALSE,FALSE
2025-11-14,Gibraltar,Montenegro,Montenegro,Nikola Krstović,42,FALSE,TRUE
2025-11-14,Luxembourg,Germany,Germany,Nick Woltemade,49,FALSE,FALSE
2025-11-14,Luxembourg,Germany,Germany,Nick Woltemade,69,FALSE,FALSE
2025-11-14,Poland,Netherlands,Poland,Jakub Kamiński,43,FALSE,FALSE
2025-11-14,Poland,Netherlands,Netherlands,Memphis Depay,47,FALSE,FALSE
2025-11-14,Slovakia,Northern Ireland,Slovakia,Tomáš Bobček,90,FALSE,FALSE
2025-11-15,Bosnia and Herzegovina,Romania,Romania,Daniel Bîrligea,17,FALSE,FALSE
2025-11-15,Bosnia and Herzegovina,Romania,Bosnia and Herzegovina,Edin Džeko,49,FALSE,FALSE
2025-11-15,Bosnia and Herzegovina,Romania,Bosnia and Herzegovina,Esmir Bajraktarević,79,FALSE,FALSE
2025-11-15,Bosnia and Herzegovina,Romania,Bosnia and Herzegovina,Haris Tabaković,90,FALSE,FALSE
2025-11-15,Cyprus,Austria,Austria,Marko Arnautović,18,FALSE,TRUE
2025-11-15,Cyprus,Austria,Austria,Marko Arnautović,55,FALSE,FALSE
2025-11-15,Denmark,Belarus,Denmark,Mikkel Damsgaard,11,FALSE,FALSE
2025-11-15,Denmark,Belarus,Belarus,Valeri Gromyko,62,FALSE,FALSE
2025-11-15,Denmark,Belarus,Belarus,Nikita Demchenko,65,FALSE,FALSE
2025-11-15,Denmark,Belarus,Denmark,Gustav Isaksen,79,FALSE,FALSE
2025-11-15,Georgia,Spain,Spain,Mikel Oyarzabal,11,FALSE,TRUE
2025-11-15,Georgia,Spain,Spain,Martin Zubimendi,22,FALSE,FALSE
2025-11-15,Georgia,Spain,Spain,Ferran Torres,35,FALSE,FALSE
2025-11-15,Georgia,Spain,Spain,Mikel Oyarzabal,63,FALSE,FALSE
2025-11-15,Greece,Scotland,Greece,Anastasios Bakasetas,7,FALSE,FALSE
2025-11-15,Greece,Scotland,Greece,Konstantinos Karetsas,57,FALSE,FALSE
2025-11-15,Greece,Scotland,Greece,Christos Tzolis,63,FALSE,FALSE
2025-11-15,Greece,Scotland,Scotland,Ben Gannon-Doak,65,FALSE,FALSE
2025-11-15,Greece,Scotland,Scotland,Ryan Christie,70,FALSE,FALSE
2025-11-15,Kazakhstan,Belgium,Kazakhstan,Dastan Satpayev,9,FALSE,FALSE
2025-11-15,Kazakhstan,Belgium,Belgium,Hans Vanaken,48,FALSE,FALSE
2025-11-15,Liechtenstein,Wales,Wales,Jordan James,61,FALSE,FALSE
2025-11-15,Slovenia,Kosovo,Kosovo,Fisnik Asllani,6,FALSE,FALSE
2025-11-15,Slovenia,Kosovo,Kosovo,Žan Karničnik,64,TRUE,FALSE
2025-11-15,Switzerland,Sweden,Switzerland,Breel Embolo,13,FALSE,FALSE
2025-11-15,Switzerland,Sweden,Sweden,Benjamin Nygren,33,FALSE,FALSE
2025-11-15,Switzerland,Sweden,Switzerland,Granit Xhaka,60,FALSE,TRUE
2025-11-15,Switzerland,Sweden,Switzerland,Dan Ndoye,75,FALSE,FALSE
2025-11-15,Switzerland,Sweden,Switzerland,Johan Manzambi,90,FALSE,FALSE
2025-11-15,Turkey,Bulgaria,Turkey,Hakan Çalhanoğlu,18,FALSE,TRUE
2025-11-15,Turkey,Bulgaria,Turkey,Atanas Chernev,83,TRUE,FALSE
2025-11-16,Albania,England,England,Harry Kane,74,FALSE,FALSE
2025-11-16,Albania,England,England,Harry Kane,82,FALSE,FALSE
2025-11-16,Azerbaijan,France,Azerbaijan,Renat Dadaşov,4,FALSE,FALSE
2025-11-16,Azerbaijan,France,France,Jean-Philippe Mateta,17,FALSE,FALSE
2025-11-16,Azerbaijan,France,France,Maghnes Akliouche,30,FALSE,FALSE
2025-11-16,Azerbaijan,France,France,Shakhruddin Magomedaliyev,45,TRUE,FALSE
2025-11-16,Hungary,Republic of Ireland,Hungary,Dániel Lukács,3,FALSE,FALSE
2025-11-16,Hungary,Republic of Ireland,Republic of Ireland,Troy Parrott,15,FALSE,TRUE
2025-11-16,Hungary,Republic of Ireland,Hungary,Barnabás Varga,37,FALSE,FALSE
2025-11-16,Hungary,Republic of Ireland,Republic of Ireland,Troy Parrott,80,FALSE,FALSE
2025-11-16,Hungary,Republic of Ireland,Republic of Ireland,Troy Parrott,90,FALSE,FALSE
2025-11-16,Italy,Norway,Italy,Pio Esposito,11,FALSE,FALSE
2025-11-16,Italy,Norway,Norway,Antonio Nusa,63,FALSE,FALSE
2025-11-16,Italy,Norway,Norway,Erling Haaland,77,FALSE,FALSE
2025-11-16,Italy,Norway,Norway,Erling Haaland,79,FALSE,FALSE
2025-11-16,Italy,Norway,Norway,Jørgen Strand Larsen,90,FALSE,FALSE
2025-11-16,Moldova,Israel,Israel,Dor Turgeman,21,FALSE,TRUE
2025-11-16,Moldova,Israel,Moldova,Ion Nicolaescu,37,FALSE,FALSE
2025-11-16,Moldova,Israel,Israel,Roy Revivo,65,FALSE,FALSE
2025-11-16,Moldova,Israel,Israel,Eliel Peretz,85,FALSE,FALSE
2025-11-16,Moldova,Israel,Israel,Vladislav Baboglo,88,TRUE,FALSE
2025-11-16,Nigeria,DR Congo,Nigeria,Frank Onyeka,3,FALSE,FALSE
2025-11-16,Nigeria,DR Congo,DR Congo,Meschak Elia,32,FALSE,FALSE
2025-11-16,Portugal,Armenia,Portugal,Renato Veiga,7,FALSE,FALSE
2025-11-16,Portugal,Armenia,Armenia,Eduard Spertsyan,18,FALSE,FALSE
2025-11-16,Portugal,Armenia,Portugal,Gonçalo Ramos,28,FALSE,FALSE
2025-11-16,Portugal,Armenia,Portugal,João Neves,30,FALSE,FALSE
2025-11-16,Portugal,Armenia,Portugal,João Neves,41,FALSE,FALSE
2025-11-16,Portugal,Armenia,Portugal,Bruno Fernandes,45,FALSE,TRUE
2025-11-16,Portugal,Armenia,Portugal,Bruno Fernandes,52,FALSE,FALSE
2025-11-16,Portugal,Armenia,Portugal,Bruno Fernandes,72,FALSE,TRUE
2025-11-16,Portugal,Armenia,Portugal,João Neves,81,FALSE,FALSE
2025-11-16,Portugal,Armenia,Portugal,Francisco Conceição,90,FALSE,FALSE
2025-11-16,Serbia,Latvia,Latvia,Vladislavs Gutkovskis,12,FALSE,FALSE
2025-11-16,Serbia,Latvia,Serbia,Aleksandar Katai,49,FALSE,FALSE
2025-11-16,Serbia,Latvia,Serbia,Aleksandar Stanković,60,FALSE,FALSE
2025-11-16,Ukraine,Iceland,Ukraine,Oleksandr Zubkov,83,FALSE,FALSE
2025-11-16,Ukraine,Iceland,Ukraine,Oleksiy Hutsulyak,90,FALSE,FALSE
2025-11-17,Czech Republic,Gibraltar,Czech Republic,David Douděra,5,FALSE,FALSE
2025-11-17,Czech Republic,Gibraltar,Czech Republic,Tomáš Chorý,18,FALSE,FALSE
2025-11-17,Czech Republic,Gibraltar,Czech Republic,Vladimír Coufal,32,FALSE,FALSE
2025-11-17,Czech Republic,Gibraltar,Czech Republic,Adam Karabec,39,FALSE,FALSE
2025-11-17,Czech Republic,Gibraltar,Czech Republic,Tomáš Souček,44,FALSE,FALSE
2025-11-17,Czech Republic,Gibraltar,Czech Republic,Robin Hranáč,51,FALSE,FALSE
2025-11-17,Germany,Slovakia,Germany,Nick Woltemade,18,FALSE,FALSE
2025-11-17,Germany,Slovakia,Germany,Serge Gnabry,29,FALSE,FALSE
2025-11-17,Germany,Slovakia,Germany,Leroy Sané,36,FALSE,FALSE
2025-11-17,Germany,Slovakia,Germany,Leroy Sané,41,FALSE,FALSE
2025-11-17,Germany,Slovakia,Germany,Ridle Baku,67,FALSE,FALSE
2025-11-17,Germany,Slovakia,Germany,Assan Ouédraogo,79,FALSE,FALSE
2025-11-17,Malta,Poland,Poland,Robert Lewandowski,32,FALSE,FALSE
2025-11-17,Malta,Poland,Malta,Irvin Cardona,36,FALSE,FALSE
2025-11-17,Malta,Poland,Poland,Paweł Wszołek,59,FALSE,FALSE
2025-11-17,Malta,Poland,Malta,Teddy Teuma,68,FALSE,TRUE
2025-11-17,Malta,Poland,Poland,Piotr Zieliński,85,FALSE,FALSE
2025-11-17,Montenegro,Croatia,Montenegro,Milutin Osmajić,3,FALSE,FALSE
2025-11-17,Montenegro,Croatia,Montenegro,Nikola Krstović,17,FALSE,FALSE
2025-11-17,Montenegro,Croatia,Croatia,Ivan Perišić,37,FALSE,TRUE
2025-11-17,Montenegro,Croatia,Croatia,Kristijan Jakić,72,FALSE,FALSE
2025-11-17,Montenegro,Croatia,Croatia,Nikola Vlašić,87,FALSE,FALSE
2025-11-17,Netherlands,Lithuania,Netherlands,Tijjani Reijnders,16,FALSE,FALSE
2025-11-17,Netherlands,Lithuania,Netherlands,Cody Gakpo,58,FALSE,TRUE
2025-11-17,Netherlands,Lithuania,Netherlands,Xavi Simons,60,FALSE,FALSE
2025-11-17,Netherlands,Lithuania,Netherlands,Donyell Malen,62,FALSE,FALSE
2025-11-17,Northern Ireland,Luxembourg,Northern Ireland,Jamie Donley,44,FALSE,TRUE
2025-11-18,Austria,Bosnia and Herzegovina,Bosnia and Herzegovina,Haris Tabaković,12,FALSE,FALSE
2025-11-18,Austria,Bosnia and Herzegovina,Austria,Michael Gregoritsch,77,FALSE,FALSE
2025-11-18,Belgium,Liechtenstein,Belgium,Hans Vanaken,3,FALSE,FALSE
2025-11-18,Belgium,Liechtenstein,Belgium,Jérémy Doku,34,FALSE,FALSE
2025-11-18,Belgium,Liechtenstein,Belgium,Jérémy Doku,41,FALSE,FALSE
2025-11-18,Belgium,Liechtenstein,Belgium,Brandon Mechele,52,FALSE,FALSE
2025-11-18,Belgium,Liechtenstein,Belgium,Alexis Saelemaekers,55,FALSE,FALSE
2025-11-18,Belgium,Liechtenstein,Belgium,Charles De Ketelaere,57,FALSE,FALSE
2025-11-18,Belgium,Liechtenstein,Belgium,Charles De Ketelaere,59,FALSE,FALSE
2025-11-18,Bulgaria,Georgia,Bulgaria,Georgi Rusev,10,FALSE,FALSE
2025-11-18,Bulgaria,Georgia,Bulgaria,Filip Krastev,24,FALSE,FALSE
2025-11-18,Bulgaria,Georgia,Georgia,Luka Lochoshvili,88,FALSE,FALSE
2025-11-18,Guatemala,Suriname,Guatemala,Darwin Lom,49,FALSE,FALSE
2025-11-18,Guatemala,Suriname,Guatemala,Olger Escobar,57,FALSE,FALSE
2025-11-18,Guatemala,Suriname,Guatemala,Óscar Santis,65,FALSE,FALSE
2025-11-18,Guatemala,Suriname,Suriname,Nicolás Samayoa,90,TRUE,FALSE
2025-11-18,Haiti,Nicaragua,Haiti,Don Deedson Louicius,9,FALSE,FALSE
2025-11-18,Haiti,Nicaragua,Haiti,Ruben Providence,45,FALSE,FALSE
2025-11-18,Iraq,United Arab Emirates,United Arab Emirates,Caio Lucas,52,FALSE,FALSE
2025-11-18,Iraq,United Arab Emirates,Iraq,Mohanad Ali,66,FALSE,FALSE
2025-11-18,Iraq,United Arab Emirates,Iraq,Amir Al-Ammari,90,FALSE,TRUE
2025-11-18,Kosovo,Switzerland,Switzerland,Rubén Vargas,47,FALSE,FALSE
2025-11-18,Kosovo,Switzerland,Kosovo,Florent Muslija,74,FALSE,FALSE
2025-11-18,Panama,El Salvador,Panama,César Blackman,17,FALSE,FALSE
2025-11-18,Panama,El Salvador,Panama,Eric Davis,45,FALSE,TRUE
2025-11-18,Panama,El Salvador,Panama,José Luis Rodríguez,85,FALSE,FALSE
2025-11-18,Romania,San Marino,San Marino,Nicolas Giacopetti,2,FALSE,FALSE
2025-11-18,Romania,San Marino,Romania,Dante Rossi,13,TRUE,FALSE
2025-11-18,Romania,San Marino,Romania,Ștefan Baiaram,29,FALSE,FALSE
2025-11-18,Romania,San Marino,Romania,Dennis Man,42,FALSE,FALSE
2025-11-18,Romania,San Marino,Romania,Giacomo Valentini,57,TRUE,FALSE
2025-11-18,Romania,San Marino,Romania,Ianis Hagi,76,FALSE,FALSE
2025-11-18,Romania,San Marino,Romania,Andrei Rațiu,82,FALSE,FALSE
2025-11-18,Romania,San Marino,Romania,Louis Munteanu,86,FALSE,TRUE
2025-11-18,Scotland,Denmark,Scotland,Scott McTominay,3,FALSE,FALSE
2025-11-18,Scotland,Denmark,Denmark,Rasmus Højlund,57,FALSE,TRUE
2025-11-18,Scotland,Denmark,Scotland,Lawrence Shankland,78,FALSE,FALSE
2025-11-18,Scotland,Denmark,Denmark,Patrick Dorgu,81,FALSE,FALSE
2025-11-18,Scotland,Denmark,Scotland,Kieran Tierney,90,FALSE,FALSE
2025-11-18,Scotland,Denmark,Scotland,Kenny McLean,90,FALSE,FALSE
2025-11-18,Spain,Turkey,Spain,Dani Olmo,4,FALSE,FALSE
2025-11-18,Spain,Turkey,Turkey,Deniz Gül,42,FALSE,FALSE
2025-11-18,Spain,Turkey,Turkey,Salih Özcan,54,FALSE,FALSE
2025-11-18,Spain,Turkey,Spain,Mikel Oyarzabal,62,FALSE,FALSE
2025-11-18,Sweden,Slovenia,Slovenia,Timi Max Elšnik,64,FALSE,FALSE
2025-11-18,Sweden,Slovenia,Sweden,Gustav Lundgren,87,FALSE,FALSE
2025-11-18,Trinidad and Tobago,Bermuda,Trinidad and Tobago,Kobi Henry,9,FALSE,FALSE
2025-11-18,Trinidad and Tobago,Bermuda,Bermuda,Ne-Jai Tucker,60,FALSE,FALSE
2025-11-18,Trinidad and Tobago,Bermuda,Bermuda,Djair Parfitt,65,FALSE,FALSE
2025-11-18,Trinidad and Tobago,Bermuda,Trinidad and Tobago,Nathaniel James,66,FALSE,FALSE
2025-11-18,Wales,North Macedonia,Wales,Harry Wilson,18,FALSE,TRUE
2025-11-18,Wales,North Macedonia,Wales,David Brooks,21,FALSE,FALSE
2025-11-18,Wales,North Macedonia,North Macedonia,Bojan Miovski,23,FALSE,FALSE
2025-11-18,Wales,North Macedonia,Wales,Brennan Johnson,37,FALSE,FALSE
2025-11-18,Wales,North Macedonia,Wales,Daniel James,57,FALSE,FALSE
2025-11-18,Wales,North Macedonia,Wales,Harry Wilson,75,FALSE,FALSE
2025-11-18,Wales,North Macedonia,Wales,Harry Wilson,81,FALSE,TRUE
2025-11-18,Wales,North Macedonia,Wales,Nathan Broadhead,88,FALSE,FALSE
2025-12-21,Morocco,Comoros,Morocco,Brahim Díaz,55,FALSE,FALSE
2025-12-21,Morocco,Comoros,Morocco,Ayoub El Kaabi,74,FALSE,FALSE
2025-12-22,Egypt,Zimbabwe,Zimbabwe,Prince Dube,20,FALSE,FALSE
2025-12-22,Egypt,Zimbabwe,Egypt,Omar Marmoush,64,FALSE,FALSE
2025-12-22,Egypt,Zimbabwe,Egypt,Mohamed Salah,90,FALSE,FALSE
2025-12-22,Mali,Zambia,Mali,Lassine Sinayoko,61,FALSE,FALSE
2025-12-22,Mali,Zambia,Zambia,Patson Daka,90,FALSE,FALSE
2025-12-22,South Africa,Angola,South Africa,Oswin Appollis,21,FALSE,FALSE
2025-12-22,South Africa,Angola,Angola,Show,35,FALSE,FALSE
2025-12-22,South Africa,Angola,South Africa,Lyle Foster,79,FALSE,FALSE
2025-12-23,DR Congo,Benin,DR Congo,Théo Bongonda,16,FALSE,FALSE
2025-12-23,Nigeria,Tanzania,Nigeria,Semi Ajayi,36,FALSE,FALSE
2025-12-23,Nigeria,Tanzania,Tanzania,Charles M'Mombwa,50,FALSE,FALSE
2025-12-23,Nigeria,Tanzania,Nigeria,Ademola Lookman,52,FALSE,FALSE
2025-12-23,Senegal,Botswana,Senegal,Nicolas Jackson,40,FALSE,FALSE
2025-12-23,Senegal,Botswana,Senegal,Nicolas Jackson,58,FALSE,FALSE
2025-12-23,Senegal,Botswana,Senegal,Cherif Ndiaye,90,FALSE,FALSE
2025-12-23,Tunisia,Uganda,Tunisia,Ellyes Skhiri,10,FALSE,FALSE
2025-12-23,Tunisia,Uganda,Tunisia,Elias Achouri,40,FALSE,FALSE
2025-12-23,Tunisia,Uganda,Tunisia,Elias Achouri,64,FALSE,FALSE
2025-12-23,Tunisia,Uganda,Uganda,Denis Omedi,90,FALSE,FALSE
2025-12-24,Algeria,Sudan,Algeria,Riyad Mahrez,2,FALSE,FALSE
2025-12-24,Algeria,Sudan,Algeria,Riyad Mahrez,61,FALSE,FALSE
2025-12-24,Algeria,Sudan,Algeria,Ibrahim Maza,85,FALSE,FALSE
2025-12-24,Burkina Faso,Equatorial Guinea,Equatorial Guinea,Marvin Anieboh,85,FALSE,FALSE
2025-12-24,Burkina Faso,Equatorial Guinea,Burkina Faso,Georgi Minoungou,90,FALSE,FALSE
2025-12-24,Burkina Faso,Equatorial Guinea,Burkina Faso,Edmond Tapsoba,90,FALSE,FALSE
2025-12-24,Cameroon,Gabon,Cameroon,Karl Etta Eyong,6,FALSE,FALSE
2025-12-24,Ivory Coast,Mozambique,Ivory Coast,Amad Diallo,49,FALSE,FALSE
2025-12-26,Angola,Zimbabwe,Angola,Gelson Dala,24,FALSE,FALSE
2025-12-26,Angola,Zimbabwe,Zimbabwe,Knowledge Musona,45,FALSE,FALSE
2025-12-26,Egypt,South Africa,Egypt,Mohamed Salah,45,FALSE,TRUE
2025-12-26,Morocco,Mali,Morocco,Brahim Díaz,45,FALSE,TRUE
2025-12-26,Morocco,Mali,Mali,Lassine Sinayoko,64,FALSE,TRUE
2025-12-27,Benin,Botswana,Benin,Yohan Roche,28,FALSE,FALSE
2025-12-27,Nigeria,Tunisia,Nigeria,Victor Osimhen,44,FALSE,FALSE
2025-12-27,Nigeria,Tunisia,Nigeria,Wilfred Ndidi,50,FALSE,FALSE
2025-12-27,Nigeria,Tunisia,Nigeria,Ademola Lookman,67,FALSE,FALSE
2025-12-27,Nigeria,Tunisia,Tunisia,Montassar Talbi,74,FALSE,FALSE
2025-12-27,Nigeria,Tunisia,Tunisia,Ali Abdi,87,FALSE,TRUE
2025-12-27,Senegal,DR Congo,DR Congo,Cédric Bakambu,61,FALSE,FALSE
2025-12-27,Senegal,DR Congo,Senegal,Sadio Mané,69,FALSE,FALSE
2025-12-27,Uganda,Tanzania,Tanzania,Simon Msuva,59,FALSE,TRUE
2025-12-27,Uganda,Tanzania,Uganda,Uche Ikpeazu,80,FALSE,FALSE
2025-12-28,Algeria,Burkina Faso,Algeria,Riyad Mahrez,23,FALSE,TRUE
2025-12-28,Equatorial Guinea,Sudan,Sudan,Saúl Coco,74,TRUE,FALSE
2025-12-28,Gabon,Mozambique,Mozambique,Faisal Bangal,37,FALSE,FALSE
2025-12-28,Gabon,Mozambique,Mozambique,Geny Catamo,42,FALSE,TRUE
2025-12-28,Gabon,Mozambique,Gabon,Pierre-Emerick Aubameyang,45,FALSE,FALSE
2025-12-28,Gabon,Mozambique,Mozambique,Diogo Calila,52,FALSE,FALSE
2025-12-28,Gabon,Mozambique,Gabon,Alex Moucketou-Moussounda,76,FALSE,FALSE
2025-12-28,Ivory Coast,Cameroon,Ivory Coast,Amad Diallo,51,FALSE,FALSE
2025-12-28,Ivory Coast,Cameroon,Cameroon,Ghislain Konan,56,TRUE,FALSE
2025-12-29,Morocco,Zambia,Morocco,Ayoub El Kaabi,9,FALSE,FALSE
2025-12-29,Morocco,Zambia,Morocco,Brahim Díaz,27,FALSE,FALSE
2025-12-29,Morocco,Zambia,Morocco,Ayoub El Kaabi,50,FALSE,FALSE
2025-12-29,Zimbabwe,South Africa,South Africa,Tshepang Moremi,7,FALSE,FALSE
2025-12-29,Zimbabwe,South Africa,Zimbabwe,Tawanda Maswanhise,19,FALSE,FALSE
2025-12-29,Zimbabwe,South Africa,South Africa,Lyle Foster,50,FALSE,FALSE
2025-12-29,Zimbabwe,South Africa,Zimbabwe,Aubrey Modiba,73,TRUE,FALSE
2025-12-29,Zimbabwe,South Africa,South Africa,Oswin Appollis,82,FALSE,TRUE
2025-12-30,Benin,Senegal,Senegal,Abdoulaye Seck,38,FALSE,FALSE
2025-12-30,Benin,Senegal,Senegal,Habib Diallo,62,FALSE,FALSE
2025-12-30,Benin,Senegal,Senegal,Cherif Ndiaye,90,FALSE,TRUE
2025-12-30,Botswana,DR Congo,DR Congo,Nathanaël Mbuku,31,FALSE,FALSE
2025-12-30,Botswana,DR Congo,DR Congo,Gaël Kakuta,41,FALSE,TRUE
2025-12-30,Botswana,DR Congo,DR Congo,Gaël Kakuta,60,FALSE,FALSE
2025-12-30,Tanzania,Tunisia,Tunisia,Ismaël Gharbi,43,FALSE,TRUE
2025-12-30,Tanzania,Tunisia,Tanzania,Feisal Salum,48,FALSE,FALSE
2025-12-30,Uganda,Nigeria,Nigeria,Paul Onuachu,28,FALSE,FALSE
2025-12-30,Uganda,Nigeria,Nigeria,Raphael Onyedika,62,FALSE,FALSE
2025-12-30,Uganda,Nigeria,Nigeria,Raphael Onyedika,67,FALSE,FALSE
2025-12-30,Uganda,Nigeria,Uganda,Rogers Mato,75,FALSE,FALSE
2025-12-31,Equatorial Guinea,Algeria,Algeria,Zineddine Belaïd,19,FALSE,FALSE
2025-12-31,Equatorial Guinea,Algeria,Algeria,Farès Chaïbi,25,FALSE,FALSE
2025-12-31,Equatorial Guinea,Algeria,Algeria,Ibrahim Maza,32,FALSE,FALSE
2025-12-31,Equatorial Guinea,Algeria,Equatorial Guinea,Emilio Nsue,50,FALSE,FALSE
2025-12-31,Gabon,Ivory Coast,Gabon,Guélor Kanga,11,FALSE,FALSE
2025-12-31,Gabon,Ivory Coast,Gabon,Denis Bouanga,21,FALSE,FALSE
2025-12-31,Gabon,Ivory Coast,Ivory Coast,Jean-Philippe Krasso,44,FALSE,FALSE
2025-12-31,Gabon,Ivory Coast,Ivory Coast,Evann Guessand,84,FALSE,FALSE
2025-12-31,Gabon,Ivory Coast,Ivory Coast,Bazoumana Touré,90,FALSE,FALSE
2025-12-31,Mozambique,Cameroon,Mozambique,Geny Catamo,23,FALSE,FALSE
2025-12-31,Mozambique,Cameroon,Cameroon,Nené,28,TRUE,FALSE
2025-12-31,Mozambique,Cameroon,Cameroon,Christian Kofane,55,FALSE,FALSE
2025-12-31,Sudan,Burkina Faso,Burkina Faso,Lassina Traoré,16,FALSE,FALSE
2025-12-31,Sudan,Burkina Faso,Burkina Faso,Arsène Kouassi,85,FALSE,FALSE
2026-01-03,Mali,Tunisia,Tunisia,Firas Chaouat,88,FALSE,FALSE
2026-01-03,Mali,Tunisia,Mali,Lassine Sinayoko,90,FALSE,TRUE
2026-01-03,Senegal,Sudan,Sudan,Aamir Abdallah,6,FALSE,FALSE
2026-01-03,Senegal,Sudan,Senegal,Pape Gueye,29,FALSE,FALSE
2026-01-03,Senegal,Sudan,Senegal,Pape Gueye,45,FALSE,FALSE
2026-01-03,Senegal,Sudan,Senegal,Ibrahim Mbaye,77,FALSE,FALSE
2026-01-04,Morocco,Tanzania,Morocco,Brahim Díaz,64,FALSE,FALSE
2026-01-04,South Africa,Cameroon,Cameroon,Junior Tchamadeu,34,FALSE,FALSE
2026-01-04,South Africa,Cameroon,Cameroon,Christian Kofane,47,FALSE,FALSE
2026-01-04,South Africa,Cameroon,South Africa,Evidence Makgopa,88,FALSE,FALSE
2026-01-05,Egypt,Benin,Egypt,Marwan Attia,69,FALSE,FALSE
2026-01-05,Egypt,Benin,Benin,Jodel Dossou,83,FALSE,FALSE
2026-01-05,Egypt,Benin,Egypt,Yasser Ibrahim,97,FALSE,FALSE
2026-01-05,Egypt,Benin,Egypt,Mohamed Salah,120,FALSE,FALSE
2026-01-05,Nigeria,Mozambique,Nigeria,Ademola Lookman,20,FALSE,FALSE
2026-01-05,Nigeria,Mozambique,Nigeria,Victor Osimhen,25,FALSE,FALSE
2026-01-05,Nigeria,Mozambique,Nigeria,Victor Osimhen,47,FALSE,FALSE
2026-01-05,Nigeria,Mozambique,Nigeria,Akor Adams,75,FALSE,FALSE
2026-01-06,Algeria,DR Congo,Algeria,Adil Boulbina,119,FALSE,FALSE
2026-01-06,Ivory Coast,Burkina Faso,Ivory Coast,Amad Diallo,20,FALSE,FALSE
2026-01-06,Ivory Coast,Burkina Faso,Ivory Coast,Yan Diomande,32,FALSE,FALSE
2026-01-06,Ivory Coast,Burkina Faso,Ivory Coast,Bazoumana Touré,87,FALSE,FALSE
2026-01-09,Mali,Senegal,Senegal,Iliman Ndiaye,27,FALSE,FALSE
2026-01-09,Morocco,Cameroon,Morocco,Brahim Díaz,26,FALSE,FALSE
2026-01-09,Morocco,Cameroon,Morocco,Ismael Saibari,74,FALSE,FALSE
2026-01-10,Algeria,Nigeria,Nigeria,Victor Osimhen,47,FALSE,FALSE
2026-01-10,Algeria,Nigeria,Nigeria,Akor Adams,57,FALSE,FALSE
2026-01-10,Egypt,Ivory Coast,Egypt,Omar Marmoush,4,FALSE,FALSE
2026-01-10,Egypt,Ivory Coast,Egypt,Ramy Rabia,32,FALSE,FALSE
2026-01-10,Egypt,Ivory Coast,Ivory Coast,Ahmed Abou El Fotouh,40,TRUE,FALSE
2026-01-10,Egypt,Ivory Coast,Egypt,Mohamed Salah,52,FALSE,FALSE
2026-01-10,Egypt,Ivory Coast,Ivory Coast,Guéla Doué,73,FALSE,FALSE
2026-01-14,Senegal,Egypt,Senegal,Sadio Mané,78,FALSE,FALSE
2026-03-26,Bolivia,Suriname,Suriname,Liam van Gelderen,48,FALSE,FALSE
2026-03-26,Bolivia,Suriname,Bolivia,Moisés Paniagua,72,FALSE,FALSE
2026-03-26,Bolivia,Suriname,Bolivia,Miguel Terceros,79,FALSE,TRUE
2026-03-26,Czech Republic,Republic of Ireland,Republic of Ireland,Troy Parrott,19,FALSE,TRUE
2026-03-26,Czech Republic,Republic of Ireland,Republic of Ireland,Matěj Kovář,23,TRUE,FALSE
2026-03-26,Czech Republic,Republic of Ireland,Czech Republic,Patrik Schick,27,FALSE,TRUE
2026-03-26,Czech Republic,Republic of Ireland,Czech Republic,Ladislav Krejčí,86,FALSE,FALSE
2026-03-26,Denmark,North Macedonia,Denmark,Mikkel Damsgaard,49,FALSE,FALSE
2026-03-26,Denmark,North Macedonia,Denmark,Gustav Isaksen,58,FALSE,FALSE
2026-03-26,Denmark,North Macedonia,Denmark,Gustav Isaksen,59,FALSE,FALSE
2026-03-26,Denmark,North Macedonia,Denmark,Christian Nørgaard,75,FALSE,FALSE
2026-03-26,Italy,Northern Ireland,Italy,Sandro Tonali,56,FALSE,FALSE
2026-03-26,Italy,Northern Ireland,Italy,Moise Kean,80,FALSE,FALSE
2026-03-26,New Caledonia,Jamaica,Jamaica,Bailey Cadamarteri,18,FALSE,FALSE
2026-03-26,Poland,Albania,Albania,Arbër Hoxha,42,FALSE,FALSE
2026-03-26,Poland,Albania,Poland,Robert Lewandowski,63,FALSE,FALSE
2026-03-26,Poland,Albania,Poland,Piotr Zieliński,73,FALSE,FALSE
2026-03-26,Slovakia,Kosovo,Slovakia,Martin Valjent,6,FALSE,FALSE
2026-03-26,Slovakia,Kosovo,Kosovo,Veldin Hodža,21,FALSE,FALSE
2026-03-26,Slovakia,Kosovo,Slovakia,Lukáš Haraslín,45,FALSE,FALSE
2026-03-26,Slovakia,Kosovo,Kosovo,Fisnik Asllani,47,FALSE,FALSE
2026-03-26,Slovakia,Kosovo,Kosovo,Florent Muslija,60,FALSE,FALSE
2026-03-26,Slovakia,Kosovo,Kosovo,Kreshnik Hajrizi,72,FALSE,FALSE
2026-03-26,Slovakia,Kosovo,Slovakia,David Strelec,90,FALSE,FALSE
2026-03-26,Turkey,Romania,Turkey,Ferdi Kadıoğlu,53,FALSE,FALSE
2026-03-26,Ukraine,Sweden,Sweden,Viktor Gyökeres,6,FALSE,FALSE
2026-03-26,Ukraine,Sweden,Sweden,Viktor Gyökeres,51,FALSE,FALSE
2026-03-26,Ukraine,Sweden,Sweden,Viktor Gyökeres,73,FALSE,TRUE
2026-03-26,Ukraine,Sweden,Ukraine,Matviy Ponomarenko,90,FALSE,FALSE
2026-03-26,Wales,Bosnia and Herzegovina,Wales,Daniel James,51,FALSE,FALSE
2026-03-26,Wales,Bosnia and Herzegovina,Bosnia and Herzegovina,Edin Džeko,86,FALSE,FALSE
2026-03-31,Bosnia and Herzegovina,Italy,Italy,Moise Kean,15,FALSE,FALSE
2026-03-31,Bosnia and Herzegovina,Italy,Bosnia and Herzegovina,Haris Tabaković,79,FALSE,FALSE
2026-03-31,Czech Republic,Denmark,Czech Republic,Pavel Šulc,3,FALSE,FALSE
2026-03-31,Czech Republic,Denmark,Denmark,Joachim Andersen,72,FALSE,FALSE
2026-03-31,Czech Republic,Denmark,Czech Republic,Ladislav Krejčí,100,FALSE,FALSE
2026-03-31,Czech Republic,Denmark,Denmark,Kasper Høgh,111,FALSE,FALSE
2026-03-31,DR Congo,Jamaica,DR Congo,Axel Tuanzebe,100,FALSE,FALSE
2026-03-31,Iraq,Bolivia,Iraq,Ali Al-Hamadi,10,FALSE,FALSE
2026-03-31,Iraq,Bolivia,Bolivia,Moisés Paniagua,38,FALSE,FALSE
2026-03-31,Iraq,Bolivia,Iraq,Aymen Hussein,53,FALSE,FALSE
2026-03-31,Kosovo,Turkey,Turkey,Kerem Aktürkoğlu,53,FALSE,FALSE
2026-03-31,Sweden,Poland,Sweden,Anthony Elanga,20,FALSE,FALSE
2026-03-31,Sweden,Poland,Poland,Nicola Zalewski,33,FALSE,FALSE
2026-03-31,Sweden,Poland,Sweden,Gustaf Lagerbielke,44,FALSE,FALSE
2026-03-31,Sweden,Poland,Poland,Karol Świderski,55,FALSE,FALSE
2026-03-31,Sweden,Poland,Sweden,Viktor Gyökeres,88,FALSE,FALSE
