date,home_team,away_team,home_score,away_score,tournament,city,country,neutral
2022-01-02,Gabon,Burkina Faso,0,3,Friendly,Dubai,United Arab Emirates,TRUE
2022-01-02,Sudan,Zimbabwe,0,0,Friendly,Yaoundé,Cameroon,TRUE
2022-01-03,Rwanda,Guinea,3,0,Friendly,Kigali,Rwanda,FALSE
2022-01-04,Mauritania,Gabon,1,1,Friendly,Dubai,United Arab Emirates,TRUE
2022-01-05,Algeria,Ghana,3,0,Friendly,Al Rayyan,Qatar,TRUE
2022-01-06,Rwanda,Guinea,0,2,Friendly,Kigali,Rwanda,FALSE
2022-01-09,Cameroon,Burkina Faso,2,1,African Cup of Nations,Yaoundé,Cameroon,FALSE
2022-01-09,Ethiopia,Cape Verde,0,1,African Cup of Nations,Yaoundé,Cameroon,TRUE
2022-01-10,Senegal,Zimbabwe,1,0,African Cup of Nations,Bafoussam,Cameroon,TRUE
2022-01-10,Guinea,Malawi,1,0,African Cup of Nations,Bafoussam,Cameroon,TRUE
2022-01-10,Morocco,Ghana,1,0,African Cup of Nations,Yaoundé,Cameroon,TRUE
2022-01-10,Comoros,Gabon,0,1,African Cup of Nations,Yaoundé,Cameroon,TRUE
2022-01-11,Nigeria,Egypt,1,0,African Cup of Nations,Garoua,Cameroon,TRUE
2022-01-11,Sudan,Guinea-Bissau,0,0,African Cup of Nations,Garoua,Cameroon,TRUE
2022-01-11,Algeria,Sierra Leone,0,0,African Cup of Nations,Douala,Cameroon,TRUE
2022-01-12,Iceland,Uganda,1,1,Friendly,Belek,Turkey,TRUE
2022-01-12,Equatorial Guinea,Ivory Coast,0,1,African Cup of Nations,Douala,Cameroon,TRUE
2022-01-12,Tunisia,Mali,0,1,African Cup of Nations,Limbé,Cameroon,TRUE
2022-01-12,Mauritania,Gambia,0,1,African Cup of Nations,Limbé,Cameroon,TRUE
2022-01-13,Cameroon,Ethiopia,4,1,African Cup of Nations,Yaoundé,Cameroon,FALSE
2022-01-13,Cape Verde,Burkina Faso,0,1,African Cup of Nations,Yaoundé,Cameroon,TRUE
2022-01-14,Senegal,Guinea,0,0,African Cup of Nations,Bafoussam,Cameroon,TRUE
2022-01-14,Malawi,Zimbabwe,2,1,African Cup of Nations,Bafoussam,Cameroon,TRUE
2022-01-14,Morocco,Comoros,2,0,African Cup of Nations,Yaoundé,Cameroon,TRUE
2022-01-14,Gabon,Ghana,1,1,African Cup of Nations,Yaoundé,Cameroon,TRUE
2022-01-15,South Korea,Iceland,5,1,Friendly,Antalya,Turkey,TRUE
2022-01-15,Nigeria,Sudan,3,1,African Cup of Nations,Garoua,Cameroon,TRUE
2022-01-15,Guinea-Bissau,Egypt,0,1,African Cup of Nations,Garoua,Cameroon,TRUE
2022-01-16,Colombia,Honduras,2,1,Friendly,Fort Lauderdale,United States,TRUE
2022-01-16,Peru,Panama,1,1,Friendly,Lima,Peru,FALSE
2022-01-16,Ivory Coast,Sierra Leone,2,2,African Cup of Nations,Douala,Cameroon,TRUE
2022-01-16,Algeria,Equatorial Guinea,0,1,African Cup of Nations,Douala,Cameroon,TRUE
2022-01-16,Gambia,Mali,1,1,African Cup of Nations,Limbé,Cameroon,TRUE
2022-01-16,Tunisia,Mauritania,4,0,African Cup of Nations,Limbé,Cameroon,TRUE
2022-01-17,Burkina Faso,Ethiopia,1,1,African Cup of Nations,Bafoussam,Cameroon,TRUE
2022-01-17,Cameroon,Cape Verde,1,1,African Cup of Nations,Yaoundé,Cameroon,FALSE
2022-01-18,Moldova,Uganda,2,3,Friendly,Belek,Turkey,TRUE
2022-01-18,Malawi,Senegal,0,0,African Cup of Nations,Bafoussam,Cameroon,TRUE
2022-01-18,Zimbabwe,Guinea,2,1,African Cup of Nations,Yaoundé,Cameroon,TRUE
2022-01-18,Gabon,Morocco,2,2,African Cup of Nations,Yaoundé,Cameroon,TRUE
2022-01-18,Ghana,Comoros,2,3,African Cup of Nations,Garoua,Cameroon,TRUE
2022-01-19,Egypt,Sudan,1,0,African Cup of Nations,Yaoundé,Cameroon,TRUE
2022-01-19,Guinea-Bissau,Nigeria,0,2,African Cup of Nations,Garoua,Cameroon,TRUE
2022-01-20,South Korea,Moldova,4,0,Friendly,Antalya,Turkey,TRUE
2022-01-20,Peru,Jamaica,3,0,Friendly,Lima,Peru,FALSE
2022-01-20,Ivory Coast,Algeria,3,1,African Cup of Nations,Douala,Cameroon,TRUE
2022-01-20,Sierra Leone,Equatorial Guinea,0,1,African Cup of Nations,Limbé,Cameroon,TRUE
2022-01-20,Gambia,Tunisia,1,0,African Cup of Nations,Limbé,Cameroon,TRUE
2022-01-20,Mali,Mauritania,2,0,African Cup of Nations,Douala,Cameroon,TRUE
2022-01-21,Bolivia,Trinidad and Tobago,5,0,Friendly,Sucre,Bolivia,FALSE
2022-01-21,Iraq,Uganda,1,0,Friendly,Baghdad,Iraq,FALSE
2022-01-23,Burkina Faso,Gabon,1,1,African Cup of Nations,Limbé,Cameroon,TRUE
2022-01-23,Nigeria,Tunisia,0,1,African Cup of Nations,Garoua,Cameroon,TRUE
2022-01-24,Cameroon,Comoros,2,1,African Cup of Nations,Yaoundé,Cameroon,FALSE
2022-01-24,Guinea,Gambia,0,1,African Cup of Nations,Bafoussam,Cameroon,TRUE
2022-01-25,Morocco,Malawi,2,1,African Cup of Nations,Yaoundé,Cameroon,TRUE
2022-01-25,Senegal,Cape Verde,2,0,African Cup of Nations,Bafoussam,Cameroon,TRUE
2022-01-26,Ivory Coast,Egypt,0,0,African Cup of Nations,Douala,Cameroon,TRUE
2022-01-26,Mali,Equatorial Guinea,0,0,African Cup of Nations,Limbé,Cameroon,TRUE
2022-01-27,Bahrain,Uganda,3,1,Friendly,Riffa,Bahrain,FALSE
2022-01-27,Indonesia,Timor-Leste,4,1,Friendly,Gianyar,Indonesia,FALSE
2022-01-27,Uzbekistan,South Sudan,3,0,Friendly,Dubai,United Arab Emirates,TRUE
2022-01-27,Jamaica,Mexico,1,2,FIFA World Cup qualification,Kingston,Jamaica,FALSE
2022-01-27,United States,El Salvador,1,0,FIFA World Cup qualification,Columbus,United States,FALSE
2022-01-27,Honduras,Canada,0,2,FIFA World Cup qualification,San Pedro Sula,Honduras,FALSE
2022-01-27,Costa Rica,Panama,1,0,FIFA World Cup qualification,San José,Costa Rica,FALSE
2022-01-27,Lebanon,South Korea,0,1,FIFA World Cup qualification,Sidon,Lebanon,FALSE
2022-01-27,Iran,Iraq,1,0,FIFA World Cup qualification,Tehran,Iran,FALSE
2022-01-27,United Arab Emirates,Syria,2,0,FIFA World Cup qualification,Dubai,United Arab Emirates,FALSE
2022-01-27,Japan,China PR,2,0,FIFA World Cup qualification,Saitama,Japan,FALSE
2022-01-27,Australia,Vietnam,4,0,FIFA World Cup qualification,Melbourne,Australia,FALSE
2022-01-27,Saudi Arabia,Oman,1,0,FIFA World Cup qualification,Jeddah,Saudi Arabia,FALSE
2022-01-27,Ecuador,Brazil,1,1,FIFA World Cup qualification,Quito,Ecuador,FALSE
2022-01-27,Paraguay,Uruguay,0,1,FIFA World Cup qualification,Asunción,Paraguay,FALSE
2022-01-27,Chile,Argentina,1,2,FIFA World Cup qualification,Calama,Chile,FALSE
2022-01-28,Jordan,New Zealand,3,1,Friendly,Abu Dhabi,United Arab Emirates,TRUE
2022-01-28,Suriname,Barbados,1,0,Friendly,Paramaribo,Suriname,FALSE
2022-01-28,Colombia,Peru,0,1,FIFA World Cup qualification,Barranquilla,Colombia,FALSE
2022-01-28,Venezuela,Bolivia,4,1,FIFA World Cup qualification,Barinas,Venezuela,FALSE
2022-01-29,Kuwait,Libya,2,0,Friendly,Kuwait City,Kuwait,FALSE
2022-01-29,Nepal,Mauritius,1,0,Friendly,Kathmandu,Nepal,FALSE
2022-01-29,Nicaragua,Belize,4,0,Friendly,Managua,Nicaragua,FALSE
2022-01-29,Burkina Faso,Tunisia,1,0,African Cup of Nations,Garoua,Cameroon,TRUE
2022-01-29,Cameroon,Gambia,2,0,African Cup of Nations,Douala,Cameroon,FALSE
2022-01-30,Indonesia,Timor-Leste,3,0,Friendly,Gianyar,Indonesia,FALSE
2022-01-30,Egypt,Morocco,2,1,African Cup of Nations,Yaoundé,Cameroon,TRUE
2022-01-30,Senegal,Equatorial Guinea,3,1,African Cup of Nations,Yaoundé,Cameroon,TRUE
2022-01-30,Canada,United States,2,0,FIFA World Cup qualification,Hamilton,Canada,FALSE
2022-01-30,Mexico,Costa Rica,0,0,FIFA World Cup qualification,Mexico City,Mexico,FALSE
2022-01-30,Panama,Jamaica,3,2,FIFA World Cup qualification,Panama City,Panama,FALSE
2022-01-30,Honduras,El Salvador,0,2,FIFA World Cup qualification,San Pedro Sula,Honduras,FALSE
2022-02-01,Bahrain,DR Congo,1,0,Friendly,Riffa,Bahrain,FALSE
2022-02-01,Kuwait,Libya,0,2,Friendly,Kuwait City,Kuwait,FALSE
2022-02-01,Nepal,Mauritius,1,0,Friendly,Kathmandu,Nepal,FALSE
2022-02-01,Nicaragua,Belize,1,1,Friendly,Managua,Nicaragua,FALSE
2022-02-01,Suriname,Guyana,2,1,Friendly,Paramaribo,Suriname,FALSE
2022-02-01,Lebanon,Iraq,1,1,FIFA World Cup qualification,Sidon,Lebanon,FALSE
2022-02-01,Iran,United Arab Emirates,1,0,FIFA World Cup qualification,Tehran,Iran,FALSE
2022-02-01,Syria,South Korea,0,2,FIFA World Cup qualification,Dubai,United Arab Emirates,TRUE
2022-02-01,Vietnam,China PR,3,1,FIFA World Cup qualification,Hanoi,Vietnam,FALSE
2022-02-01,Japan,Saudi Arabia,2,0,FIFA World Cup qualification,Saitama,Japan,FALSE
2022-02-01,Oman,Australia,2,2,FIFA World Cup qualification,Muscat,Oman,FALSE
2022-02-01,Bolivia,Chile,2,3,FIFA World Cup qualification,La Paz,Bolivia,FALSE
2022-02-01,Uruguay,Venezuela,4,1,FIFA World Cup qualification,Montevideo,Uruguay,FALSE
2022-02-01,Argentina,Colombia,1,0,FIFA World Cup qualification,Córdoba,Argentina,FALSE
2022-02-01,Peru,Ecuador,1,1,FIFA World Cup qualification,Lima,Peru,FALSE
2022-02-01,Brazil,Paraguay,4,0,FIFA World Cup qualification,Belo Horizonte,Brazil,FALSE
2022-02-02,Burkina Faso,Senegal,1,3,African Cup of Nations,Yaoundé,Cameroon,TRUE
2022-02-02,United States,Honduras,3,0,FIFA World Cup qualification,Saint Paul,United States,FALSE
2022-02-02,Jamaica,Costa Rica,0,1,FIFA World Cup qualification,Kingston,Jamaica,FALSE
2022-02-02,El Salvador,Canada,0,2,FIFA World Cup qualification,San Salvador,El Salvador,FALSE
2022-02-02,Mexico,Panama,1,0,FIFA World Cup qualification,Mexico City,Mexico,FALSE
2022-02-03,Cameroon,Egypt,0,0,African Cup of Nations,Yaoundé,Cameroon,FALSE
2022-02-05,Cameroon,Burkina Faso,3,3,African Cup of Nations,Yaoundé,Cameroon,FALSE
2022-02-06,Senegal,Egypt,0,0,African Cup of Nations,Yaoundé,Cameroon,TRUE
2022-03-17,Cook Islands,Solomon Islands,0,2,FIFA World Cup qualification,Doha,Qatar,TRUE
2022-03-18,Papua New Guinea,New Zealand,0,1,FIFA World Cup qualification,Doha,Qatar,TRUE
2022-03-18,New Caledonia,Fiji,1,2,FIFA World Cup qualification,Doha,Qatar,TRUE
2022-03-18,Iraq,Zambia,3,1,Friendly,Baghdad,Iraq,FALSE
2022-03-19,Mauritius,Seychelles,0,0,Friendly,Saint Pierre,Mauritius,FALSE
2022-03-21,Papua New Guinea,New Caledonia,1,0,FIFA World Cup qualification,Doha,Qatar,TRUE
2022-03-21,New Zealand,Fiji,4,0,FIFA World Cup qualification,Doha,Qatar,TRUE
2022-03-23,Bahrain,India,2,1,Friendly,Riffa,Bahrain,FALSE
2022-03-23,Gibraltar,Grenada,0,0,Friendly,Gibraltar,Gibraltar,FALSE
2022-03-23,Guinea-Bissau,Equatorial Guinea,3,0,Friendly,Óbidos,Portugal,TRUE
2022-03-23,Guadeloupe,Cape Verde,0,2,Friendly,Orléans,France,TRUE
2022-03-23,Laos,Mongolia,1,0,Friendly,Vientiane,Laos,FALSE
2022-03-23,Malaysia,Philippines,2,0,Friendly,Kallang,Singapore,TRUE
2022-03-23,Mozambique,Niger,1,1,Friendly,Nouakchott,Mauritania,TRUE
2022-03-23,Tanzania,Central African Republic,3,1,Friendly,Dar es Salaam,Tanzania,FALSE
2022-03-23,Chad,Gambia,0,1,African Cup of Nations qualification,Yaoundé,Cameroon,TRUE
2022-03-23,Djibouti,South Sudan,2,4,African Cup of Nations qualification,Alexandria,Egypt,TRUE
2022-03-23,Seychelles,Lesotho,0,0,African Cup of Nations qualification,Saint Pierre,Mauritius,TRUE
2022-03-23,Somalia,Eswatini,0,3,African Cup of Nations qualification,Dar es Salaam,Tanzania,TRUE
2022-03-24,Jamaica,El Salvador,1,1,FIFA World Cup qualification,Kingston,Jamaica,FALSE
2022-03-24,Mexico,United States,0,0,FIFA World Cup qualification,Mexico City,Mexico,FALSE
2022-03-24,Panama,Honduras,1,1,FIFA World Cup qualification,Panama City,Panama,FALSE
2022-03-24,Costa Rica,Canada,1,0,FIFA World Cup qualification,San José,Costa Rica,FALSE
2022-03-24,Lebanon,Syria,0,3,FIFA World Cup qualification,Sidon,Lebanon,FALSE
2022-03-24,Iraq,United Arab Emirates,1,0,FIFA World Cup qualification,Riyadh,Saudi Arabia,TRUE
2022-03-24,South Korea,Iran,2,0,FIFA World Cup qualification,Seoul,South Korea,FALSE
2022-03-24,China PR,Saudi Arabia,1,1,FIFA World Cup qualification,Sharjah,United Arab Emirates,TRUE
2022-03-24,Vietnam,Oman,0,1,FIFA World Cup qualification,Hanoi,Vietnam,FALSE
2022-03-24,Australia,Japan,0,2,FIFA World Cup qualification,Sydney,Australia,FALSE
2022-03-24,Solomon Islands,Tahiti,3,1,FIFA World Cup qualification,Doha,Qatar,TRUE
2022-03-24,Fiji,Papua New Guinea,1,2,FIFA World Cup qualification,Doha,Qatar,TRUE
2022-03-24,New Zealand,New Caledonia,7,1,FIFA World Cup qualification,Doha,Qatar,TRUE
2022-03-24,Colombia,Bolivia,3,0,FIFA World Cup qualification,Barranquilla,Colombia,FALSE
2022-03-24,Brazil,Chile,4,0,FIFA World Cup qualification,Rio de Janeiro,Brazil,FALSE
2022-03-24,Paraguay,Ecuador,3,1,FIFA World Cup qualification,Ciudad del Este,Paraguay,FALSE
2022-03-24,Uruguay,Peru,1,0,FIFA World Cup qualification,Montevideo,Uruguay,FALSE
2022-03-24,Italy,North Macedonia,0,1,FIFA World Cup qualification,Palermo,Italy,FALSE
2022-03-24,Portugal,Turkey,3,1,FIFA World Cup qualification,Porto,Portugal,FALSE
2022-03-24,Sweden,Czech Republic,1,0,FIFA World Cup qualification,Stockholm,Sweden,FALSE
2022-03-24,Wales,Austria,2,1,FIFA World Cup qualification,Cardiff,Wales,FALSE
2022-03-24,Armenia,Montenegro,1,0,Friendly,Yerevan,Armenia,FALSE
2022-03-24,Guatemala,Cuba,1,0,Friendly,Antigua Guatemala City,Guatemala,FALSE
2022-03-24,Hungary,Serbia,0,1,Friendly,Budapest,Hungary,FALSE
2022-03-24,Kosovo,Burkina Faso,5,0,Friendly,Pristina,Kosovo,FALSE
2022-03-24,Liberia,Benin,0,4,Friendly,Antalya,Turkey,TRUE
2022-03-24,Maldives,Bangladesh,2,0,Friendly,Malé,Maldives,FALSE
2022-03-24,Scotland,Poland,1,1,Friendly,Glasgow,Scotland,FALSE
2022-03-24,Thailand,Nepal,2,0,Friendly,Chonburi,Thailand,FALSE
2022-03-24,Togo,Sierra Leone,3,0,Friendly,Antalya,Turkey,TRUE
2022-03-24,Estonia,Cyprus,0,0,UEFA Nations League,Tallinn,Estonia,FALSE
2022-03-24,Moldova,Kazakhstan,1,2,UEFA Nations League,Chișinău,Moldova,FALSE
2022-03-24,Mauritius,São Tomé and Príncipe,3,0,African Cup of Nations qualification,Saint Pierre,Mauritius,FALSE
2022-03-25,Cameroon,Algeria,0,1,FIFA World Cup qualification,Douala,Cameroon,FALSE
2022-03-25,DR Congo,Morocco,1,1,FIFA World Cup qualification,Kinshasa,DR Congo,FALSE
2022-03-25,Egypt,Senegal,1,0,FIFA World Cup qualification,Cairo,Egypt,FALSE
2022-03-25,Ghana,Nigeria,0,0,FIFA World Cup qualification,Kumasi,Ghana,FALSE
2022-03-25,Mali,Tunisia,0,1,FIFA World Cup qualification,Bamako,Mali,FALSE
2022-03-25,Argentina,Venezuela,3,0,FIFA World Cup qualification,Buenos Aires,Argentina,FALSE
2022-03-25,Andorra,Saint Kitts and Nevis,1,0,Friendly,Andorra la Vella,Andorra,FALSE
2022-03-25,Bosnia and Herzegovina,Georgia,0,1,Friendly,Zenica,Bosnia and Herzegovina,FALSE
2022-03-25,Cape Verde,Liechtenstein,6,0,Friendly,San Pedro del Pinatar,Spain,TRUE
2022-03-25,Comoros,Ethiopia,2,1,Friendly,Moroni,Comoros,FALSE
2022-03-25,Congo,Zambia,1,3,Friendly,Antalya,Turkey,TRUE
2022-03-25,France,Ivory Coast,2,1,Friendly,Marseille,France,FALSE
2022-03-25,Latvia,Kuwait,1,1,Friendly,Ta' Qali,Malta,TRUE
2022-03-25,Luxembourg,Northern Ireland,1,3,Friendly,Luxembourg,Luxembourg,FALSE
2022-03-25,Malta,Azerbaijan,1,0,Friendly,Ta' Qali,Malta,FALSE
2022-03-25,Norway,Slovakia,2,0,Friendly,Oslo,Norway,FALSE
2022-03-25,Romania,Greece,0,1,Friendly,Bucharest,Romania,FALSE
2022-03-25,San Marino,Lithuania,1,2,Friendly,Serravalle,San Marino,FALSE
2022-03-25,South Africa,Guinea,0,0,Friendly,Kortrijk,Belgium,TRUE
2022-03-25,Trinidad and Tobago,Barbados,9,0,Friendly,Port of Spain,Trinidad and Tobago,FALSE
2022-03-26,Angola,Guinea-Bissau,3,2,Friendly,Óbidos,Portugal,TRUE
2022-03-26,Bahrain,Burundi,1,0,Friendly,Arad,Iran,TRUE
2022-03-26,Belarus,India,3,0,Friendly,Isa Town,Bahrain,TRUE
2022-03-26,Central African Republic,Sudan,0,0,Friendly,Dar es Salaam,Tanzania,TRUE
2022-03-26,Croatia,Slovenia,1,1,Friendly,Al Rayyan,Qatar,TRUE
2022-03-26,England,Switzerland,2,1,Friendly,London,England,FALSE
2022-03-26,Finland,Iceland,1,1,Friendly,Murcia,Spain,TRUE
2022-03-26,Germany,Israel,2,0,Friendly,Sinsheim,Germany,FALSE
2022-03-26,Gibraltar,Faroe Islands,0,0,Friendly,Gibraltar,Gibraltar,FALSE
2022-03-26,Libya,Niger,2,1,Friendly,Nouakchott,Mauritania,TRUE
2022-03-26,Mauritania,Mozambique,2,1,Friendly,Nouakchott,Mauritania,FALSE
2022-03-26,Netherlands,Denmark,4,2,Friendly,Amsterdam,Netherlands,FALSE
2022-03-26,Qatar,Bulgaria,2,1,Friendly,Al Rayyan,Qatar,FALSE
2022-03-26,Republic of Ireland,Belgium,2,2,Friendly,Dublin,Republic of Ireland,FALSE
2022-03-26,Singapore,Malaysia,2,1,Friendly,Kallang,Singapore,FALSE
2022-03-26,Spain,Albania,2,1,Friendly,Barcelona,Spain,FALSE
2022-03-27,El Salvador,Costa Rica,1,2,FIFA World Cup qualification,San Salvador,El Salvador,FALSE
2022-03-27,Canada,Jamaica,4,0,FIFA World Cup qualification,Toronto,Canada,FALSE
2022-03-27,Honduras,Mexico,0,1,FIFA World Cup qualification,San Pedro Sula,Honduras,FALSE
2022-03-27,United States,Panama,5,1,FIFA World Cup qualification,Orlando,United States,FALSE
2022-03-27,New Zealand,Tahiti,1,0,FIFA World Cup qualification,Doha,Qatar,TRUE
2022-03-27,Solomon Islands,Papua New Guinea,3,2,FIFA World Cup qualification,Doha,Qatar,TRUE
2022-03-27,Barbados,Guyana,0,5,Friendly,Port of Spain,Trinidad and Tobago,TRUE
2022-03-27,Belize,Cuba,0,3,Friendly,Belmopan,Belize,FALSE
2022-03-27,Benin,Zambia,2,1,Friendly,Antalya,Turkey,TRUE
2022-03-27,Guatemala,Haiti,2,1,Friendly,Fort Lauderdale,United States,TRUE
2022-03-27,Laos,Brunei,3,2,Friendly,Vientiane,Laos,FALSE
2022-03-27,Liberia,Sierra Leone,0,1,Friendly,Antalya,Turkey,TRUE
2022-03-27,Thailand,Suriname,1,0,Friendly,Pathum Thani,Thailand,FALSE
2022-03-27,South Sudan,Djibouti,1,0,African Cup of Nations qualification,Entebbe,Uganda,TRUE
2022-03-27,Lesotho,Seychelles,3,1,African Cup of Nations qualification,Soweto,South Africa,TRUE
2022-03-27,Eswatini,Somalia,2,1,African Cup of Nations qualification,Mbombela,South Africa,TRUE
2022-03-27,Mauritius,São Tomé and Príncipe,3,3,African Cup of Nations qualification,Belle Vue Harel,Mauritius,FALSE
2022-03-28,Andorra,Grenada,1,0,Friendly,Andorra la Vella,Andorra,FALSE
2022-03-28,Cape Verde,San Marino,2,0,Friendly,San Pedro del Pinatar,Spain,TRUE
2022-03-28,Montenegro,Greece,1,0,Friendly,Podgorica,Montenegro,FALSE
2022-03-28,Vanuatu,Fiji,1,2,Friendly,Doha,Qatar,TRUE
2022-03-29,Algeria,Cameroon,1,2,FIFA World Cup qualification,Blida,Algeria,FALSE
2022-03-29,Morocco,DR Congo,4,1,FIFA World Cup qualification,Casablanca,Morocco,FALSE
2022-03-29,Nigeria,Ghana,1,1,FIFA World Cup qualification,Abuja,Nigeria,FALSE
2022-03-29,Senegal,Egypt,1,0,FIFA World Cup qualification,Diamniadio,Senegal,FALSE
2022-03-29,Tunisia,Mali,0,0,FIFA World Cup qualification,Tunis,Tunisia,FALSE
2022-03-29,Iran,Lebanon,2,0,FIFA World Cup qualification,Mashhad,Iran,FALSE
2022-03-29,Syria,Iraq,1,1,FIFA World Cup qualification,Dubai,United Arab Emirates,TRUE
2022-03-29,United Arab Emirates,South Korea,1,0,FIFA World Cup qualification,Dubai,United Arab Emirates,FALSE
2022-03-29,Japan,Vietnam,1,1,FIFA World Cup qualification,Saitama,Japan,FALSE
2022-03-29,Oman,China PR,2,0,FIFA World Cup qualification,Muscat,Oman,FALSE
2022-03-29,Saudi Arabia,Australia,1,0,FIFA World Cup qualification,Jeddah,Saudi Arabia,FALSE
2022-03-29,Ecuador,Argentina,1,1,FIFA World Cup qualification,Guayaquil,Ecuador,FALSE
2022-03-29,Peru,Paraguay,2,0,FIFA World Cup qualification,Lima,Peru,FALSE
2022-03-29,Bolivia,Brazil,0,4,FIFA World Cup qualification,La Paz,Bolivia,FALSE
2022-03-29,Venezuela,Colombia,0,1,FIFA World Cup qualification,Guayana,Venezuela,FALSE
2022-03-29,Chile,Uruguay,0,2,FIFA World Cup qualification,Santiago,Chile,FALSE
2022-03-29,Poland,Sweden,2,0,FIFA World Cup qualification,Chorzów,Poland,FALSE
2022-03-29,Portugal,North Macedonia,2,0,FIFA World Cup qualification,Porto,Portugal,FALSE
2022-03-29,Albania,Georgia,0,0,Friendly,Tirana,Albania,FALSE
2022-03-29,Angola,Equatorial Guinea,0,0,Friendly,Óbidos,Portugal,TRUE
2022-03-29,Austria,Scotland,2,2,Friendly,Vienna,Austria,FALSE
2022-03-29,Azerbaijan,Latvia,0,1,Friendly,Ta' Qali,Malta,TRUE
2022-03-29,Bahrain,Belarus,0,1,Friendly,Riffa,Bahrain,FALSE
2022-03-29,Bangladesh,Mongolia,0,0,Friendly,Sylhet,Bangladesh,FALSE
2022-03-29,Belgium,Burkina Faso,3,0,Friendly,Anderlecht,Belgium,FALSE
2022-03-29,Bosnia and Herzegovina,Luxembourg,1,0,Friendly,Zenica,Bosnia and Herzegovina,FALSE
2022-03-29,Congo,Sierra Leone,1,2,Friendly,Antalya,Turkey,TRUE
2022-03-29,Croatia,Bulgaria,2,1,Friendly,Al Rayyan,Qatar,TRUE
2022-03-29,Denmark,Serbia,3,0,Friendly,Copenhagen,Denmark,FALSE
2022-03-29,England,Ivory Coast,3,0,Friendly,London,England,FALSE
2022-03-29,Faroe Islands,Liechtenstein,1,0,Friendly,San Pedro del Pinatar,Spain,TRUE
2022-03-29,Finland,Slovakia,0,2,Friendly,Murcia,Spain,TRUE
2022-03-29,France,South Africa,5,0,Friendly,Villeneuve D'Ascq,Algeria,TRUE
2022-03-29,Israel,Romania,2,2,Friendly,Netanya,Israel,FALSE
2022-03-29,Liberia,Burundi,1,2,Friendly,Antalya,Turkey,TRUE
2022-03-29,Malta,Kuwait,2,0,Friendly,Ta' Qali,Malta,FALSE
2022-03-29,Mauritania,Libya,2,0,Friendly,Nouakchott,Mauritania,FALSE
2022-03-29,Netherlands,Germany,1,1,Friendly,Amsterdam,Netherlands,FALSE
2022-03-29,Northern Ireland,Hungary,0,1,Friendly,Belfast,Northern Ireland,FALSE
2022-03-29,Norway,Armenia,9,0,Friendly,Oslo,Norway,FALSE
2022-03-29,Qatar,Slovenia,0,0,Friendly,Al Rayyan,Qatar,FALSE
2022-03-29,Republic of Ireland,Lithuania,1,0,Friendly,Dublin,Republic of Ireland,FALSE
2022-03-29,Singapore,Philippines,2,0,Friendly,Kallang,Singapore,FALSE
2022-03-29,Spain,Iceland,5,0,Friendly,La Coruña,Spain,FALSE
2022-03-29,Switzerland,Kosovo,1,1,Friendly,Zürich,Switzerland,FALSE
2022-03-29,Tanzania,Sudan,1,1,Friendly,Dar es Salaam,Tanzania,FALSE
2022-03-29,Togo,Benin,1,1,Friendly,Antalya,Turkey,TRUE
2022-03-29,Trinidad and Tobago,Guyana,1,1,Friendly,Port of Spain,Trinidad and Tobago,FALSE
2022-03-29,Turkey,Italy,2,3,Friendly,Konya,Turkey,FALSE
2022-03-29,Wales,Czech Republic,1,1,Friendly,Cardiff,Wales,FALSE
2022-03-29,Cyprus,Estonia,2,0,UEFA Nations League,Larnaca,Cyprus,FALSE
2022-03-29,Kazakhstan,Moldova,0,1,UEFA Nations League,Nur-Sultan,Kazakhstan,FALSE
2022-03-29,Gambia,Chad,2,2,African Cup of Nations qualification,Agadir,Morocco,TRUE
2022-03-30,Mexico,El Salvador,2,0,FIFA World Cup qualification,Mexico City,Mexico,FALSE
2022-03-30,Costa Rica,United States,2,0,FIFA World Cup qualification,San José,Costa Rica,FALSE
2022-03-30,Panama,Canada,1,0,FIFA World Cup qualification,Panama City,Panama,FALSE
2022-03-30,Jamaica,Honduras,2,1,FIFA World Cup qualification,Kingston,Jamaica,FALSE
2022-03-30,Solomon Islands,New Zealand,0,5,FIFA World Cup qualification,Doha,Qatar,TRUE
2022-04-24,El Salvador,Guatemala,0,4,Friendly,San Jose,United States,TRUE
2022-04-27,Mexico,Guatemala,0,0,Friendly,Orlando,United States,TRUE
2022-05-12,Bahamas,Turks and Caicos Islands,4,2,Friendly,Nassau,Bahamas,FALSE
2022-05-12,Dominica,Saint Vincent and the Grenadines,2,1,Friendly,Roseau,Dominica,FALSE
2022-05-14,Bahamas,Turks and Caicos Islands,1,2,Friendly,Nassau,Bahamas,FALSE
2022-05-15,Dominica,Saint Vincent and the Grenadines,3,1,Friendly,Roseau,Dominica,FALSE
2022-05-24,Mozambique,Eswatini,0,1,Friendly,Maputo,Mozambique,FALSE
2022-05-24,Thailand,Bahrain,3,1,Friendly,Bangkok,Thailand,FALSE
2022-05-27,Bahrain,Myanmar,2,0,Friendly,Pathum Thani,Thailand,TRUE
2022-05-27,Malaysia,Brunei,4,0,Friendly,Kuala Lumpur,Malaysia,FALSE
2022-05-27,Thailand,Turkmenistan,1,0,Friendly,Sisaket,Thailand,FALSE
2022-05-28,Ethiopia,Lesotho,1,1,Friendly,Adama,Ethiopia,FALSE
2022-05-28,India,Jordan,0,2,Friendly,Doha,Qatar,TRUE
2022-05-28,Mexico,Nigeria,2,1,Friendly,Arlington,United States,TRUE
2022-05-29,United Arab Emirates,Gambia,1,1,Friendly,Dubai,United Arab Emirates,FALSE
2022-05-30,Ethiopia,Lesotho,1,1,Friendly,Adama,Ethiopia,FALSE
2022-05-30,Trinidad and Tobago,Saint Lucia,1,0,Friendly,San Fernando,Trinidad and Tobago,FALSE
2022-05-31,Thailand,Bahrain,1,2,Friendly,Pathum Thani,Thailand,FALSE
2022-06-01,Italy,Argentina,0,3,CONMEBOL–UEFA Cup of Champions,Paris,France,TRUE
2022-06-01,Scotland,Ukraine,1,3,FIFA World Cup qualification,Glasgow,Scotland,FALSE
2022-06-01,Angola,Central African Republic,2,1,African Cup of Nations qualification,Luanda,Angola,FALSE
2022-06-01,Ghana,Madagascar,3,0,African Cup of Nations qualification,Cape Coast,Ghana,FALSE
2022-06-01,Libya,Botswana,1,0,African Cup of Nations qualification,Benghazi,Libya,FALSE
2022-06-01,Poland,Wales,2,1,UEFA Nations League,Wrocław,Poland,FALSE
2022-06-01,Australia,Jordan,2,1,Friendly,Al Wakrah,Qatar,TRUE
2022-06-01,Indonesia,Bangladesh,0,0,Friendly,Soreang,Indonesia,FALSE
2022-06-01,Malta,Venezuela,0,1,Friendly,Ta' Qali,Malta,FALSE
2022-06-01,Kuwait,Singapore,2,0,Friendly,Abu Dhabi,United Arab Emirates,TRUE
2022-06-01,Malaysia,Hong Kong,2,0,Friendly,Kuala Lumpur,Malaysia,FALSE
2022-06-01,Syria,Tajikistan,1,0,Friendly,Dubai,United Arab Emirates,TRUE
2022-06-01,United States,Morocco,3,0,Friendly,Cincinnati,United States,FALSE
2022-06-01,Vietnam,Afghanistan,2,0,Friendly,Ho Chi Minh City,Vietnam,FALSE
2022-06-02,Tunisia,Equatorial Guinea,4,0,African Cup of Nations qualification,Radès,Tunisia,FALSE
2022-06-02,Mozambique,Rwanda,1,1,African Cup of Nations qualification,Johannesburg,South Africa,TRUE
2022-06-02,Panama,Costa Rica,2,0,CONCACAF Nations League,Panama City,Panama,FALSE
2022-06-02,Barbados,Antigua and Barbuda,0,1,CONCACAF Nations League,Gros Islet,Saint Lucia,TRUE
2022-06-02,Guadeloupe,Cuba,2,1,CONCACAF Nations League,Les Abymes,Guadeloupe,FALSE
2022-06-02,Belize,Dominican Republic,0,2,CONCACAF Nations League,Belmopan,Belize,FALSE
2022-06-02,French Guiana,Guatemala,2,0,CONCACAF Nations League,Cayenne,French Guiana,FALSE
2022-06-02,Anguilla,Dominica,0,0,CONCACAF Nations League,The Valley,Anguilla,FALSE
2022-06-02,Czech Republic,Switzerland,2,1,UEFA Nations League,Prague,Czech Republic,FALSE
2022-06-02,Spain,Portugal,1,1,UEFA Nations League,Seville,Spain,FALSE
2022-06-02,Israel,Iceland,2,2,UEFA Nations League,Haifa,Israel,FALSE
2022-06-02,Serbia,Norway,0,1,UEFA Nations League,Belgrade,Serbia,FALSE
2022-06-02,Slovenia,Sweden,0,2,UEFA Nations League,Ljubljana,Slovenia,FALSE
2022-06-02,Northern Ireland,Greece,0,1,UEFA Nations League,Belfast,Northern Ireland,FALSE
2022-06-02,Cyprus,Kosovo,0,2,UEFA Nations League,Larnaca,Cyprus,FALSE
2022-06-02,Georgia,Gibraltar,4,0,UEFA Nations League,Tbilisi,Georgia,FALSE
2022-06-02,Bulgaria,North Macedonia,1,1,UEFA Nations League,Razgrad,Bulgaria,FALSE
2022-06-02,Estonia,San Marino,2,0,UEFA Nations League,Tallinn,Estonia,FALSE
2022-06-02,Cambodia,Timor-Leste,2,1,Friendly,Phnom Penh,Cambodia,FALSE
2022-06-02,Ecuador,Nigeria,1,0,Friendly,Harrison,United States,TRUE
2022-06-02,Japan,Paraguay,4,1,Friendly,Sapporo,Japan,FALSE
2022-06-02,South Korea,Brazil,1,5,Friendly,Seoul,South Korea,FALSE
2022-06-02,Mexico,Uruguay,0,3,Friendly,Glendale,United States,TRUE
2022-06-03,Togo,Eswatini,2,2,African Cup of Nations qualification,Lomé,Togo,FALSE
2022-06-03,Burkina Faso,Cape Verde,2,0,African Cup of Nations qualification,Marrakech,Morocco,TRUE
2022-06-03,Comoros,Lesotho,2,0,African Cup of Nations qualification,Moroni,Comoros,FALSE
2022-06-03,Ivory Coast,Zambia,3,1,African Cup of Nations qualification,Yamoussoukro,Ivory Coast,FALSE
2022-06-03,Curaçao,Honduras,0,1,CONCACAF Nations League,Willemstad,Curaçao,FALSE
2022-06-03,Bahamas,Saint Vincent and the Grenadines,1,0,CONCACAF Nations League,Nassau,Bahamas,FALSE
2022-06-03,Nicaragua,Trinidad and Tobago,2,1,CONCACAF Nations League,Managua,Nicaragua,FALSE
2022-06-03,Sint Maarten,United States Virgin Islands,1,1,CONCACAF Nations League,Willemstad,Curaçao,TRUE
2022-06-03,Turks and Caicos Islands,Bonaire,1,4,CONCACAF Nations League,Providenciales,Turks and Caicos Islands,FALSE
2022-06-03,Saint Martin,Aruba,0,0,CONCACAF Nations League,The Valley,Anguilla,TRUE
2022-06-03,British Virgin Islands,Cayman Islands,1,1,CONCACAF Nations League,Tortola,British Virgin Islands,FALSE
2022-06-03,Croatia,Austria,0,3,UEFA Nations League,Osijek,Croatia,FALSE
2022-06-03,France,Denmark,1,2,UEFA Nations League,Paris,France,FALSE
2022-06-03,Belgium,Netherlands,1,4,UEFA Nations League,Brussels,Belgium,FALSE
2022-06-03,Kazakhstan,Azerbaijan,2,0,UEFA Nations League,Nur-Sultan,Kazakhstan,FALSE
2022-06-03,Belarus,Slovakia,0,1,UEFA Nations League,Novi Sad,Serbia,TRUE
2022-06-03,Liechtenstein,Moldova,0,2,UEFA Nations League,Vaduz,Liechtenstein,FALSE
2022-06-03,Latvia,Andorra,3,0,UEFA Nations League,Riga,Latvia,FALSE
2022-06-03,Nepal,Oman,0,2,Friendly,Doha,Qatar,TRUE
2022-06-04,Namibia,Burundi,1,1,African Cup of Nations qualification,Johannesburg,South Africa,TRUE
2022-06-04,Niger,Tanzania,1,1,African Cup of Nations qualification,Cotonou,Benin,TRUE
2022-06-04,Algeria,Uganda,2,0,African Cup of Nations qualification,Algiers,Algeria,FALSE
2022-06-04,Gambia,South Sudan,1,0,African Cup of Nations qualification,Thiès,Senegal,TRUE
2022-06-04,Mali,Congo,4,0,African Cup of Nations qualification,Bamako,Mali,FALSE
2022-06-04,Mauritania,Sudan,3,0,African Cup of Nations qualification,Nouakchott,Mauritania,FALSE
2022-06-04,DR Congo,Gabon,0,1,African Cup of Nations qualification,Kinshasa,DR Congo,FALSE
2022-06-04,Senegal,Benin,3,1,African Cup of Nations qualification,Diamniadio,Senegal,FALSE
2022-06-04,Suriname,Jamaica,1,1,CONCACAF Nations League,Paramaribo,Suriname,FALSE
2022-06-04,El Salvador,Grenada,3,1,CONCACAF Nations League,San Salvador,El Salvador,FALSE
2022-06-04,Bermuda,Haiti,0,0,CONCACAF Nations League,Devonshire Parish,Bermuda,FALSE
2022-06-04,Montserrat,Guyana,1,2,CONCACAF Nations League,Santo Domingo,Dominican Republic,TRUE
2022-06-04,Hungary,England,1,0,UEFA Nations League,Budapest,Hungary,FALSE
2022-06-04,Italy,Germany,1,1,UEFA Nations League,Bologna,Italy,FALSE
2022-06-04,Armenia,Republic of Ireland,1,0,UEFA Nations League,Yerevan,Armenia,FALSE
2022-06-04,Finland,Bosnia and Herzegovina,1,1,UEFA Nations League,Helsinki,Finland,FALSE
2022-06-04,Montenegro,Romania,2,0,UEFA Nations League,Podgorica,Montenegro,FALSE
2022-06-04,Lithuania,Luxembourg,0,2,UEFA Nations League,Vilnius,Lithuania,FALSE
2022-06-04,Turkey,Faroe Islands,4,0,UEFA Nations League,Istanbul,Turkey,FALSE
2022-06-05,Wales,Ukraine,1,0,FIFA World Cup qualification,Cardiff,Wales,FALSE
2022-06-05,Malawi,Ethiopia,2,1,African Cup of Nations qualification,Lilongwe,Malawi,FALSE
2022-06-05,Egypt,Guinea,1,0,African Cup of Nations qualification,Cairo,Egypt,FALSE
2022-06-05,Central African Republic,Ghana,1,1,African Cup of Nations qualification,Luanda,Angola,TRUE
2022-06-05,Madagascar,Angola,1,1,African Cup of Nations qualification,Antananarivo,Madagascar,FALSE
2022-06-05,Botswana,Tunisia,0,0,African Cup of Nations qualification,Francistown,Botswana,FALSE
2022-06-05,Costa Rica,Martinique,2,0,CONCACAF Nations League,San José,Costa Rica,FALSE
2022-06-05,Cuba,Barbados,3,0,CONCACAF Nations League,Santiago,Cuba,FALSE
2022-06-05,Antigua and Barbuda,Guadeloupe,1,0,CONCACAF Nations League,Basseterre,Saint Kitts and Nevis,TRUE
2022-06-05,Guatemala,Belize,2,0,CONCACAF Nations League,Guatemala City,Guatemala,FALSE
2022-06-05,Dominican Republic,French Guiana,2,3,CONCACAF Nations League,Santo Domingo,Dominican Republic,FALSE
2022-06-05,Dominica,Anguilla,1,1,CONCACAF Nations League,Basseterre,Saint Kitts and Nevis,TRUE
2022-06-05,Portugal,Switzerland,4,0,UEFA Nations League,Lisbon,Portugal,FALSE
2022-06-05,Czech Republic,Spain,2,2,UEFA Nations League,Prague,Czech Republic,FALSE
2022-06-05,Serbia,Slovenia,4,1,UEFA Nations League,Belgrade,Serbia,FALSE
2022-06-05,Sweden,Norway,1,2,UEFA Nations League,Stockholm,Sweden,FALSE
2022-06-05,Cyprus,Northern Ireland,0,0,UEFA Nations League,Larnaca,Cyprus,FALSE
2022-06-05,Kosovo,Greece,0,1,UEFA Nations League,Pristina,Kosovo,FALSE
2022-06-05,Gibraltar,North Macedonia,0,2,UEFA Nations League,Gibraltar,Gibraltar,FALSE
2022-06-05,Bulgaria,Georgia,2,5,UEFA Nations League,Razgrad,Bulgaria,FALSE
2022-06-05,San Marino,Malta,0,2,UEFA Nations League,Serravalle,San Marino,FALSE
2022-06-05,Argentina,Estonia,5,0,Friendly,Pamplona,Spain,TRUE
2022-06-05,Mexico,Ecuador,0,0,Friendly,Chicago,United States,TRUE
2022-06-05,Peru,New Zealand,1,0,Friendly,Barcelona,Spain,TRUE
2022-06-05,Saudi Arabia,Colombia,0,1,Friendly,Murcia,Spain,TRUE
2022-06-05,United States,Uruguay,0,0,Friendly,Kansas City,United States,FALSE
2022-06-06,Equatorial Guinea,Libya,2,0,African Cup of Nations qualification,Malabo,Equatorial Guinea,FALSE
2022-06-06,Honduras,Curaçao,1,2,CONCACAF Nations League,San Pedro Sula,Honduras,FALSE
2022-06-06,Saint Vincent and the Grenadines,Nicaragua,2,2,CONCACAF Nations League,Kingstown,Saint Vincent and the Grenadines,FALSE
2022-06-06,Trinidad and Tobago,Bahamas,1,0,CONCACAF Nations League,Port of Spain,Trinidad and Tobago,FALSE
2022-06-06,Bonaire,Sint Maarten,2,2,CONCACAF Nations League,Willemstad,Curaçao,TRUE
2022-06-06,United States Virgin Islands,Turks and Caicos Islands,3,2,CONCACAF Nations League,Saint Croix,United States Virgin Islands,FALSE
2022-06-06,Aruba,Saint Martin,3,0,CONCACAF Nations League,Willemstad,Curaçao,TRUE
2022-06-06,Cayman Islands,British Virgin Islands,1,1,CONCACAF Nations League,George Town,Cayman Islands,FALSE
2022-06-06,Austria,Denmark,1,2,UEFA Nations League,Vienna,Austria,FALSE
2022-06-06,Croatia,France,1,1,UEFA Nations League,Split,Croatia,FALSE
2022-06-06,Iceland,Albania,1,1,UEFA Nations League,Reykjavík,Iceland,FALSE
2022-06-06,Belarus,Azerbaijan,0,0,UEFA Nations League,Novi Sad,Serbia,TRUE
2022-06-06,Slovakia,Kazakhstan,0,1,UEFA Nations League,Trnava,Slovakia,FALSE
2022-06-06,Latvia,Liechtenstein,1,0,UEFA Nations League,Riga,Latvia,FALSE
2022-06-06,Andorra,Moldova,0,0,UEFA Nations League,Andorra la Vella,Andorra,FALSE
2022-06-06,South Korea,Chile,2,0,Friendly,Daejeon,South Korea,FALSE
2022-06-06,Japan,Brazil,0,1,Friendly,Tokyo,Japan,FALSE
2022-06-07,Eswatini,Burkina Faso,1,3,African Cup of Nations qualification,Johannesburg,South Africa,TRUE
2022-06-07,Cape Verde,Togo,2,0,African Cup of Nations qualification,Marrakech,Morocco,TRUE
2022-06-07,Zambia,Comoros,2,1,African Cup of Nations qualification,Lusaka,Zambia,FALSE
2022-06-07,Senegal,Rwanda,1,0,African Cup of Nations qualification,Diamniadio,Senegal,FALSE
2022-06-07,Jamaica,Suriname,3,1,CONCACAF Nations League,Kingston,Jamaica,FALSE
2022-06-07,Grenada,El Salvador,2,2,CONCACAF Nations League,St. George's,Grenada,FALSE
2022-06-07,Guyana,Bermuda,2,1,CONCACAF Nations League,Leonora,Guyana,FALSE
2022-06-07,Haiti,Montserrat,3,2,CONCACAF Nations League,Santo Domingo,Dominican Republic,TRUE
2022-06-07,Germany,England,1,1,UEFA Nations League,Munich,Germany,FALSE
2022-06-07,Italy,Hungary,2,1,UEFA Nations League,Cesena,Italy,FALSE
2022-06-07,Finland,Montenegro,2,0,UEFA Nations League,Helsinki,Finland,FALSE
2022-06-07,Bosnia and Herzegovina,Romania,1,0,UEFA Nations League,Zenica,Bosnia and Herzegovina,FALSE
2022-06-07,Faroe Islands,Luxembourg,0,1,UEFA Nations League,Tórshavn,Faroe Islands,FALSE
2022-06-07,Lithuania,Turkey,0,6,UEFA Nations League,Vilnius,Lithuania,FALSE
2022-06-07,United Arab Emirates,Australia,1,2,FIFA World Cup qualification,Al Rayyan,Qatar,TRUE
2022-06-08,Kuwait,Indonesia,1,2,AFC Asian Cup qualification,Kuwait City,Kuwait,FALSE
2022-06-08,Jordan,Nepal,2,0,AFC Asian Cup qualification,Kuwait City,Kuwait,TRUE
2022-06-08,Philippines,Yemen,0,0,AFC Asian Cup qualification,Ulaanbaatar,Mongolia,TRUE
2022-06-08,Mongolia,Palestine,0,1,AFC Asian Cup qualification,Ulaanbaatar,Mongolia,FALSE
2022-06-08,Thailand,Maldives,3,0,AFC Asian Cup qualification,Namangan,Uzbekistan,TRUE
2022-06-08,Uzbekistan,Sri Lanka,3,0,AFC Asian Cup qualification,Namangan,Uzbekistan,FALSE
2022-06-08,Hong Kong,Afghanistan,2,1,AFC Asian Cup qualification,Kolkota,India,TRUE
2022-06-08,India,Cambodia,2,0,AFC Asian Cup qualification,Kolkota,India,FALSE
2022-06-08,Bahrain,Bangladesh,2,0,AFC Asian Cup qualification,Kuala Lumpur,Malaysia,TRUE
2022-06-08,Malaysia,Turkmenistan,3,1,AFC Asian Cup qualification,Kuala Lumpur,Malaysia,FALSE
2022-06-08,Tajikistan,Myanmar,4,0,AFC Asian Cup qualification,Bishkek,Kyrgyzstan,TRUE
2022-06-08,Kyrgyzstan,Singapore,2,1,AFC Asian Cup qualification,Bishkek,Kyrgyzstan,FALSE
2022-06-08,Uganda,Niger,1,1,African Cup of Nations qualification,Entebbe,Uganda,FALSE
2022-06-08,Tanzania,Algeria,0,2,African Cup of Nations qualification,Dar es Salaam,Tanzania,FALSE
2022-06-08,Congo,Gambia,1,0,African Cup of Nations qualification,Brazzaville,Congo,FALSE
2022-06-08,Gabon,Mauritania,0,0,African Cup of Nations qualification,Franceville,Gabon,FALSE
2022-06-08,Sudan,DR Congo,2,1,African Cup of Nations qualification,Omdurman,Sudan,FALSE
2022-06-08,Benin,Mozambique,0,1,African Cup of Nations qualification,Cotonou,Benin,FALSE
2022-06-08,Wales,Netherlands,1,2,UEFA Nations League,Cardiff,Wales,FALSE
2022-06-08,Belgium,Poland,6,1,UEFA Nations League,Brussels,Belgium,FALSE
2022-06-08,Republic of Ireland,Ukraine,0,1,UEFA Nations League,Dublin,Republic of Ireland,FALSE
2022-06-08,Scotland,Armenia,2,0,UEFA Nations League,Glasgow,Scotland,FALSE
2022-06-09,Guinea-Bissau,São Tomé and Príncipe,5,1,African Cup of Nations qualification,Agadir,Morocco,TRUE
2022-06-09,Nigeria,Sierra Leone,2,1,African Cup of Nations qualification,Abuja,Nigeria,FALSE
2022-06-09,Burundi,Cameroon,0,1,African Cup of Nations qualification,Dar es Salaam,Tanzania,TRUE
2022-06-09,Ethiopia,Egypt,2,0,African Cup of Nations qualification,Lilongwe,Malawi,TRUE
2022-06-09,Guinea,Malawi,1,0,African Cup of Nations qualification,Conakry,Guinea,FALSE
2022-06-09,South Sudan,Mali,1,3,African Cup of Nations qualification,Entebbe,Uganda,TRUE
2022-06-09,Lesotho,Ivory Coast,0,0,African Cup of Nations qualification,Soweto,South Africa,TRUE
2022-06-09,Morocco,South Africa,2,1,African Cup of Nations qualification,Rabat,Morocco,FALSE
2022-06-09,Panama,Martinique,5,0,CONCACAF Nations League,Panama City,Panama,FALSE
2022-06-09,Canada,Curaçao,4,0,CONCACAF Nations League,Vancouver,Canada,FALSE
2022-06-09,Barbados,Guadeloupe,0,1,CONCACAF Nations League,Gros Islet,Saint Lucia,TRUE
2022-06-09,Antigua and Barbuda,Cuba,0,2,CONCACAF Nations League,Basseterre,Saint Kitts and Nevis,TRUE
2022-06-09,Belize,French Guiana,1,1,CONCACAF Nations League,Belmopan,Belize,FALSE
2022-06-09,Aruba,Saint Kitts and Nevis,2,3,CONCACAF Nations League,Willemstad,Curaçao,TRUE
2022-06-09,Dominica,Saint Lucia,0,1,CONCACAF Nations League,Roseau,Dominica,FALSE
2022-06-09,Cayman Islands,Puerto Rico,0,3,CONCACAF Nations League,George Town,Cayman Islands,FALSE
2022-06-09,Portugal,Czech Republic,2,0,UEFA Nations League,Lisbon,Portugal,FALSE
2022-06-09,Switzerland,Spain,0,1,UEFA Nations League,Geneva,Switzerland,FALSE
2022-06-09,Norway,Slovenia,0,0,UEFA Nations League,Oslo,Norway,FALSE
2022-06-09,Sweden,Serbia,0,1,UEFA Nations League,Stockholm,Sweden,FALSE
2022-06-09,Kosovo,Northern Ireland,3,2,UEFA Nations League,Pristina,Kosovo,FALSE
2022-06-09,Greece,Cyprus,3,0,UEFA Nations League,Vólos,Greece,FALSE
2022-06-09,Gibraltar,Bulgaria,1,1,UEFA Nations League,Gibraltar,Gibraltar,FALSE
2022-06-09,North Macedonia,Georgia,0,3,UEFA Nations League,Skopje,North Macedonia,FALSE
2022-06-09,Malta,Estonia,1,2,UEFA Nations League,Ta' Qali,Malta,FALSE
2022-06-09,New Zealand,Oman,0,0,Friendly,Al Rayyan,Qatar,TRUE
2022-06-09,San Marino,Iceland,0,1,Friendly,Serravalle,San Marino,FALSE
2022-06-09,Saudi Arabia,Venezuela,0,1,Friendly,Murcia,Spain,TRUE
2022-06-10,United States,Grenada,5,0,CONCACAF Nations League,Austin,United States,FALSE
2022-06-10,Saint Vincent and the Grenadines,Trinidad and Tobago,0,2,CONCACAF Nations League,Kingstown,Saint Vincent and the Grenadines,FALSE
2022-06-10,Bahamas,Nicaragua,0,2,CONCACAF Nations League,Nassau,Bahamas,FALSE
2022-06-10,Dominican Republic,Guatemala,1,1,CONCACAF Nations League,Santo Domingo,Dominican Republic,FALSE
2022-06-10,Austria,France,1,1,UEFA Nations League,Vienna,Austria,FALSE
2022-06-10,Denmark,Croatia,0,1,UEFA Nations League,Copenhagen,Denmark,FALSE
2022-06-10,Albania,Israel,1,2,UEFA Nations League,Tirana,Albania,FALSE
2022-06-10,Azerbaijan,Slovakia,0,1,UEFA Nations League,Mardakan,Azerbaijan,FALSE
2022-06-10,Belarus,Kazakhstan,1,1,UEFA Nations League,Novi Sad,Serbia,TRUE
2022-06-10,Moldova,Latvia,2,4,UEFA Nations League,Chișinău,Moldova,FALSE
2022-06-10,Andorra,Liechtenstein,2,1,UEFA Nations League,Andorra la Vella,Andorra,FALSE
2022-06-10,South Korea,Paraguay,2,2,Friendly,Suwon,South Korea,FALSE
2022-06-11,Kuwait,Nepal,4,1,AFC Asian Cup qualification,Kuwait City,Kuwait,FALSE
2022-06-11,Indonesia,Jordan,0,1,AFC Asian Cup qualification,Kuwait City,Kuwait,TRUE
2022-06-11,Mongolia,Philippines,0,1,AFC Asian Cup qualification,Ulaanbaatar,Mongolia,FALSE
2022-06-11,Yemen,Palestine,0,5,AFC Asian Cup qualification,Ulaanbaatar,Mongolia,TRUE
2022-06-11,Sri Lanka,Thailand,0,2,AFC Asian Cup qualification,Namangan,Uzbekistan,TRUE
2022-06-11,Uzbekistan,Maldives,4,0,AFC Asian Cup qualification,Namangan,Uzbekistan,FALSE
2022-06-11,Cambodia,Hong Kong,0,3,AFC Asian Cup qualification,Kolkota,India,TRUE
2022-06-11,India,Afghanistan,2,1,AFC Asian Cup qualification,Kolkota,India,FALSE
2022-06-11,Bangladesh,Turkmenistan,1,2,AFC Asian Cup qualification,Kuala Lumpur,Malaysia,TRUE
2022-06-11,Malaysia,Bahrain,1,2,AFC Asian Cup qualification,Kuala Lumpur,Malaysia,FALSE
2022-06-11,Singapore,Tajikistan,0,1,AFC Asian Cup qualification,Bishkek,Kyrgyzstan,TRUE
2022-06-11,Kyrgyzstan,Myanmar,2,0,AFC Asian Cup qualification,Bishkek,Kyrgyzstan,FALSE
2022-06-11,Mexico,Suriname,3,0,CONCACAF Nations League,Torreón,Mexico,FALSE
2022-06-11,Guyana,Haiti,2,6,CONCACAF Nations League,Leonora,Guyana,FALSE
2022-06-11,Montserrat,Bermuda,3,2,CONCACAF Nations League,Santo Domingo,Dominican Republic,TRUE
2022-06-11,United States Virgin Islands,Bonaire,0,2,CONCACAF Nations League,Saint Croix,United States Virgin Islands,FALSE
2022-06-11,Sint Maarten,Turks and Caicos Islands,8,2,CONCACAF Nations League,Willemstad,Curaçao,TRUE
2022-06-11,England,Italy,0,0,UEFA Nations League,Wolverhampton,England,FALSE
2022-06-11,Hungary,Germany,1,1,UEFA Nations League,Budapest,Hungary,FALSE
2022-06-11,Wales,Belgium,1,1,UEFA Nations League,Cardiff,Wales,FALSE
2022-06-11,Netherlands,Poland,2,2,UEFA Nations League,Rotterdam,Netherlands,FALSE
2022-06-11,Ukraine,Armenia,3,0,UEFA Nations League,Łódź,Poland,TRUE
2022-06-11,Republic of Ireland,Scotland,3,0,UEFA Nations League,Dublin,Republic of Ireland,FALSE
2022-06-11,Montenegro,Bosnia and Herzegovina,1,1,UEFA Nations League,Podgorica,Montenegro,FALSE
2022-06-11,Romania,Finland,1,0,UEFA Nations League,Bucharest,Romania,FALSE
2022-06-11,Faroe Islands,Lithuania,2,1,UEFA Nations League,Tórshavn,Faroe Islands,FALSE
2022-06-11,Luxembourg,Turkey,0,2,UEFA Nations League,Luxembourg,Luxembourg,FALSE
2022-06-11,Ecuador,Cape Verde,1,0,Friendly,Fort Lauderdale,United States,TRUE
2022-06-11,Uruguay,Panama,5,0,Friendly,Montevideo,Uruguay,FALSE
2022-06-12,Martinique,Panama,0,0,CONCACAF Nations League,Fort-de-France,Martinique,FALSE
2022-06-12,Cuba,Antigua and Barbuda,3,1,CONCACAF Nations League,Santiago,Cuba,FALSE
2022-06-12,Guadeloupe,Barbados,2,1,CONCACAF Nations League,Les Abymes,Guadeloupe,FALSE
2022-06-12,Saint Kitts and Nevis,Saint Martin,1,1,CONCACAF Nations League,Basseterre,Saint Kitts and Nevis,FALSE
2022-06-12,Saint Lucia,Anguilla,2,0,CONCACAF Nations League,Gros Islet,Saint Lucia,FALSE
2022-06-12,Puerto Rico,British Virgin Islands,6,0,CONCACAF Nations League,Mayagüez,Puerto Rico,FALSE
2022-06-12,Spain,Czech Republic,2,0,UEFA Nations League,Málaga,Spain,FALSE
2022-06-12,Switzerland,Portugal,1,0,UEFA Nations League,Geneva,Switzerland,FALSE
2022-06-12,Norway,Sweden,3,2,UEFA Nations League,Oslo,Norway,FALSE
2022-06-12,Slovenia,Serbia,2,2,UEFA Nations League,Ljubljana,Slovenia,FALSE
2022-06-12,Northern Ireland,Cyprus,2,2,UEFA Nations League,Belfast,Northern Ireland,FALSE
2022-06-12,Greece,Kosovo,2,0,UEFA Nations League,Vólos,Greece,FALSE
2022-06-12,North Macedonia,Gibraltar,4,0,UEFA Nations League,Skopje,North Macedonia,FALSE
2022-06-12,Georgia,Bulgaria,0,0,UEFA Nations League,Tbilisi,Georgia,FALSE
2022-06-12,Malta,San Marino,1,0,UEFA Nations League,Ta' Qali,Malta,FALSE
2022-06-12,Iran,Algeria,1,2,Friendly,Doha,Qatar,TRUE
2022-06-13,Australia,Peru,0,0,FIFA World Cup qualification,Al Rayyan,Qatar,TRUE
2022-06-13,São Tomé and Príncipe,Nigeria,0,10,African Cup of Nations qualification,Agadir,Morocco,TRUE
2022-06-13,Sierra Leone,Guinea-Bissau,2,2,African Cup of Nations qualification,Conakry,Guinea,TRUE
2022-06-13,Morocco,Liberia,2,0,African Cup of Nations qualification,Casablanca,Morocco,FALSE
2022-06-13,Honduras,Canada,2,1,CONCACAF Nations League,San Pedro Sula,Honduras,FALSE
2022-06-13,Nicaragua,Bahamas,4,0,CONCACAF Nations League,Managua,Nicaragua,FALSE
2022-06-13,Trinidad and Tobago,Saint Vincent and the Grenadines,4,1,CONCACAF Nations League,Port of Spain,Trinidad and Tobago,FALSE
2022-06-13,Guatemala,Dominican Republic,2,0,CONCACAF Nations League,Guatemala City,Guatemala,FALSE
2022-06-13,Denmark,Austria,2,0,UEFA Nations League,Copenhagen,Denmark,FALSE
2022-06-13,France,Croatia,0,1,UEFA Nations League,Paris,France,FALSE
2022-06-13,Iceland,Israel,2,2,UEFA Nations League,Reykjavík,Iceland,FALSE
2022-06-13,Azerbaijan,Belarus,2,0,UEFA Nations League,Mardakan,Azerbaijan,FALSE
2022-06-13,Kazakhstan,Slovakia,2,1,UEFA Nations League,Nur-Sultan,Kazakhstan,FALSE
2022-06-13,Albania,Estonia,0,0,Friendly,Tirana,Albania,FALSE
2022-06-14,Costa Rica,New Zealand,1,0,FIFA World Cup qualification,Al Rayyan,Qatar,TRUE
2022-06-14,Kuwait,Jordan,0,3,AFC Asian Cup qualification,Kuwait City,Kuwait,FALSE
2022-06-14,Indonesia,Nepal,7,0,AFC Asian Cup qualification,Kuwait City,Kuwait,TRUE
2022-06-14,Palestine,Philippines,4,0,AFC Asian Cup qualification,Ulaanbaatar,Mongolia,TRUE
2022-06-14,Mongolia,Yemen,2,0,AFC Asian Cup qualification,Ulaanbaatar,Mongolia,FALSE
2022-06-14,Maldives,Sri Lanka,1,0,AFC Asian Cup qualification,Namangan,Uzbekistan,TRUE
2022-06-14,Uzbekistan,Thailand,2,0,AFC Asian Cup qualification,Namangan,Uzbekistan,FALSE
2022-06-14,Afghanistan,Cambodia,2,2,AFC Asian Cup qualification,Kolkota,India,TRUE
2022-06-14,India,Hong Kong,4,0,AFC Asian Cup qualification,Kolkota,India,FALSE
2022-06-14,Bahrain,Turkmenistan,1,0,AFC Asian Cup qualification,Kuala Lumpur,Malaysia,TRUE
2022-06-14,Malaysia,Bangladesh,4,1,AFC Asian Cup qualification,Kuala Lumpur,Malaysia,FALSE
2022-06-14,Myanmar,Singapore,2,6,AFC Asian Cup qualification,Bishkek,Kyrgyzstan,TRUE
2022-06-14,Kyrgyzstan,Tajikistan,0,0,AFC Asian Cup qualification,Bishkek,Kyrgyzstan,FALSE
2022-06-14,Jamaica,Mexico,1,1,CONCACAF Nations League,Kingston,Jamaica,FALSE
2022-06-14,El Salvador,United States,1,1,CONCACAF Nations League,San Salvador,El Salvador,FALSE
2022-06-14,Haiti,Guyana,6,0,CONCACAF Nations League,Santo Domingo,Dominican Republic,TRUE
2022-06-14,French Guiana,Belize,1,0,CONCACAF Nations League,Cayenne,French Guiana,FALSE
2022-06-14,Bonaire,United States Virgin Islands,2,0,CONCACAF Nations League,Willemstad,Curaçao,TRUE
2022-06-14,Turks and Caicos Islands,Sint Maarten,2,0,CONCACAF Nations League,Providenciales,Turks and Caicos Islands,FALSE
2022-06-14,England,Hungary,0,4,UEFA Nations League,Wolverhampton,England,FALSE
2022-06-14,Germany,Italy,5,2,UEFA Nations League,Mönchengladbach,Germany,FALSE
2022-06-14,Netherlands,Wales,3,2,UEFA Nations League,Rotterdam,Netherlands,FALSE
2022-06-14,Poland,Belgium,0,1,UEFA Nations League,Warsaw,Poland,FALSE
2022-06-14,Armenia,Scotland,1,4,UEFA Nations League,Yerevan,Armenia,FALSE
2022-06-14,Ukraine,Republic of Ireland,1,1,UEFA Nations League,Łódź,Poland,TRUE
2022-06-14,Bosnia and Herzegovina,Finland,3,2,UEFA Nations League,Zenica,Bosnia and Herzegovina,FALSE
2022-06-14,Romania,Montenegro,0,3,UEFA Nations League,Bucharest,Romania,FALSE
2022-06-14,Luxembourg,Faroe Islands,2,2,UEFA Nations League,Luxembourg,Luxembourg,FALSE
2022-06-14,Turkey,Lithuania,2,0,UEFA Nations League,İzmir,Turkey,FALSE
2022-06-14,Moldova,Andorra,2,1,UEFA Nations League,Chișinău,Moldova,FALSE
2022-06-14,Liechtenstein,Latvia,0,2,UEFA Nations League,Vaduz,Liechtenstein,FALSE
2022-06-14,South Korea,Egypt,4,1,Friendly,Seoul,South Korea,FALSE
2022-07-16,Elba Island,Raetia,5,0,Friendly,Capoliveri,Italy,FALSE
2022-08-07,Raetia,Tibet,3,3,Friendly,Chur,Switzerland,FALSE
2022-08-31,Mexico,Paraguay,0,1,Friendly,Atlanta,United States,TRUE
2022-09-21,Brunei,Maldives,0,3,Friendly,Bandar Seri Begawan,Brunei,FALSE
2022-09-21,Hong Kong,Myanmar,2,0,Friendly,Hong Kong,Hong Kong,FALSE
2022-09-21,Libya,Uganda,0,0,Friendly,Benghazi,Libya,FALSE
2022-09-21,San Marino,Seychelles,0,0,Friendly,Serravalle,San Marino,FALSE
2022-09-21,Vietnam,Singapore,4,0,Friendly,Ho Chi Minh City,Vietnam,FALSE
2022-09-21,Scotland,Ukraine,3,0,UEFA Nations League,Glasgow,Scotland,FALSE
2022-09-22,Australia,New Zealand,1,0,Friendly,Brisbane,Australia,FALSE
2022-09-22,Cambodia,Bangladesh,0,1,Friendly,Phnom Penh,Cambodia,FALSE
2022-09-22,Comoros,Tunisia,0,1,Friendly,Orléans,France,TRUE
2022-09-22,Iceland,Venezuela,1,0,Friendly,Maria Enzersdorf,Austria,TRUE
2022-09-22,Suriname,Nicaragua,2,1,Friendly,Almere,Netherlands,TRUE
2022-09-22,Croatia,Denmark,2,1,UEFA Nations League,Zagreb,Croatia,FALSE
2022-09-22,France,Austria,2,0,UEFA Nations League,Paris,France,FALSE
2022-09-22,Belgium,Wales,2,1,UEFA Nations League,Brussels,Belgium,FALSE
2022-09-22,Poland,Netherlands,0,2,UEFA Nations League,Warsaw,Poland,FALSE
2022-09-22,Lithuania,Faroe Islands,1,1,UEFA Nations League,Vilnius,Lithuania,FALSE
2022-09-22,Turkey,Luxembourg,3,3,UEFA Nations League,Istanbul,Turkey,FALSE
2022-09-22,Kazakhstan,Belarus,2,1,UEFA Nations League,Astana,Kazakhstan,FALSE
2022-09-22,Slovakia,Azerbaijan,1,2,UEFA Nations League,Trnava,Slovakia,FALSE
2022-09-22,Latvia,Moldova,1,2,UEFA Nations League,Riga,Latvia,FALSE
2022-09-22,Liechtenstein,Andorra,0,2,UEFA Nations League,Vaduz,Liechtenstein,FALSE
2022-09-23,Algeria,Guinea,1,0,Friendly,Oran,Algeria,FALSE
2022-09-23,Argentina,Honduras,3,0,Friendly,Miami Gardens,United States,TRUE
2022-09-23,Bahrain,Cape Verde,1,2,Friendly,Riffa,Bahrain,FALSE
2022-09-23,Brazil,Ghana,3,0,Friendly,Le Havre,France,TRUE
2022-09-23,Cameroon,Uzbekistan,0,2,Friendly,Goyang,South Korea,TRUE
2022-09-23,Canada,Qatar,2,0,Friendly,Vienna,Austria,TRUE
2022-09-23,DR Congo,Burkina Faso,0,1,Friendly,Casablanca,Morocco,TRUE
2022-09-23,Egypt,Niger,3,0,Friendly,Alexandria,Egypt,FALSE
2022-09-23,Iran,Uruguay,1,0,Friendly,Sankt Pölten,Austria,TRUE
2022-09-23,South Korea,Costa Rica,2,2,Friendly,Goyang,South Korea,FALSE
2022-09-23,Mali,Zambia,1,0,Friendly,Bamako,Mali,FALSE
2022-09-23,Morocco,Chile,2,0,Friendly,Barcelona,Spain,TRUE
2022-09-23,Paraguay,United Arab Emirates,1,0,Friendly,Wiener Neustadt,Austria,TRUE
2022-09-23,Rwanda,Equatorial Guinea,0,0,Friendly,Berrechid,Egypt,TRUE
2022-09-23,Saudi Arabia,Ecuador,0,0,Friendly,Murcia,Spain,TRUE
2022-09-23,Germany,Hungary,0,1,UEFA Nations League,Leipzig,Germany,FALSE
2022-09-23,Italy,England,1,0,UEFA Nations League,Milan,Italy,FALSE
2022-09-23,Bosnia and Herzegovina,Montenegro,1,0,UEFA Nations League,Zenica,Bosnia and Herzegovina,FALSE
2022-09-23,Finland,Romania,1,1,UEFA Nations League,Helsinki,Finland,FALSE
2022-09-23,Georgia,North Macedonia,2,0,UEFA Nations League,Tbilisi,Georgia,FALSE
2022-09-23,Bulgaria,Gibraltar,5,1,UEFA Nations League,Razgrad,Bulgaria,FALSE
2022-09-23,Estonia,Malta,2,1,UEFA Nations League,Tallinn,Estonia,FALSE
2022-09-24,Bolivia,Senegal,0,2,Friendly,Orléans,France,TRUE
2022-09-24,Colombia,Guatemala,4,1,Friendly,Harrison,United States,TRUE
2022-09-24,Grenada,Saint Vincent and the Grenadines,1,3,Friendly,Carriacou,Grenada,FALSE
2022-09-24,Hong Kong,Myanmar,0,0,Friendly,Hong Kong,Hong Kong,FALSE
2022-09-24,India,Singapore,1,1,Friendly,Ho Chi Minh City,Vietnam,TRUE
2022-09-24,Indonesia,Curaçao,3,2,Friendly,Bandung,Indonesia,FALSE
2022-09-24,Ivory Coast,Togo,2,1,Friendly,Rouen,France,TRUE
2022-09-24,Laos,Maldives,1,3,Friendly,Bandar Seri Begawan,Brunei,TRUE
2022-09-24,Madagascar,Congo,3,3,Friendly,Mohammedia,Morocco,TRUE
2022-09-24,Mauritania,Benin,1,0,Friendly,Mohammedia,Morocco,TRUE
2022-09-24,Mexico,Peru,1,0,Friendly,Pasadena,United States,TRUE
2022-09-24,South Africa,Sierra Leone,4,0,Friendly,Johannesburg,South Africa,FALSE
2022-09-24,Tanzania,Uganda,1,0,Friendly,Benghazi,Libya,TRUE
2022-09-24,Kyrgyzstan,Russia,1,2,Friendly,Bishkek,Kyrgyzstan,FALSE
2022-09-24,Czech Republic,Portugal,0,4,UEFA Nations League,Prague,Czech Republic,FALSE
2022-09-24,Spain,Switzerland,1,2,UEFA Nations League,Zaragoza,Spain,FALSE
2022-09-24,Armenia,Ukraine,0,5,UEFA Nations League,Yerevan,Armenia,FALSE
2022-09-24,Scotland,Republic of Ireland,2,1,UEFA Nations League,Glasgow,Scotland,FALSE
2022-09-24,Israel,Albania,2,1,UEFA Nations League,Tel Aviv,Israel,FALSE
2022-09-24,Slovenia,Norway,2,1,UEFA Nations League,Ljubljana,Slovenia,FALSE
2022-09-24,Serbia,Sweden,4,1,UEFA Nations League,Belgrade,Serbia,FALSE
2022-09-24,Northern Ireland,Kosovo,2,1,UEFA Nations League,Belfast,Northern Ireland,FALSE
2022-09-24,Cyprus,Greece,1,0,UEFA Nations League,Larnaca,Cyprus,FALSE
2022-09-25,New Zealand,Australia,0,2,Friendly,Auckland,New Zealand,FALSE
2022-09-25,Niger,Liberia,0,0,Friendly,Cairo,Egypt,TRUE
2022-09-25,Austria,Croatia,1,3,UEFA Nations League,Vienna,Austria,FALSE
2022-09-25,Denmark,France,2,0,UEFA Nations League,Copenhagen,Denmark,FALSE
2022-09-25,Wales,Poland,0,1,UEFA Nations League,Cardiff,Wales,FALSE
2022-09-25,Netherlands,Belgium,1,0,UEFA Nations League,Amsterdam,Netherlands,FALSE
2022-09-25,Faroe Islands,Turkey,2,1,UEFA Nations League,Tórshavn,Faroe Islands,FALSE
2022-09-25,Luxembourg,Lithuania,1,0,UEFA Nations League,Luxembourg,Luxembourg,FALSE
2022-09-25,Slovakia,Belarus,1,1,UEFA Nations League,Bačka Topola,Serbia,TRUE
2022-09-25,Azerbaijan,Kazakhstan,3,0,UEFA Nations League,Baku,Azerbaijan,FALSE
2022-09-25,Andorra,Latvia,1,1,UEFA Nations League,Andorra la Vella,Andorra,FALSE
2022-09-25,Moldova,Liechtenstein,2,0,UEFA Nations League,Chișinău,Moldova,FALSE
2022-09-26,Ethiopia,Sudan,2,2,Friendly,Addis Ababa,Ethiopia,FALSE
2022-09-26,England,Germany,3,3,UEFA Nations League,London,England,FALSE
2022-09-26,Hungary,Italy,0,2,UEFA Nations League,Budapest,Hungary,FALSE
2022-09-26,Montenegro,Finland,0,2,UEFA Nations League,Podgorica,Montenegro,FALSE
2022-09-26,Romania,Bosnia and Herzegovina,4,1,UEFA Nations League,Bucharest,Romania,FALSE
2022-09-26,Gibraltar,Georgia,1,2,UEFA Nations League,Gibraltar,Gibraltar,FALSE
2022-09-26,North Macedonia,Bulgaria,0,1,UEFA Nations League,Skopje,North Macedonia,FALSE
2022-09-26,San Marino,Estonia,0,4,UEFA Nations League,Serravalle,San Marino,FALSE
2022-09-27,Algeria,Nigeria,2,1,Friendly,Oran,Algeria,FALSE
2022-09-27,Argentina,Jamaica,3,0,Friendly,Harrison,United States,TRUE
2022-09-27,Bahrain,Panama,0,2,Friendly,Riffa,Bahrain,FALSE
2022-09-27,Brazil,Tunisia,5,1,Friendly,Paris,France,TRUE
2022-09-27,Brunei,Laos,1,0,Friendly,Bandar Seri Begawan,Brunei,FALSE
2022-09-27,Burkina Faso,Comoros,2,1,Friendly,Casablanca,Morocco,TRUE
2022-09-27,Canada,Uruguay,0,2,Friendly,Bratislava,Slovakia,TRUE
2022-09-27,DR Congo,Sierra Leone,3,0,Friendly,Casablanca,Morocco,TRUE
2022-09-27,Costa Rica,Uzbekistan,2,1,Friendly,Suwon,South Korea,TRUE
2022-09-27,Egypt,Liberia,3,0,Friendly,Alexandria,Egypt,FALSE
2022-09-27,Equatorial Guinea,Togo,2,2,Friendly,Casablanca,Morocco,TRUE
2022-09-27,Ghana,Nicaragua,1,0,Friendly,Lorca,Spain,TRUE
2022-09-27,Honduras,Guatemala,2,1,Friendly,Houston,United States,TRUE
2022-09-27,Indonesia,Curaçao,2,1,Friendly,Cibinong,Indonesia,FALSE
2022-09-27,Iran,Senegal,1,1,Friendly,Maria Enzersdorf,Austria,TRUE
2022-09-27,Ivory Coast,Guinea,3,1,Friendly,Amiens,France,TRUE
2022-09-27,South Korea,Cameroon,1,0,Friendly,Seoul,South Korea,FALSE
2022-09-27,Libya,Tanzania,2,1,Friendly,Benghazi,Libya,FALSE
2022-09-27,Madagascar,Benin,3,1,Friendly,Mohammedia,Morocco,TRUE
2022-09-27,Malta,Israel,2,1,Friendly,Ta' Qali,Malta,FALSE
2022-09-27,Mauritania,Congo,2,0,Friendly,Mohammedia,Morocco,TRUE
2022-09-27,Mexico,Colombia,2,3,Friendly,Santa Clara,United States,TRUE
2022-09-27,Nepal,Bangladesh,3,1,Friendly,Kathmandu,Nepal,FALSE
2022-09-27,Paraguay,Morocco,0,0,Friendly,Seville,Spain,TRUE
2022-09-27,Peru,El Salvador,4,1,Friendly,"Washington, D.C.",United States,TRUE
2022-09-27,Qatar,Chile,2,2,Friendly,Vienna,Austria,TRUE
2022-09-27,Saudi Arabia,United States,0,0,Friendly,Murcia,Spain,TRUE
2022-09-27,South Africa,Botswana,1,0,Friendly,Johannesburg,South Africa,FALSE
2022-09-27,United Arab Emirates,Venezuela,0,4,Friendly,Wiener Neustadt,Austria,TRUE
2022-09-27,Vietnam,India,3,0,Friendly,Ho Chi Minh City,Vietnam,FALSE
2022-09-27,Portugal,Spain,0,1,UEFA Nations League,Braga,Portugal,FALSE
2022-09-27,Switzerland,Czech Republic,2,1,UEFA Nations League,St. Gallen,Switzerland,FALSE
2022-09-27,Republic of Ireland,Armenia,3,2,UEFA Nations League,Dublin,Republic of Ireland,FALSE
2022-09-27,Ukraine,Scotland,0,0,UEFA Nations League,Kraków,Poland,TRUE
2022-09-27,Albania,Iceland,1,1,UEFA Nations League,Tirana,Albania,FALSE
2022-09-27,Norway,Serbia,0,2,UEFA Nations League,Oslo,Norway,FALSE
2022-09-27,Sweden,Slovenia,1,1,UEFA Nations League,Stockholm,Sweden,FALSE
2022-09-27,Kosovo,Cyprus,5,1,UEFA Nations League,Pristina,Kosovo,FALSE
2022-09-27,Greece,Northern Ireland,3,1,UEFA Nations League,Athens,Greece,FALSE
2022-10-01,Saint Vincent and the Grenadines,Grenada,1,5,Friendly,Kingstown,Saint Vincent and the Grenadines,FALSE
2022-10-22,Saudi Arabia,North Macedonia,1,0,Friendly,Abu Dhabi,United Arab Emirates,TRUE
2022-10-23,Qatar,Guatemala,2,0,Friendly,Málaga,Spain,TRUE
2022-10-26,Saudi Arabia,Albania,1,1,Friendly,Abu Dhabi,United Arab Emirates,TRUE
2022-10-27,Qatar,Honduras,1,0,Friendly,Marbella,Spain,TRUE
2022-10-30,Saudi Arabia,Honduras,0,0,Friendly,Abu Dhabi,United Arab Emirates,TRUE
2022-11-06,Saudi Arabia,Iceland,1,0,Friendly,Abu Dhabi,United Arab Emirates,TRUE
2022-11-07,Qatar,Panama,2,1,Friendly,Marbella,Spain,TRUE
2022-11-09,Albania,Qatar,0,1,Friendly,Marbella,Spain,TRUE
2022-11-09,Cameroon,Jamaica,1,1,Friendly,Yaoundé,Cameroon,FALSE
2022-11-09,Costa Rica,Nigeria,2,0,Friendly,San José,Costa Rica,FALSE
2022-11-09,Mexico,Iraq,4,0,Friendly,Girona,Spain,TRUE
2022-11-10,Iran,Nicaragua,1,0,Friendly,Tehran,Iran,FALSE
2022-11-10,Saudi Arabia,Panama,1,1,Friendly,Abu Dhabi,United Arab Emirates,TRUE
2022-11-11,Bahrain,Canada,2,2,Friendly,Isa Town,Bahrain,FALSE
2022-11-11,South Korea,Iceland,1,0,Friendly,Hwaseong,South Korea,FALSE
2022-11-12,Iraq,Ecuador,0,0,Friendly,Madrid,Spain,TRUE
2022-11-13,Syria,Algeria,0,1,Friendly,Sharjah,United Arab Emirates,TRUE
2022-11-13,West Papua,Raetia,1,1,Friendly,The Hague,Netherlands,TRUE
2022-11-15,Venezuela,Panama,2,2,Friendly,Al Hamriyah,United Arab Emirates,TRUE
2022-11-16,Albania,Italy,1,3,Friendly,Tirana,Albania,FALSE
2022-11-16,Algeria,Mali,1,1,Friendly,Oran,Algeria,FALSE
2022-11-16,Andorra,Austria,0,1,Friendly,Málaga,Spain,TRUE
2022-11-16,Cyprus,Bulgaria,0,2,Friendly,Larnaca,Cyprus,FALSE
2022-11-16,Czech Republic,Faroe Islands,5,0,Friendly,Olomouc,Czech Republic,FALSE
2022-11-16,Dominican Republic,Cuba,2,4,Friendly,Santiago de los Caballeros,Dominican Republic,FALSE
2022-11-16,Gibraltar,Liechtenstein,2,0,Friendly,Gibraltar,Gibraltar,FALSE
2022-11-16,Iran,Tunisia,0,2,Friendly,Doha,Qatar,TRUE
2022-11-16,Ivory Coast,Burundi,4,0,Friendly,Marrakech,Morocco,TRUE
2022-11-16,Kosovo,Armenia,2,2,Friendly,Pristina,Kosovo,FALSE
2022-11-16,Mexico,Sweden,1,2,Friendly,Girona,Spain,TRUE
2022-11-16,Moldova,Azerbaijan,1,2,Friendly,Chișinău,Moldova,FALSE
2022-11-16,Nepal,Pakistan,1,0,Friendly,Kathmandu,Nepal,FALSE
2022-11-16,Nicaragua,El Salvador,1,0,Friendly,Managua,Nicaragua,FALSE
2022-11-16,Oman,Germany,0,1,Friendly,Muscat,Oman,FALSE
2022-11-16,Peru,Paraguay,1,0,Friendly,Lima,Peru,FALSE
2022-11-16,Poland,Chile,1,0,Friendly,Warsaw,Poland,FALSE
2022-11-16,Saudi Arabia,Croatia,0,1,Friendly,Riyadh,Saudi Arabia,FALSE
2022-11-16,Turkey,Scotland,2,1,Friendly,Diyarbakir,Turkey,FALSE
2022-11-16,United Arab Emirates,Argentina,0,5,Friendly,Abu Dhabi,United Arab Emirates,FALSE
2022-11-16,Uzbekistan,Kazakhstan,2,0,Friendly,Tashkent,Uzbekistan,FALSE
2022-11-17,Angola,Botswana,1,0,Friendly,Soweto,South Africa,TRUE
2022-11-17,Gabon,Guinea-Bissau,3,1,Friendly,Antalya,Turkey,TRUE
2022-11-17,Israel,Zambia,4,2,Friendly,Petah Tikva,Israel,FALSE
2022-11-17,Japan,Canada,1,2,Friendly,Dubai,United Arab Emirates,TRUE
2022-11-17,Jordan,Spain,1,3,Friendly,Amman,Jordan,FALSE
2022-11-17,Luxembourg,Hungary,2,2,Friendly,Luxembourg,Luxembourg,FALSE
2022-11-17,Malta,Greece,2,2,Friendly,Ta' Qali,Malta,FALSE
2022-11-17,Montenegro,Slovakia,2,2,Friendly,Podgorica,Montenegro,FALSE
2022-11-17,Morocco,Georgia,3,0,Friendly,Sharjah,United Arab Emirates,TRUE
2022-11-17,Niger,Libya,2,3,Friendly,Antalya,Turkey,TRUE
2022-11-17,North Macedonia,Finland,1,1,Friendly,Skopje,North Macedonia,FALSE
2022-11-17,Portugal,Nigeria,4,0,Friendly,Lisbon,Portugal,FALSE
2022-11-17,Republic of Ireland,Norway,1,2,Friendly,Dublin,Republic of Ireland,FALSE
2022-11-17,Romania,Slovenia,1,2,Friendly,Cluj-Napoca,Romania,FALSE
2022-11-17,Rwanda,Sudan,0,0,Friendly,Kigali,Rwanda,FALSE
2022-11-17,South Africa,Mozambique,2,1,Friendly,Mbombela,South Africa,FALSE
2022-11-17,Saint Lucia,San Marino,1,1,Friendly,Gros Islet,Saint Lucia,FALSE
2022-11-17,Switzerland,Ghana,0,2,Friendly,Abu Dhabi,United Arab Emirates,TRUE
2022-11-17,Syria,Belarus,0,1,Friendly,Dubai,United Arab Emirates,TRUE
2022-11-17,Tajikistan,Russia,0,0,Friendly,Dushanbe,Tajikistan,FALSE
2022-11-18,Bahrain,Serbia,1,5,Friendly,Arad,Bahrain,FALSE
2022-11-18,Cameroon,Panama,1,1,Friendly,Abu Dhabi,United Arab Emirates,TRUE
2022-11-18,Dominican Republic,Cuba,1,1,Friendly,San Cristóbal,Dominican Republic,FALSE
2022-11-18,Egypt,Belgium,2,1,Friendly,Kuwait City,Kuwait,TRUE
2022-11-19,Albania,Armenia,2,0,Friendly,Tirana,Albania,FALSE
2022-11-19,Colombia,Paraguay,2,0,Friendly,Fort Lauderdale,United States,TRUE
2022-11-19,Gibraltar,Andorra,1,0,Friendly,Gibraltar,Gibraltar,FALSE
2022-11-19,Guatemala,Nicaragua,3,1,Friendly,Carson,United States,TRUE
2022-11-19,Ivory Coast,Burkina Faso,1,2,Friendly,Marrakech,Morocco,TRUE
2022-11-19,Kosovo,Faroe Islands,1,1,Friendly,Pristina,Kosovo,FALSE
2022-11-19,Kuwait,Lebanon,2,0,Friendly,Dubai,United Arab Emirates,TRUE
2022-11-19,Peru,Bolivia,1,0,Friendly,Arequipa,Peru,FALSE
2022-11-19,Rwanda,Sudan,1,0,Friendly,Kigali,Rwanda,FALSE
2022-11-19,Sweden,Algeria,2,0,Friendly,Malmö,Sweden,FALSE
2022-11-19,Turkey,Czech Republic,2,1,Friendly,Gaziantep,Turkey,FALSE
2022-11-19,United Arab Emirates,Kazakhstan,2,1,Friendly,Abu Dhabi,United Arab Emirates,FALSE
2022-11-20,Austria,Italy,2,0,Friendly,Vienna,Austria,FALSE
2022-11-20,Gambia,Guinea-Bissau,0,0,Friendly,Antalya,Turkey,TRUE
2022-11-20,Hungary,Greece,2,1,Friendly,Budapest,Hungary,FALSE
2022-11-20,Israel,Cyprus,2,3,Friendly,Petah Tikva,Israel,FALSE
2022-11-20,Luxembourg,Bulgaria,0,0,Friendly,Luxembourg,Luxembourg,FALSE
2022-11-20,Malta,Republic of Ireland,0,1,Friendly,Ta' Qali,Malta,FALSE
2022-11-20,Moldova,Romania,0,5,Friendly,Chișinău,Moldova,FALSE
2022-11-20,Niger,Gabon,1,3,Friendly,Antalya,Turkey,TRUE
2022-11-20,North Macedonia,Azerbaijan,1,3,Friendly,Skopje,North Macedonia,FALSE
2022-11-20,Norway,Finland,1,1,Friendly,Oslo,Norway,FALSE
2022-11-20,Oman,Belarus,2,0,Friendly,Al Ain,United Arab Emirates,TRUE
2022-11-20,Slovakia,Chile,0,0,Friendly,Bratislava,Slovakia,FALSE
2022-11-20,Slovenia,Montenegro,1,0,Friendly,Ljubljana,Slovenia,FALSE
2022-11-20,South Africa,Angola,1,1,Friendly,Mbombela,South Africa,FALSE
2022-11-20,Saint Lucia,San Marino,1,0,Friendly,Gros Islet,Saint Lucia,FALSE
2022-11-20,Syria,Venezuela,1,2,Friendly,Dubai,United Arab Emirates,TRUE
2022-11-20,Uzbekistan,Russia,0,0,Friendly,Tashkent,Uzbekistan,FALSE
2022-11-20,Qatar,Ecuador,0,2,FIFA World Cup,Al Khor,Qatar,FALSE
2022-11-21,Senegal,Netherlands,0,2,FIFA World Cup,Doha,Qatar,TRUE
2022-11-21,England,Iran,6,2,FIFA World Cup,Al Rayyan,Qatar,TRUE
2022-11-21,United States,Wales,1,1,FIFA World Cup,Al Rayyan,Qatar,TRUE
2022-11-22,Argentina,Saudi Arabia,1,2,FIFA World Cup,Lusail,Qatar,TRUE
2022-11-22,Mexico,Poland,0,0,FIFA World Cup,Doha,Qatar,TRUE
2022-11-22,Denmark,Tunisia,0,0,FIFA World Cup,Al Rayyan,Qatar,TRUE
2022-11-22,France,Australia,4,1,FIFA World Cup,Al Wakrah,Qatar,TRUE
2022-11-23,Germany,Japan,1,2,FIFA World Cup,Al Rayyan,Qatar,TRUE
2022-11-23,Spain,Costa Rica,7,0,FIFA World Cup,Doha,Qatar,TRUE
2022-11-23,Morocco,Croatia,0,0,FIFA World Cup,Al Khor,Qatar,TRUE
2022-11-23,Belgium,Canada,1,0,FIFA World Cup,Al Rayyan,Qatar,TRUE
2022-11-24,Switzerland,Cameroon,1,0,FIFA World Cup,Al Wakrah,Qatar,TRUE
2022-11-24,Brazil,Serbia,2,0,FIFA World Cup,Lusail,Qatar,TRUE
2022-11-24,Uruguay,South Korea,0,0,FIFA World Cup,Al Rayyan,Qatar,TRUE
2022-11-24,Portugal,Ghana,3,2,FIFA World Cup,Doha,Qatar,TRUE
2022-11-25,Qatar,Senegal,1,3,FIFA World Cup,Doha,Qatar,FALSE
2022-11-25,Netherlands,Ecuador,1,1,FIFA World Cup,Al Rayyan,Qatar,TRUE
2022-11-25,Wales,Iran,0,2,FIFA World Cup,Al Rayyan,Qatar,TRUE
2022-11-25,England,United States,0,0,FIFA World Cup,Al Khor,Qatar,TRUE
2022-11-26,Poland,Saudi Arabia,2,0,FIFA World Cup,Al Rayyan,Qatar,TRUE
2022-11-26,Argentina,Mexico,2,0,FIFA World Cup,Lusail,Qatar,TRUE
2022-11-26,Tunisia,Australia,0,1,FIFA World Cup,Al Wakrah,Qatar,TRUE
2022-11-26,France,Denmark,2,1,FIFA World Cup,Doha,Qatar,TRUE
2022-11-27,Japan,Costa Rica,0,1,FIFA World Cup,Al Rayyan,Qatar,TRUE
2022-11-27,Spain,Germany,1,1,FIFA World Cup,Al Khor,Qatar,TRUE
2022-11-27,Belgium,Morocco,0,2,FIFA World Cup,Doha,Qatar,TRUE
2022-11-27,Croatia,Canada,4,1,FIFA World Cup,Al Rayyan,Qatar,TRUE
2022-11-28,Cameroon,Serbia,3,3,FIFA World Cup,Al Wakrah,Qatar,TRUE
2022-11-28,Brazil,Switzerland,1,0,FIFA World Cup,Doha,Qatar,TRUE
2022-11-28,South Korea,Ghana,2,3,FIFA World Cup,Al Rayyan,Qatar,TRUE
2022-11-28,Portugal,Uruguay,2,0,FIFA World Cup,Lusail,Qatar,TRUE
2022-11-29,Ecuador,Senegal,1,2,FIFA World Cup,Al Rayyan,Qatar,TRUE
2022-11-29,Qatar,Netherlands,0,2,FIFA World Cup,Al Khor,Qatar,FALSE
2022-11-29,Wales,England,0,3,FIFA World Cup,Al Rayyan,Qatar,TRUE
2022-11-29,Iran,United States,0,1,FIFA World Cup,Doha,Qatar,TRUE
2022-11-30,Poland,Argentina,0,2,FIFA World Cup,Doha,Qatar,TRUE
2022-11-30,Saudi Arabia,Mexico,1,2,FIFA World Cup,Lusail,Qatar,TRUE
2022-11-30,Australia,Denmark,1,0,FIFA World Cup,Al Wakrah,Qatar,TRUE
2022-11-30,Tunisia,France,1,0,FIFA World Cup,Al Rayyan,Qatar,TRUE
2022-12-01,Japan,Spain,2,1,FIFA World Cup,Al Rayyan,Qatar,TRUE
2022-12-01,Costa Rica,Germany,2,4,FIFA World Cup,Al Khor,Qatar,TRUE
2022-12-01,Croatia,Belgium,0,0,FIFA World Cup,Al Rayyan,Qatar,TRUE
2022-12-01,Canada,Morocco,1,2,FIFA World Cup,Doha,Qatar,TRUE
2022-12-02,Serbia,Switzerland,2,3,FIFA World Cup,Doha,Qatar,TRUE
2022-12-02,Cameroon,Brazil,1,0,FIFA World Cup,Lusail,Qatar,TRUE
2022-12-02,Ghana,Uruguay,0,2,FIFA World Cup,Al Wakrah,Qatar,TRUE
2022-12-02,South Korea,Portugal,2,1,FIFA World Cup,Al Rayyan,Qatar,TRUE
2022-12-03,Netherlands,United States,3,1,FIFA World Cup,Al Rayyan,Qatar,TRUE
2022-12-03,Argentina,Australia,2,1,FIFA World Cup,Al Rayyan,Qatar,TRUE
2022-12-04,France,Poland,3,1,FIFA World Cup,Doha,Qatar,TRUE
2022-12-04,England,Senegal,3,0,FIFA World Cup,Al Khor,Qatar,TRUE
2022-12-05,Japan,Croatia,1,1,FIFA World Cup,Al Wakrah,Qatar,TRUE
2022-12-05,Brazil,South Korea,4,1,FIFA World Cup,Doha,Qatar,TRUE
2022-12-06,Morocco,Spain,0,0,FIFA World Cup,Al Rayyan,Qatar,TRUE
2022-12-06,Portugal,Switzerland,6,1,FIFA World Cup,Lusail,Qatar,TRUE
2022-12-09,Croatia,Brazil,1,1,FIFA World Cup,Al Rayyan,Qatar,TRUE
2022-12-09,Netherlands,Argentina,2,2,FIFA World Cup,Lusail,Qatar,TRUE
2022-12-09,Malaysia,Cambodia,4,0,Friendly,Kuala Lumpur,Malaysia,FALSE
2022-12-10,Morocco,Portugal,1,0,FIFA World Cup,Doha,Qatar,TRUE
2022-12-10,England,France,1,2,FIFA World Cup,Al Khor,Qatar,TRUE
2022-12-11,Thailand,Myanmar,6,0,Friendly,Pathum Thani,Thailand,FALSE
2022-12-13,Argentina,Croatia,3,0,FIFA World Cup,Lusail,Qatar,TRUE
2022-12-14,France,Morocco,2,0,FIFA World Cup,Al Khor,Qatar,TRUE
2022-12-14,Malaysia,Maldives,3,0,Friendly,Kuala Lumpur,Malaysia,FALSE
2022-12-14,Thailand,Taiwan,0,1,Friendly,Pathum Thani,Thailand,FALSE
2022-12-14,Vietnam,Philippines,1,0,Friendly,Hanoi,Vietnam,FALSE
2022-12-17,Croatia,Morocco,2,1,FIFA World Cup,Al Rayyan,Qatar,TRUE
2022-12-17,Singapore,Maldives,3,1,Friendly,Singapore,Singapore,FALSE
2022-12-18,Argentina,France,3,3,FIFA World Cup,Lusail,Qatar,TRUE
2022-12-23,Oman,Syria,2,1,Friendly,Dubai,United Arab Emirates,TRUE
2022-12-30,Iraq,Kuwait,1,0,Friendly,Basra,Iraq,FALSE
2022-12-30,Oman,Syria,1,0,Friendly,Dubai,United Arab Emirates,TRUE
2022-12-30,United Arab Emirates,Lebanon,1,0,Friendly,Abu Dhabi,United Arab Emirates,FALSE
2023-01-08,Iceland,Estonia,1,1,Friendly,Albufeira,Portugal,TRUE
2023-01-09,Sweden,Finland,2,0,Friendly,Faro-Loulé,Portugal,TRUE
2023-01-12,Finland,Estonia,0,1,Friendly,Albufeira,Portugal,TRUE
2023-01-12,Sweden,Iceland,2,1,Friendly,Faro-Loulé,Portugal,TRUE
2023-01-25,United States,Serbia,1,2,Friendly,Los Angeles,United States,FALSE
2023-01-28,United States,Colombia,0,0,Friendly,Carson,United States,FALSE
2023-02-22,Grenada,Barbados,1,1,Friendly,Sauteurs,Grenada,FALSE
2023-02-26,Grenada,Barbados,2,2,Friendly,St. George's,Grenada,FALSE
2023-03-03,Grenada,Saint Lucia,1,2,Friendly,St. George's,Grenada,FALSE
2023-03-04,Saint Barthélemy,Sint Maarten,5,1,Friendly,Saint-Jean,Saint Barthélemy,FALSE
2023-03-05,Grenada,Saint Lucia,2,0,Friendly,Gouyave,Grenada,FALSE
2023-03-10,Saint Martin,Saint Barthélemy,3,2,Friendly,Quartier-d'Orleans,Saint Martin,FALSE
2023-03-11,Jamaica,Trinidad and Tobago,0,1,Friendly,Montego Bay,Jamaica,FALSE
2023-03-12,Guatemala,Panama,1,1,Friendly,San Jose,United States,TRUE
2023-03-14,Jamaica,Trinidad and Tobago,0,0,Friendly,Kingston,Jamaica,FALSE
2023-03-15,Bangladesh,Malawi,1,1,Friendly,Medina,Saudi Arabia,TRUE
2023-03-19,Ethiopia,Rwanda,1,0,Friendly,Adama,Ethiopia,FALSE
2023-03-20,Fiji,Vanuatu,1,2,Friendly,Lautoka,Fiji,FALSE
2023-03-21,Maldives,Pakistan,1,0,Friendly,Laamu,Maldives,FALSE
2023-03-21,Tahiti,New Caledonia,0,2,Friendly,Pirae,Tahiti,FALSE
2023-03-22,Honduras,El Salvador,1,0,Friendly,Los Angeles,United States,TRUE
2023-03-22,Republic of Ireland,Latvia,3,2,Friendly,Dublin,Republic of Ireland,FALSE
2023-03-22,Sierra Leone,São Tomé and Príncipe,2,2,African Cup of Nations qualification,Agadir,Morocco,TRUE
2023-03-22,Benin,Rwanda,1,1,African Cup of Nations qualification,Cotonou,Benin,FALSE
2023-03-23,Argentina,Panama,2,0,Friendly,Buenos Aires,Argentina,FALSE
2023-03-23,Hong Kong,Singapore,1,1,Friendly,Hong Kong,Hong Kong,FALSE
2023-03-23,Hungary,Estonia,1,0,Friendly,Budapest,Hungary,FALSE
2023-03-23,Iran,Russia,1,1,Friendly,Tehran,Iran,FALSE
2023-03-23,Malaysia,Turkmenistan,1,0,Friendly,Johor Bahru,Malaysia,FALSE
2023-03-23,New Zealand,China PR,0,0,Friendly,Auckland,New Zealand,FALSE
2023-03-23,Solomon Islands,Vanuatu,2,0,Friendly,Lautoka,Fiji,TRUE
2023-03-23,Madagascar,Central African Republic,0,3,African Cup of Nations qualification,Antananarivo,Madagascar,FALSE
2023-03-23,Ghana,Angola,1,0,African Cup of Nations qualification,Kumasi,Ghana,FALSE
2023-03-23,Algeria,Niger,2,1,African Cup of Nations qualification,Algiers,Algeria,FALSE
2023-03-23,Congo,South Sudan,1,2,African Cup of Nations qualification,Brazzaville,Congo,FALSE
2023-03-23,Zambia,Lesotho,3,1,African Cup of Nations qualification,Ndola,Zambia,FALSE
2023-03-23,Gabon,Sudan,1,0,African Cup of Nations qualification,Franceville,Gabon,FALSE
2023-03-23,Italy,England,1,2,UEFA Euro qualification,Napoli,Italy,FALSE
2023-03-23,North Macedonia,Malta,2,1,UEFA Euro qualification,Skopje,North Macedonia,FALSE
2023-03-23,Denmark,Finland,3,1,UEFA Euro qualification,Copenhagen,Denmark,FALSE
2023-03-23,San Marino,Northern Ireland,0,2,UEFA Euro qualification,Serravalle,San Marino,FALSE
2023-03-23,Kazakhstan,Slovenia,1,2,UEFA Euro qualification,Astana,Kazakhstan,FALSE
2023-03-23,Portugal,Liechtenstein,4,0,UEFA Euro qualification,Lisbon,Portugal,FALSE
2023-03-23,Bosnia and Herzegovina,Iceland,3,0,UEFA Euro qualification,Zenica,Bosnia and Herzegovina,FALSE
2023-03-23,Slovakia,Luxembourg,0,0,UEFA Euro qualification,Trnava,Slovakia,FALSE
2023-03-23,Suriname,Mexico,0,2,CONCACAF Nations League,Paramaribo,Suriname,FALSE
2023-03-23,Barbados,Cuba,0,1,CONCACAF Nations League,Bridgetown,Barbados,FALSE
2023-03-23,Guadeloupe,Antigua and Barbuda,0,1,CONCACAF Nations League,Les Abymes,Guadeloupe,FALSE
2023-03-23,French Guiana,Dominican Republic,1,1,CONCACAF Nations League,Cayenne,French Guiana,FALSE
2023-03-23,Saint Martin,Saint Kitts and Nevis,1,3,CONCACAF Nations League,The Valley,Anguilla,TRUE
2023-03-23,British Virgin Islands,Puerto Rico,1,3,CONCACAF Nations League,Road Town,British Virgin Islands,FALSE
2023-03-24,Australia,Ecuador,3,1,Friendly,Sydney,Australia,FALSE
2023-03-24,Japan,Uruguay,1,1,Friendly,Tokyo,Japan,FALSE
2023-03-24,South Korea,Colombia,2,2,Friendly,Ulsan,South Korea,FALSE
2023-03-24,Kuwait,Philippines,2,0,Friendly,Kuwait City,Kuwait,FALSE
2023-03-24,Saudi Arabia,Venezuela,1,2,Friendly,Jeddah,Saudi Arabia,FALSE
2023-03-24,Tahiti,New Caledonia,2,1,Friendly,Pirae,Tahiti,FALSE
2023-03-24,Uzbekistan,Bolivia,1,0,Friendly,Jeddah,Saudi Arabia,TRUE
2023-03-24,Nigeria,Guinea-Bissau,0,1,African Cup of Nations qualification,Abuja,Nigeria,FALSE
2023-03-24,Cape Verde,Eswatini,0,0,African Cup of Nations qualification,Praia,Cape Verde,FALSE
2023-03-24,Burkina Faso,Togo,1,0,African Cup of Nations qualification,Marrakech,Morocco,TRUE
2023-03-24,Cameroon,Namibia,1,1,African Cup of Nations qualification,Yaoundé,Cameroon,FALSE
2023-03-24,Guinea,Ethiopia,2,0,African Cup of Nations qualification,Casablanca,Morocco,TRUE
2023-03-24,Egypt,Malawi,2,0,African Cup of Nations qualification,Cairo,Egypt,FALSE
2023-03-24,Uganda,Tanzania,0,1,African Cup of Nations qualification,Ismailia,Egypt,TRUE
2023-03-24,Mali,Gambia,2,0,African Cup of Nations qualification,Bamako,Mali,FALSE
2023-03-24,Ivory Coast,Comoros,3,1,African Cup of Nations qualification,Bouaké,Ivory Coast,FALSE
2023-03-24,DR Congo,Mauritania,3,1,African Cup of Nations qualification,Douala,Cameroon,TRUE
2023-03-24,Equatorial Guinea,Botswana,2,0,African Cup of Nations qualification,Malabo,Equatorial Guinea,FALSE
2023-03-24,Tunisia,Libya,3,0,African Cup of Nations qualification,Radès,Tunisia,FALSE
2023-03-24,South Africa,Liberia,2,2,African Cup of Nations qualification,Johannesburg,South Africa,FALSE
2023-03-24,Senegal,Mozambique,5,1,African Cup of Nations qualification,Diamniadio,Senegal,FALSE
2023-03-24,Gibraltar,Greece,0,3,UEFA Euro qualification,Faro-Loulé,Portugal,TRUE
2023-03-24,France,Netherlands,4,0,UEFA Euro qualification,Paris,France,FALSE
2023-03-24,Czech Republic,Poland,3,1,UEFA Euro qualification,Prague,Czech Republic,FALSE
2023-03-24,Moldova,Faroe Islands,1,1,UEFA Euro qualification,Chișinău,Moldova,FALSE
2023-03-24,Austria,Azerbaijan,4,1,UEFA Euro qualification,Pasching,Austria,FALSE
2023-03-24,Sweden,Belgium,0,3,UEFA Euro qualification,Stockholm,Sweden,FALSE
2023-03-24,Bulgaria,Montenegro,0,1,UEFA Euro qualification,Razgrad,Bulgaria,FALSE
2023-03-24,Serbia,Lithuania,2,0,UEFA Euro qualification,Belgrade,Serbia,FALSE
2023-03-24,Grenada,United States,1,7,CONCACAF Nations League,St. George's,Grenada,FALSE
2023-03-24,Bahamas,Trinidad and Tobago,0,3,CONCACAF Nations League,Nassau,Bahamas,FALSE
2023-03-24,Nicaragua,Saint Vincent and the Grenadines,4,1,CONCACAF Nations League,Managua,Nicaragua,FALSE
2023-03-24,Belize,Guatemala,1,2,CONCACAF Nations League,Belmopan,Belize,FALSE
2023-03-24,Anguilla,Saint Lucia,1,2,CONCACAF Nations League,The Valley,Anguilla,FALSE
2023-03-25,Bahrain,Palestine,1,2,Friendly,Arad,Bahrain,FALSE
2023-03-25,Bangladesh,Seychelles,1,0,Friendly,Sylhet,Bangladesh,FALSE
2023-03-25,Georgia,Mongolia,6,1,Friendly,Batumi,Georgia,FALSE
2023-03-25,Germany,Peru,2,0,Friendly,Mainz,Germany,FALSE
2023-03-25,Indonesia,Burundi,3,1,Friendly,Bekasi,Indonesia,FALSE
2023-03-25,Morocco,Brazil,2,1,Friendly,Tangier,Morocco,FALSE
2023-03-25,Thailand,Syria,1,3,Friendly,Dubai,United Arab Emirates,TRUE
2023-03-25,United Arab Emirates,Tajikistan,0,0,Friendly,Abu Dhabi,United Arab Emirates,FALSE
2023-03-25,Scotland,Cyprus,3,0,UEFA Euro qualification,Glasgow,Scotland,FALSE
2023-03-25,Spain,Norway,3,0,UEFA Euro qualification,Málaga,Spain,FALSE
2023-03-25,Croatia,Wales,1,1,UEFA Euro qualification,Split,Croatia,FALSE
2023-03-25,Armenia,Turkey,1,2,UEFA Euro qualification,Yerevan,Armenia,FALSE
2023-03-25,Belarus,Switzerland,0,5,UEFA Euro qualification,Novi Sad,Serbia,TRUE
2023-03-25,Israel,Kosovo,1,1,UEFA Euro qualification,Tel Aviv,Israel,FALSE
2023-03-25,Andorra,Romania,0,2,UEFA Euro qualification,Andorra la Vella,Andorra,FALSE
2023-03-25,Martinique,Costa Rica,1,2,CONCACAF Nations League,Fort-de-France,Martinique,FALSE
2023-03-25,Curaçao,Canada,0,2,CONCACAF Nations League,Willemstad,Curaçao,FALSE
2023-03-25,Bermuda,Guyana,0,2,CONCACAF Nations League,Devonshire Parish,Bermuda,FALSE
2023-03-25,Montserrat,Haiti,0,4,CONCACAF Nations League,Lookout,Montserrat,FALSE
2023-03-25,Sint Maarten,Bonaire,6,1,CONCACAF Nations League,Saint Croix,United States Virgin Islands,TRUE
2023-03-25,Turks and Caicos Islands,United States Virgin Islands,1,0,CONCACAF Nations League,Providenciales,Turks and Caicos Islands,FALSE
2023-03-26,Fiji,Solomon Islands,0,2,Friendly,Lautoka,Fiji,FALSE
2023-03-26,Macau,Singapore,0,1,Friendly,Taipa,Macau,FALSE
2023-03-26,New Zealand,China PR,2,1,Friendly,Wellington,New Zealand,FALSE
2023-03-26,Russia,Iraq,2,0,Friendly,Saint Petersburg,Russia,FALSE
2023-03-26,São Tomé and Príncipe,Sierra Leone,0,2,African Cup of Nations qualification,Agadir,Morocco,TRUE
2023-03-26,Lesotho,Zambia,0,2,African Cup of Nations qualification,Soweto,South Africa,TRUE
2023-03-26,England,Ukraine,2,0,UEFA Euro qualification,London,England,FALSE
2023-03-26,Malta,Italy,0,2,UEFA Euro qualification,Ta' Qali,Malta,FALSE
2023-03-26,Slovenia,San Marino,2,0,UEFA Euro qualification,Ljubljana,Slovenia,FALSE
2023-03-26,Kazakhstan,Denmark,3,2,UEFA Euro qualification,Astana,Kazakhstan,FALSE
2023-03-26,Northern Ireland,Finland,0,1,UEFA Euro qualification,Belfast,Northern Ireland,FALSE
2023-03-26,Liechtenstein,Iceland,0,7,UEFA Euro qualification,Vaduz,Liechtenstein,FALSE
2023-03-26,Luxembourg,Portugal,0,6,UEFA Euro qualification,Luxembourg,Luxembourg,FALSE
2023-03-26,Slovakia,Bosnia and Herzegovina,2,0,UEFA Euro qualification,Bratislava,Slovakia,FALSE
2023-03-26,Mexico,Jamaica,2,2,CONCACAF Nations League,Mexico City,Mexico,FALSE
2023-03-26,Antigua and Barbuda,Barbados,1,2,CONCACAF Nations League,North Sound,Antigua and Barbuda,FALSE
2023-03-26,Cuba,Guadeloupe,1,0,CONCACAF Nations League,Santiago,Cuba,FALSE
2023-03-26,Puerto Rico,Cayman Islands,5,1,CONCACAF Nations League,Bayamón,Puerto Rico,FALSE
2023-03-27,Chile,Paraguay,3,2,Friendly,Santiago,Chile,FALSE
2023-03-27,Greece,Lithuania,0,0,Friendly,Athens,Greece,FALSE
2023-03-27,North Macedonia,Faroe Islands,1,0,Friendly,Skopje,North Macedonia,FALSE
2023-03-27,Oman,Lebanon,2,0,Friendly,Muscat,Oman,FALSE
2023-03-27,Guinea-Bissau,Nigeria,0,1,African Cup of Nations qualification,Bissau,Guinea-Bissau,FALSE
2023-03-27,Ethiopia,Guinea,2,3,African Cup of Nations qualification,Rabat,Morocco,TRUE
2023-03-27,Central African Republic,Madagascar,2,0,African Cup of Nations qualification,Douala,Cameroon,TRUE
2023-03-27,Angola,Ghana,1,1,African Cup of Nations qualification,Luanda,Angola,FALSE
2023-03-27,Niger,Algeria,0,1,African Cup of Nations qualification,Radès,Tunisia,TRUE
2023-03-27,South Sudan,Congo,0,1,African Cup of Nations qualification,Dar es Salaam,Tanzania,TRUE
2023-03-27,Sudan,Gabon,1,0,African Cup of Nations qualification,Omdurman,Sudan,FALSE
2023-03-27,Republic of Ireland,France,0,1,UEFA Euro qualification,Dublin,Republic of Ireland,FALSE
2023-03-27,Netherlands,Gibraltar,3,0,UEFA Euro qualification,Rotterdam,Netherlands,FALSE
2023-03-27,Poland,Albania,1,0,UEFA Euro qualification,Warsaw,Poland,FALSE
2023-03-27,Moldova,Czech Republic,0,0,UEFA Euro qualification,Chișinău,Moldova,FALSE
2023-03-27,Austria,Estonia,2,1,UEFA Euro qualification,Pasching,Austria,FALSE
2023-03-27,Sweden,Azerbaijan,5,0,UEFA Euro qualification,Stockholm,Sweden,FALSE
2023-03-27,Hungary,Bulgaria,3,0,UEFA Euro qualification,Budapest,Hungary,FALSE
2023-03-27,Montenegro,Serbia,0,2,UEFA Euro qualification,Podgorica,Montenegro,FALSE
2023-03-27,United States,El Salvador,1,0,CONCACAF Nations League,Orlando,United States,FALSE
2023-03-27,Saint Vincent and the Grenadines,Bahamas,1,1,CONCACAF Nations League,Kingstown,Saint Vincent and the Grenadines,FALSE
2023-03-27,Trinidad and Tobago,Nicaragua,1,1,CONCACAF Nations League,Bacolet,Trinidad and Tobago,FALSE
2023-03-27,Dominican Republic,Belize,2,0,CONCACAF Nations League,Santo Domingo,Dominican Republic,FALSE
2023-03-27,Guatemala,French Guiana,4,0,CONCACAF Nations League,Guatemala City,Guatemala,FALSE
2023-03-27,Saint Kitts and Nevis,Aruba,2,0,CONCACAF Nations League,Basseterre,Saint Kitts and Nevis,FALSE
2023-03-27,Saint Lucia,Dominica,3,1,CONCACAF Nations League,Gros Islet,Saint Lucia,FALSE
2023-03-28,Argentina,Curaçao,7,0,Friendly,Santiago del Estero,Argentina,FALSE
2023-03-28,Armenia,Cyprus,2,2,Friendly,Yerevan,Armenia,FALSE
2023-03-28,Australia,Ecuador,1,2,Friendly,Melbourne,Australia,FALSE
2023-03-28,Bahrain,Syria,1,0,Friendly,Arad,Bahrain,FALSE
2023-03-28,Bangladesh,Seychelles,0,1,Friendly,Sylhet,Bangladesh,FALSE
2023-03-28,Germany,Belgium,2,3,Friendly,Cologne,Germany,FALSE
2023-03-28,Indonesia,Burundi,2,2,Friendly,Bekasi,Indonesia,FALSE
2023-03-28,Iran,Kenya,2,1,Friendly,Tehran,Iran,FALSE
2023-03-28,Japan,Colombia,1,2,Friendly,Osaka,Japan,FALSE
2023-03-28,Jordan,Philippines,4,0,Friendly,Al Wakrah,Qatar,TRUE
2023-03-28,South Korea,Uruguay,1,2,Friendly,Seoul,South Korea,FALSE
2023-03-28,Kuwait,Tajikistan,2,1,Friendly,Kuwait City,Kuwait,FALSE
2023-03-28,Malaysia,Hong Kong,2,0,Friendly,Johor Bahru,Malaysia,FALSE
2023-03-28,Morocco,Peru,0,0,Friendly,Madrid,Spain,TRUE
2023-03-28,Saudi Arabia,Bolivia,1,2,Friendly,Jeddah,Saudi Arabia,FALSE
2023-03-28,United Arab Emirates,Thailand,2,0,Friendly,Abu Dhabi,United Arab Emirates,FALSE
2023-03-28,Uzbekistan,Venezuela,1,1,Friendly,Jeddah,Saudi Arabia,TRUE
2023-03-28,Eswatini,Cape Verde,0,1,African Cup of Nations qualification,Mbombela,South Africa,TRUE
2023-03-28,Togo,Burkina Faso,1,1,African Cup of Nations qualification,Lomé,Togo,FALSE
2023-03-28,Namibia,Cameroon,2,1,African Cup of Nations qualification,Soweto,South Africa,TRUE
2023-03-28,Malawi,Egypt,0,4,African Cup of Nations qualification,Lilongwe,Malawi,FALSE
2023-03-28,Tanzania,Uganda,0,1,African Cup of Nations qualification,Dar es Salaam,Tanzania,FALSE
2023-03-28,Gambia,Mali,1,0,African Cup of Nations qualification,Casablanca,Morocco,TRUE
2023-03-28,Comoros,Ivory Coast,0,2,African Cup of Nations qualification,Moroni,Comoros,FALSE
2023-03-28,Mauritania,DR Congo,1,1,African Cup of Nations qualification,Nouakchott,Mauritania,FALSE
2023-03-28,Botswana,Equatorial Guinea,2,3,African Cup of Nations qualification,Francistown,Botswana,FALSE
2023-03-28,Libya,Tunisia,0,1,African Cup of Nations qualification,Benghazi,Libya,FALSE
2023-03-28,Liberia,South Africa,1,2,African Cup of Nations qualification,Monrovia,Liberia,FALSE
2023-03-28,Mozambique,Senegal,0,1,African Cup of Nations qualification,Maputo,Mozambique,FALSE
2023-03-28,Scotland,Spain,2,0,UEFA Euro qualification,Glasgow,Scotland,FALSE
2023-03-28,Georgia,Norway,1,1,UEFA Euro qualification,Batumi,Georgia,FALSE
2023-03-28,Wales,Latvia,1,0,UEFA Euro qualification,Cardiff,Wales,FALSE
2023-03-28,Turkey,Croatia,0,2,UEFA Euro qualification,Bursa,Turkey,FALSE
2023-03-28,Kosovo,Andorra,1,1,UEFA Euro qualification,Pristina,Kosovo,FALSE
2023-03-28,Switzerland,Israel,3,0,UEFA Euro qualification,Geneva,Switzerland,FALSE
2023-03-28,Romania,Belarus,2,1,UEFA Euro qualification,Bucharest,Romania,FALSE
2023-03-28,Costa Rica,Panama,0,1,CONCACAF Nations League,San José,Costa Rica,FALSE
2023-03-28,Canada,Honduras,4,1,CONCACAF Nations League,Toronto,Canada,FALSE
2023-03-28,Haiti,Bermuda,3,1,CONCACAF Nations League,San Cristóbal,Dominican Republic,TRUE
2023-03-28,Guyana,Montserrat,0,0,CONCACAF Nations League,Bridgetown,Barbados,TRUE
2023-03-28,Bonaire,Turks and Caicos Islands,1,2,CONCACAF Nations League,Rincon,Bonaire,FALSE
2023-03-28,United States Virgin Islands,Sint Maarten,1,2,CONCACAF Nations League,Saint Croix,United States Virgin Islands,FALSE
2023-03-29,Rwanda,Benin,1,1,African Cup of Nations qualification,Kigali,Rwanda,FALSE
2023-04-19,United States,Mexico,1,1,Friendly,Glendale,United States,FALSE
2023-06-07,Mexico,Guatemala,2,0,Friendly,Mazatlán,Mexico,FALSE
2023-06-09,Luxembourg,Malta,0,1,Friendly,Luxembourg,Luxembourg,FALSE
2023-06-10,Mexico,Cameroon,2,2,Friendly,San Diego,United States,TRUE
2023-06-10,Panama,Nicaragua,3,2,Friendly,Penonomé,Panama,FALSE
2023-06-11,Chile,Cuba,3,0,Friendly,Concepción,Chile,FALSE
2023-06-11,Guatemala,Trinidad and Tobago,0,1,Friendly,Chester,United States,TRUE
2023-06-12,Germany,Ukraine,3,3,Friendly,Bremen,Germany,FALSE
2023-06-12,Morocco,Cape Verde,0,0,Friendly,Rabat,Morocco,FALSE
2023-06-13,Curaçao,Costa Rica,0,0,Friendly,Fort Lauderdale,United States,TRUE
2023-06-14,DR Congo,Uganda,1,0,Friendly,Douala,Cameroon,TRUE
2023-06-14,Indonesia,Palestine,0,0,Friendly,Surabaya,Indonesia,FALSE
2023-06-14,Malaysia,Solomon Islands,4,1,Friendly,Terengganu,Malaysia,FALSE
2023-06-14,Mozambique,Malawi,1,1,Friendly,Maputo,Mozambique,FALSE
2023-06-14,Togo,Lesotho,2,0,Friendly,Johannesburg,South Africa,TRUE
2023-06-14,Uruguay,Nicaragua,4,1,Friendly,Montevideo,Uruguay,FALSE
2023-06-14,Netherlands,Croatia,2,4,UEFA Nations League,Rotterdam,Netherlands,FALSE
2023-06-14,Guinea-Bissau,São Tomé and Príncipe,1,0,African Cup of Nations qualification,Bissau,Guinea-Bissau,FALSE
2023-06-14,Guinea,Egypt,1,2,African Cup of Nations qualification,Marrakech,Morocco,TRUE
2023-06-14,South Sudan,Gambia,2,3,African Cup of Nations qualification,Ismailia,Egypt,TRUE
2023-06-15,Panama,Canada,0,2,CONCACAF Nations League,Las Vegas,United States,TRUE
2023-06-15,United States,Mexico,3,0,CONCACAF Nations League,Las Vegas,United States,FALSE
2023-06-15,Argentina,Australia,2,0,Friendly,Beijing,China PR,TRUE
2023-06-15,Cambodia,Bangladesh,0,1,Friendly,Phnom Penh,Cambodia,FALSE
2023-06-15,Costa Rica,Guatemala,0,1,Friendly,Carson,United States,TRUE
2023-06-15,Honduras,Venezuela,0,1,Friendly,"Washington, D.C.",United States,TRUE
2023-06-15,Jamaica,Qatar,1,2,Friendly,Ritzing,Austria,TRUE
2023-06-15,Japan,El Salvador,6,0,Friendly,Toyota,Japan,FALSE
2023-06-15,Philippines,Nepal,1,0,Friendly,Manila,Philippines,FALSE
2023-06-15,Vietnam,Hong Kong,1,0,Friendly,Haiphong,Vietnam,FALSE
2023-06-15,Spain,Italy,2,1,UEFA Nations League,Enschede,Netherlands,TRUE
2023-06-16,Antigua and Barbuda,Guadeloupe,0,5,Gold Cup qualification,Fort Lauderdale,United States,TRUE
2023-06-16,Martinique,Saint Lucia,3,1,Gold Cup qualification,Fort Lauderdale,United States,TRUE
2023-06-16,Curaçao,Saint Kitts and Nevis,1,1,Gold Cup qualification,Fort Lauderdale,United States,TRUE
2023-06-16,Chile,Dominican Republic,5,0,Friendly,Viña del Mar,Chile,FALSE
2023-06-16,China PR,Myanmar,4,0,Friendly,Dalian,China PR,FALSE
2023-06-16,Taiwan,Thailand,2,2,Friendly,Kaohsiung,Taiwan,FALSE
2023-06-16,Colombia,Iraq,1,0,Friendly,Valencia,Spain,TRUE
2023-06-16,South Korea,Peru,0,1,Friendly,Busan,South Korea,FALSE
2023-06-16,Poland,Germany,1,0,Friendly,Warsaw,Poland,FALSE
2023-06-16,Serbia,Jordan,3,2,Friendly,Vienna,Austria,TRUE
2023-06-16,Singapore,Papua New Guinea,2,2,Friendly,Kallang,Singapore,FALSE
2023-06-16,Sweden,New Zealand,4,1,Friendly,Stockholm,Sweden,FALSE
2023-06-16,Gibraltar,France,0,3,UEFA Euro qualification,Faro-Loulé,Portugal,TRUE
2023-06-16,Greece,Republic of Ireland,2,1,UEFA Euro qualification,Athens,Greece,FALSE
2023-06-16,Malta,England,0,4,UEFA Euro qualification,Ta' Qali,Malta,FALSE
2023-06-16,North Macedonia,Ukraine,2,3,UEFA Euro qualification,Skopje,North Macedonia,FALSE
2023-06-16,Wales,Armenia,2,4,UEFA Euro qualification,Cardiff,Wales,FALSE
2023-06-16,Latvia,Turkey,2,3,UEFA Euro qualification,Riga,Latvia,FALSE
2023-06-16,Finland,Slovenia,2,0,UEFA Euro qualification,Helsinki,Finland,FALSE
2023-06-16,Denmark,Northern Ireland,1,0,UEFA Euro qualification,Copenhagen,Denmark,FALSE
2023-06-16,San Marino,Kazakhstan,0,3,UEFA Euro qualification,Parma,Italy,TRUE
2023-06-16,Andorra,Switzerland,1,2,UEFA Euro qualification,Andorra la Vella,Andorra,FALSE
2023-06-16,Belarus,Israel,1,2,UEFA Euro qualification,Budapest,Hungary,TRUE
2023-06-16,Kosovo,Romania,0,0,UEFA Euro qualification,Pristina,Kosovo,FALSE
2023-06-17,Guyana,Grenada,1,1,Gold Cup qualification,Fort Lauderdale,United States,TRUE
2023-06-17,Suriname,Puerto Rico,0,0,Gold Cup qualification,Fort Lauderdale,United States,TRUE
2023-06-17,French Guiana,Sint Maarten,4,1,Gold Cup qualification,Fort Lauderdale,United States,TRUE
2023-06-17,Brazil,Guinea,4,1,Friendly,Barcelona,Spain,TRUE
2023-06-17,Ecuador,Bolivia,1,0,Friendly,Harrison,United States,TRUE
2023-06-17,Norway,Scotland,1,2,UEFA Euro qualification,Oslo,Norway,FALSE
2023-06-17,Cyprus,Georgia,1,2,UEFA Euro qualification,Larnaca,Cyprus,FALSE
2023-06-17,Faroe Islands,Czech Republic,0,3,UEFA Euro qualification,Tórshavn,Faroe Islands,FALSE
2023-06-17,Albania,Moldova,2,0,UEFA Euro qualification,Tirana,Albania,FALSE
2023-06-17,Azerbaijan,Estonia,1,1,UEFA Euro qualification,Baku,Azerbaijan,FALSE
2023-06-17,Belgium,Austria,1,1,UEFA Euro qualification,Brussels,Belgium,FALSE
2023-06-17,Lithuania,Bulgaria,1,1,UEFA Euro qualification,Kaunas,Lithuania,FALSE
2023-06-17,Montenegro,Hungary,0,0,UEFA Euro qualification,Podgorica,Montenegro,FALSE
2023-06-17,Luxembourg,Liechtenstein,2,0,UEFA Euro qualification,Luxembourg,Luxembourg,FALSE
2023-06-17,Iceland,Slovakia,1,2,UEFA Euro qualification,Reykjavík,Iceland,FALSE
2023-06-17,Portugal,Bosnia and Herzegovina,3,0,UEFA Euro qualification,Lisbon,Portugal,FALSE
2023-06-17,Central African Republic,Angola,1,2,African Cup of Nations qualification,Douala,Cameroon,TRUE
2023-06-17,Zambia,Ivory Coast,3,0,African Cup of Nations qualification,Ndola,Zambia,FALSE
2023-06-17,Lesotho,Comoros,0,1,African Cup of Nations qualification,Johannesburg,South Africa,TRUE
2023-06-17,Equatorial Guinea,Tunisia,1,0,African Cup of Nations qualification,Malabo,Equatorial Guinea,FALSE
2023-06-17,Botswana,Libya,1,0,African Cup of Nations qualification,Francistown,Botswana,FALSE
2023-06-17,South Africa,Morocco,2,1,African Cup of Nations qualification,Johannesburg,South Africa,FALSE
2023-06-17,Benin,Senegal,1,1,African Cup of Nations qualification,Cotonou,Benin,FALSE
2023-06-18,Panama,Mexico,0,1,CONCACAF Nations League,Las Vegas,United States,TRUE
2023-06-18,United States,Canada,2,0,CONCACAF Nations League,Las Vegas,United States,FALSE
2023-06-18,Egypt,South Sudan,3,0,Friendly,Cairo,Egypt,FALSE
2023-06-18,Guatemala,Venezuela,0,1,Friendly,East Hartford,United States,TRUE
2023-06-18,Paraguay,Nicaragua,2,0,Friendly,Asunción,Paraguay,FALSE
2023-06-18,Singapore,Solomon Islands,1,1,Friendly,Kallang,Singapore,FALSE
2023-06-18,Netherlands,Italy,2,3,UEFA Nations League,Enschede,Netherlands,FALSE
2023-06-18,Croatia,Spain,0,0,UEFA Nations League,Rotterdam,Netherlands,TRUE
2023-06-18,Sierra Leone,Nigeria,2,3,African Cup of Nations qualification,Monrovia,Liberia,TRUE
2023-06-18,Cape Verde,Burkina Faso,3,1,African Cup of Nations qualification,Praia,Cape Verde,FALSE
2023-06-18,Eswatini,Togo,0,2,African Cup of Nations qualification,Mbombela,South Africa,TRUE
2023-06-18,Madagascar,Ghana,0,0,African Cup of Nations qualification,Antananarivo,Madagascar,FALSE
2023-06-18,Tanzania,Niger,1,0,African Cup of Nations qualification,Dar es Salaam,Tanzania,FALSE
2023-06-18,Uganda,Algeria,1,2,African Cup of Nations qualification,Douala,Cameroon,TRUE
2023-06-18,Congo,Mali,0,2,African Cup of Nations qualification,Brazzaville,Congo,FALSE
2023-06-18,Gabon,DR Congo,0,2,African Cup of Nations qualification,Franceville,Gabon,FALSE
2023-06-18,Rwanda,Mozambique,0,2,African Cup of Nations qualification,Butare,Rwanda,FALSE
2023-06-19,Hong Kong,Thailand,0,1,Friendly,Hong Kong,Hong Kong,FALSE
2023-06-19,Indonesia,Argentina,0,2,Friendly,Jakarta,Indonesia,FALSE
2023-06-19,Jamaica,Jordan,1,2,Friendly,Wiener Neustadt,Austria,TRUE
2023-06-19,Macau,Myanmar,0,2,Friendly,Dalian,China PR,TRUE
2023-06-19,Philippines,Taiwan,2,3,Friendly,Manila,Philippines,FALSE
2023-06-19,Republic of Ireland,Gibraltar,3,0,UEFA Euro qualification,Dublin,Republic of Ireland,FALSE
2023-06-19,France,Greece,1,0,UEFA Euro qualification,Paris,France,FALSE
2023-06-19,Ukraine,Malta,1,0,UEFA Euro qualification,Trnava,Slovakia,TRUE
2023-06-19,England,North Macedonia,7,0,UEFA Euro qualification,Manchester,England,FALSE
2023-06-19,Armenia,Latvia,2,1,UEFA Euro qualification,Yerevan,Armenia,FALSE
2023-06-19,Turkey,Wales,2,0,UEFA Euro qualification,Samsun,Turkey,FALSE
2023-06-19,Finland,San Marino,6,0,UEFA Euro qualification,Helsinki,Finland,FALSE
2023-06-19,Northern Ireland,Kazakhstan,0,1,UEFA Euro qualification,Belfast,Northern Ireland,FALSE
2023-06-19,Slovenia,Denmark,1,1,UEFA Euro qualification,Ljubljana,Slovenia,FALSE
2023-06-19,Belarus,Kosovo,2,1,UEFA Euro qualification,Budapest,Hungary,TRUE
2023-06-19,Switzerland,Romania,2,2,UEFA Euro qualification,Lucerne,Switzerland,FALSE
2023-06-19,Israel,Andorra,2,1,UEFA Euro qualification,Jerusalem,Israel,FALSE
2023-06-20,Guadeloupe,Guyana,2,0,Gold Cup qualification,Fort Lauderdale,United States,TRUE
2023-06-20,Martinique,Puerto Rico,2,0,Gold Cup qualification,Fort Lauderdale,United States,TRUE
2023-06-20,Saint Kitts and Nevis,French Guiana,1,1,Gold Cup qualification,Fort Lauderdale,United States,TRUE
2023-06-20,Algeria,Tunisia,1,1,Friendly,Annaba,Algeria,FALSE
2023-06-20,Bolivia,Chile,0,0,Friendly,Santa Cruz,Bolivia,FALSE
2023-06-20,Brazil,Senegal,2,4,Friendly,Lisbon,Portugal,TRUE
2023-06-20,China PR,Palestine,2,0,Friendly,Dalian,China PR,FALSE
2023-06-20,Ecuador,Costa Rica,3,1,Friendly,Chester,United States,TRUE
2023-06-20,Germany,Colombia,0,2,Friendly,Gelsenkirchen,Germany,FALSE
2023-06-20,Haiti,Trinidad and Tobago,0,0,Friendly,Palm Beach Gardens,United States,TRUE
2023-06-20,Japan,Peru,4,1,Friendly,Suita,Japan,FALSE
2023-06-20,South Korea,El Salvador,1,1,Friendly,Daejeon,South Korea,FALSE
2023-06-20,Malaysia,Papua New Guinea,10,0,Friendly,Terengganu,Malaysia,FALSE
2023-06-20,Montenegro,Czech Republic,1,4,Friendly,Podgorica,Montenegro,FALSE
2023-06-20,Uruguay,Cuba,2,0,Friendly,Montevideo,Uruguay,FALSE
2023-06-20,Vietnam,Syria,1,0,Friendly,Nam Định,Vietnam,FALSE
2023-06-20,Scotland,Georgia,2,0,UEFA Euro qualification,Glasgow,Scotland,FALSE
2023-06-20,Norway,Cyprus,3,1,UEFA Euro qualification,Oslo,Norway,FALSE
2023-06-20,Faroe Islands,Albania,1,3,UEFA Euro qualification,Tórshavn,Faroe Islands,FALSE
2023-06-20,Moldova,Poland,3,2,UEFA Euro qualification,Chișinău,Moldova,FALSE
2023-06-20,Austria,Sweden,2,0,UEFA Euro qualification,Vienna,Austria,FALSE
2023-06-20,Estonia,Belgium,0,3,UEFA Euro qualification,Tallinn,Estonia,FALSE
2023-06-20,Hungary,Lithuania,2,0,UEFA Euro qualification,Budapest,Hungary,FALSE
2023-06-20,Bulgaria,Serbia,1,1,UEFA Euro qualification,Razgrad,Bulgaria,FALSE
2023-06-20,Iceland,Portugal,0,1,UEFA Euro qualification,Reykjavík,Iceland,FALSE
2023-06-20,Bosnia and Herzegovina,Luxembourg,0,2,UEFA Euro qualification,Zenica,Bosnia and Herzegovina,FALSE
2023-06-20,Liechtenstein,Slovakia,0,1,UEFA Euro qualification,Vaduz,Liechtenstein,FALSE
2023-06-20,Burundi,Namibia,3,2,African Cup of Nations qualification,Dar es Salaam,Tanzania,TRUE
2023-06-20,Ethiopia,Malawi,0,0,African Cup of Nations qualification,Maputo,Mozambique,TRUE
2023-06-20,Sudan,Mauritania,0,3,African Cup of Nations qualification,Agadir,Morocco,TRUE
2023-06-24,United States,Jamaica,1,1,Gold Cup,Chicago,United States,FALSE
2023-06-25,Trinidad and Tobago,Saint Kitts and Nevis,3,0,Gold Cup,Fort Lauderdale,United States,TRUE
2023-06-25,Haiti,Qatar,2,1,Gold Cup,Houston,United States,TRUE
2023-06-25,Mexico,Honduras,4,0,Gold Cup,Houston,United States,TRUE
2023-06-26,El Salvador,Martinique,1,2,Gold Cup,Fort Lauderdale,United States,TRUE
2023-06-26,Costa Rica,Panama,1,2,Gold Cup,Fort Lauderdale,United States,TRUE
2023-06-27,Canada,Guadeloupe,2,2,Gold Cup,Toronto,Canada,FALSE
2023-06-27,Guatemala,Cuba,1,0,Gold Cup,Fort Lauderdale,United States,TRUE
2023-06-28,Jamaica,Trinidad and Tobago,4,1,Gold Cup,St. Louis,United States,TRUE
2023-06-28,United States,Saint Kitts and Nevis,6,0,Gold Cup,St. Louis,United States,FALSE
2023-06-29,Qatar,Honduras,1,1,Gold Cup,Glendale,United States,TRUE
2023-06-29,Haiti,Mexico,1,3,Gold Cup,Glendale,United States,TRUE
2023-06-30,Martinique,Panama,1,2,Gold Cup,Harrison,United States,TRUE
2023-06-30,El Salvador,Costa Rica,0,0,Gold Cup,Harrison,United States,TRUE
2023-07-01,Cuba,Guadeloupe,1,4,Gold Cup,Houston,United States,TRUE
2023-07-01,Guatemala,Canada,0,0,Gold Cup,Houston,United States,TRUE
2023-07-02,United States,Trinidad and Tobago,6,0,Gold Cup,Charlotte,United States,FALSE
2023-07-02,Jamaica,Saint Kitts and Nevis,5,0,Gold Cup,Santa Clara,United States,TRUE
2023-07-02,Honduras,Haiti,2,1,Gold Cup,Charlotte,United States,TRUE
2023-07-02,Mexico,Qatar,0,1,Gold Cup,Santa Clara,United States,TRUE
2023-07-04,Costa Rica,Martinique,6,4,Gold Cup,Harrison,United States,TRUE
2023-07-04,Panama,El Salvador,2,2,Gold Cup,Houston,United States,TRUE
2023-07-04,Guadeloupe,Guatemala,2,3,Gold Cup,Harrison,United States,TRUE
2023-07-04,Canada,Cuba,4,2,Gold Cup,Houston,United States,TRUE
2023-07-08,Panama,Qatar,4,0,Gold Cup,Arlington,United States,TRUE
2023-07-08,Mexico,Costa Rica,2,0,Gold Cup,Arlington,United States,TRUE
2023-07-09,Guatemala,Jamaica,0,1,Gold Cup,Cincinnati,United States,TRUE
2023-07-09,United States,Canada,2,2,Gold Cup,Cincinnati,United States,FALSE
2023-07-12,United States,Panama,1,1,Gold Cup,San Diego,United States,FALSE
2023-07-12,Jamaica,Mexico,0,3,Gold Cup,Paradise,United States,TRUE
2023-07-16,Mexico,Panama,1,0,Gold Cup,Inglewood,United States,TRUE
2023-08-02,Ethiopia,Guyana,2,0,Friendly,Leesburg,United States,TRUE
2023-08-06,Raetia,Ticino,5,1,Friendly,Domat/Ems,Switzerland,FALSE
2023-08-27,Bolivia,Panama,1,2,Friendly,Cochabamba,Bolivia,FALSE
2023-08-28,Tahiti,Cook Islands,9,1,Friendly,Pirae,Tahiti,FALSE
2023-08-31,Tahiti,Cook Islands,3,0,Friendly,Pirae,Tahiti,FALSE
2023-09-03,Bangladesh,Afghanistan,0,0,Friendly,Dhaka,Bangladesh,FALSE
2023-09-03,Guatemala,Honduras,0,0,Friendly,Fort Lauderdale,United States,TRUE
2023-09-04,Mozambique,Benin,3,2,African Cup of Nations qualification,Maputo,Mozambique,FALSE
2023-09-06,Macau,Bhutan,0,1,Friendly,Taipa,Macau,FALSE
2023-09-06,Malta,Gibraltar,1,0,Friendly,Ta' Qali,Malta,FALSE
2023-09-06,Oman,Palestine,2,1,Friendly,Muscat,Oman,FALSE
2023-09-06,Syria,Malaysia,2,2,Friendly,Chengdu,China PR,TRUE
2023-09-06,Libya,Equatorial Guinea,1,1,African Cup of Nations qualification,Benghazi,Libya,FALSE
2023-09-07,Trinidad and Tobago,Curaçao,1,0,CONCACAF Nations League,Port of Spain,Trinidad and Tobago,FALSE
2023-09-07,Panama,Martinique,3,0,CONCACAF Nations League,Panama City,Panama,FALSE
2023-09-07,Guatemala,El Salvador,2,0,CONCACAF Nations League,Guatemala City,Guatemala,FALSE
2023-09-07,Sint Maarten,Saint Lucia,1,5,CONCACAF Nations League,Willemstad,Curaçao,TRUE
2023-09-07,Saint Kitts and Nevis,Guadeloupe,1,2,CONCACAF Nations League,Basseterre,Saint Kitts and Nevis,FALSE
2023-09-07,Anguilla,Saint Martin,0,6,CONCACAF Nations League,The Valley,Anguilla,FALSE
2023-09-07,United States Virgin Islands,Cayman Islands,2,2,CONCACAF Nations League,Saint Croix,United States Virgin Islands,FALSE
2023-09-07,Colombia,Venezuela,1,0,FIFA World Cup qualification,Barranquilla,Colombia,FALSE
2023-09-07,Paraguay,Peru,0,0,FIFA World Cup qualification,Ciudad del Este,Paraguay,FALSE
2023-09-07,Argentina,Ecuador,1,0,FIFA World Cup qualification,Buenos Aires,Argentina,FALSE
2023-09-07,Austria,Moldova,1,1,Friendly,Pasching,Austria,FALSE
2023-09-07,Bahrain,Kuwait,1,3,Friendly,Dubai,United Arab Emirates,TRUE
2023-09-07,Bangladesh,Afghanistan,1,1,Friendly,Dhaka,Bangladesh,FALSE
2023-09-07,Bulgaria,Iran,0,1,Friendly,Plovdiv,Bulgaria,FALSE
2023-09-07,Cambodia,Hong Kong,1,1,Friendly,Phnom Penh,Cambodia,FALSE
2023-09-07,Norway,Jordan,6,0,Friendly,Oslo,Norway,FALSE
2023-09-07,Qatar,Kenya,1,2,Friendly,Al Wakrah,Qatar,FALSE
2023-09-07,Wales,South Korea,0,0,Friendly,Cardiff,Wales,FALSE
2023-09-07,Ghana,Central African Republic,2,1,African Cup of Nations qualification,Kumasi,Ghana,FALSE
2023-09-07,Angola,Madagascar,0,0,African Cup of Nations qualification,Lubango,Angola,FALSE
2023-09-07,Algeria,Tanzania,0,0,African Cup of Nations qualification,Annaba,Algeria,FALSE
2023-09-07,Niger,Uganda,0,2,African Cup of Nations qualification,Marrakech,Morocco,TRUE
2023-09-07,Tunisia,Botswana,3,0,African Cup of Nations qualification,Radès,Tunisia,FALSE
2023-09-07,France,Republic of Ireland,2,0,UEFA Euro qualification,Paris,France,FALSE
2023-09-07,Netherlands,Greece,3,0,UEFA Euro qualification,Eindhoven,Netherlands,FALSE
2023-09-07,Czech Republic,Albania,1,1,UEFA Euro qualification,Prague,Czech Republic,FALSE
2023-09-07,Poland,Faroe Islands,2,0,UEFA Euro qualification,Warsaw,Poland,FALSE
2023-09-07,Serbia,Hungary,1,2,UEFA Euro qualification,Belgrade,Serbia,FALSE
2023-09-07,Lithuania,Montenegro,2,2,UEFA Euro qualification,Kaunas,Lithuania,FALSE
2023-09-07,Kazakhstan,Finland,0,1,UEFA Euro qualification,Astana,Kazakhstan,FALSE
2023-09-07,Denmark,San Marino,4,0,UEFA Euro qualification,Copenhagen,Denmark,FALSE
2023-09-07,Slovenia,Northern Ireland,4,2,UEFA Euro qualification,Ljubljana,Slovenia,FALSE
2023-09-08,Haiti,Cuba,0,0,CONCACAF Nations League,Santo Domingo,Dominican Republic,TRUE
2023-09-08,Grenada,Suriname,1,1,CONCACAF Nations League,St. George's,Grenada,FALSE
2023-09-08,Jamaica,Honduras,1,0,CONCACAF Nations League,Kingston,Jamaica,FALSE
2023-09-08,Barbados,Montserrat,2,3,CONCACAF Nations League,Bridgetown,Barbados,FALSE
2023-09-08,Dominican Republic,Nicaragua,0,2,CONCACAF Nations League,Santo Domingo,Dominican Republic,FALSE
2023-09-08,Bermuda,French Guiana,0,0,CONCACAF Nations League,Devonshire Parish,Bermuda,FALSE
2023-09-08,Belize,Saint Vincent and the Grenadines,1,2,CONCACAF Nations League,Belmopan,Belize,FALSE
2023-09-08,Uruguay,Chile,3,1,FIFA World Cup qualification,Montevideo,Uruguay,FALSE
2023-09-08,Brazil,Bolivia,5,1,FIFA World Cup qualification,Belém,Brazil,FALSE
2023-09-08,Taiwan,Philippines,1,1,Friendly,Kaohsiung,Taiwan,FALSE
2023-09-08,Costa Rica,Saudi Arabia,3,1,Friendly,Newcastle,England,TRUE
2023-09-08,Indonesia,Turkmenistan,2,0,Friendly,Surabaya,Indonesia,FALSE
2023-09-08,Myanmar,Nepal,0,0,Friendly,Yangon,Myanmar,FALSE
2023-09-08,Singapore,Tajikistan,0,2,Friendly,Bishan,Singapore,FALSE
2023-09-08,Burkina Faso,Eswatini,0,0,African Cup of Nations qualification,Marrakech,Morocco,TRUE
2023-09-08,Egypt,Ethiopia,1,0,African Cup of Nations qualification,Cairo,Egypt,FALSE
2023-09-08,Mali,South Sudan,4,0,African Cup of Nations qualification,Bamako,Mali,FALSE
2023-09-08,Georgia,Spain,1,7,UEFA Euro qualification,Tbilisi,Georgia,FALSE
2023-09-08,Cyprus,Scotland,0,3,UEFA Euro qualification,Larnaca,Cyprus,FALSE
2023-09-08,Croatia,Latvia,5,0,UEFA Euro qualification,Rijeka,Croatia,FALSE
2023-09-08,Turkey,Armenia,1,1,UEFA Euro qualification,Eskişehir,Turkey,FALSE
2023-09-08,Bosnia and Herzegovina,Liechtenstein,2,1,UEFA Euro qualification,Zenica,Bosnia and Herzegovina,FALSE
2023-09-08,Luxembourg,Iceland,3,1,UEFA Euro qualification,Luxembourg,Luxembourg,FALSE
2023-09-08,Slovakia,Portugal,0,1,UEFA Euro qualification,Bratislava,Slovakia,FALSE
2023-09-09,Antigua and Barbuda,Guyana,1,5,CONCACAF Nations League,North Sound,Antigua and Barbuda,FALSE
2023-09-09,Bahamas,Puerto Rico,1,6,CONCACAF Nations League,Nassau,Bahamas,FALSE
2023-09-09,British Virgin Islands,Turks and Caicos Islands,3,1,CONCACAF Nations League,Road Town,British Virgin Islands,FALSE
2023-09-09,China PR,Malaysia,1,1,Friendly,Chengdu,China PR,FALSE
2023-09-09,Germany,Japan,1,4,Friendly,Wolfsburg,Germany,FALSE
2023-09-09,Mexico,Australia,2,2,Friendly,Arlington,United States,TRUE
2023-09-09,South Africa,Namibia,0,0,Friendly,Johannesburg,South Africa,FALSE
2023-09-09,United States,Uzbekistan,3,0,Friendly,St. Louis,United States,FALSE
2023-09-09,Malawi,Guinea,2,2,African Cup of Nations qualification,Lilongwe,Malawi,FALSE
2023-09-09,Ivory Coast,Lesotho,1,0,African Cup of Nations qualification,San-Pédro,Ivory Coast,FALSE
2023-09-09,Comoros,Zambia,1,1,African Cup of Nations qualification,Moroni,Comoros,FALSE
2023-09-09,Mauritania,Gabon,2,1,African Cup of Nations qualification,Nouakchott,Mauritania,FALSE
2023-09-09,DR Congo,Sudan,2,0,African Cup of Nations qualification,Kinshasa,DR Congo,FALSE
2023-09-09,Rwanda,Senegal,1,1,African Cup of Nations qualification,Butare,Rwanda,FALSE
2023-09-09,Ukraine,England,1,1,UEFA Euro qualification,Wrocław,Poland,TRUE
2023-09-09,North Macedonia,Italy,1,1,UEFA Euro qualification,Skopje,North Macedonia,FALSE
2023-09-09,Azerbaijan,Belgium,0,1,UEFA Euro qualification,Baku,Azerbaijan,FALSE
2023-09-09,Estonia,Sweden,0,5,UEFA Euro qualification,Tallinn,Estonia,FALSE
2023-09-09,Andorra,Belarus,0,0,UEFA Euro qualification,Andorra la Vella,Andorra,FALSE
2023-09-09,Kosovo,Switzerland,2,2,UEFA Euro qualification,Pristina,Kosovo,FALSE
2023-09-09,Romania,Israel,1,1,UEFA Euro qualification,Bucharest,Romania,FALSE
2023-09-10,Guatemala,Panama,1,1,CONCACAF Nations League,Guatemala City,Guatemala,FALSE
2023-09-10,El Salvador,Trinidad and Tobago,2,3,CONCACAF Nations League,San Salvador,El Salvador,FALSE
2023-09-10,Martinique,Curaçao,1,0,CONCACAF Nations League,Fort-de-France,Martinique,FALSE
2023-09-10,Guadeloupe,Sint Maarten,4,0,CONCACAF Nations League,Sainte-Anne,Guadeloupe,FALSE
2023-09-10,Saint Lucia,Saint Kitts and Nevis,2,0,CONCACAF Nations League,Gros Islet,Saint Lucia,FALSE
2023-09-10,Hungary,Czech Republic,1,1,Friendly,Budapest,Hungary,FALSE
2023-09-10,Nigeria,São Tomé and Príncipe,6,0,African Cup of Nations qualification,Uyo,Nigeria,FALSE
2023-09-10,Togo,Cape Verde,3,2,African Cup of Nations qualification,Lomé,Togo,FALSE
2023-09-10,Gambia,Congo,2,2,African Cup of Nations qualification,Marrakech,Morocco,TRUE
2023-09-10,Republic of Ireland,Netherlands,1,2,UEFA Euro qualification,Dublin,Republic of Ireland,FALSE
2023-09-10,Greece,Gibraltar,5,0,UEFA Euro qualification,Athens,Greece,FALSE
2023-09-10,Faroe Islands,Moldova,0,1,UEFA Euro qualification,Tórshavn,Faroe Islands,FALSE
2023-09-10,Albania,Poland,2,0,UEFA Euro qualification,Tirana,Albania,FALSE
2023-09-10,Montenegro,Bulgaria,2,1,UEFA Euro qualification,Podgorica,Montenegro,FALSE
2023-09-10,Lithuania,Serbia,1,3,UEFA Euro qualification,Kaunas,Lithuania,FALSE
2023-09-10,Finland,Denmark,0,1,UEFA Euro qualification,Helsinki,Finland,FALSE
2023-09-10,Kazakhstan,Northern Ireland,1,0,UEFA Euro qualification,Astana,Kazakhstan,FALSE
2023-09-10,San Marino,Slovenia,0,4,UEFA Euro qualification,Serravalle,San Marino,FALSE
2023-09-11,Dominican Republic,Montserrat,3,0,CONCACAF Nations League,Santo Domingo,Dominican Republic,FALSE
2023-09-11,Nicaragua,Barbados,5,1,CONCACAF Nations League,Managua,Nicaragua,FALSE
2023-09-11,Saint Martin,Bonaire,2,1,CONCACAF Nations League,Basseterre,Saint Kitts and Nevis,TRUE
2023-09-11,Cayman Islands,Aruba,1,2,CONCACAF Nations League,George Town,Cayman Islands,FALSE
2023-09-11,Cambodia,Macau,4,0,Friendly,Phnom Penh,Cambodia,FALSE
2023-09-11,Hong Kong,Brunei,10,0,Friendly,Hong Kong,Hong Kong,FALSE
2023-09-11,Kuwait,Kyrgyzstan,1,3,Friendly,Dubai,United Arab Emirates,TRUE
2023-09-11,Myanmar,Nepal,1,0,Friendly,Yangon,Myanmar,FALSE
2023-09-11,Vietnam,Palestine,2,0,Friendly,Nam Định,Vietnam,FALSE
2023-09-11,Guinea-Bissau,Sierra Leone,2,1,African Cup of Nations qualification,Bissau,Guinea-Bissau,FALSE
2023-09-11,Armenia,Croatia,0,1,UEFA Euro qualification,Yerevan,Armenia,FALSE
2023-09-11,Latvia,Wales,0,2,UEFA Euro qualification,Riga,Latvia,FALSE
2023-09-11,Iceland,Bosnia and Herzegovina,1,0,UEFA Euro qualification,Reykjavík,Iceland,FALSE
2023-09-11,Portugal,Luxembourg,9,0,UEFA Euro qualification,São João da Venda,Portugal,FALSE
2023-09-11,Slovakia,Liechtenstein,3,0,UEFA Euro qualification,Bratislava,Slovakia,FALSE
2023-09-12,Cuba,Suriname,1,0,CONCACAF Nations League,Santiago,Cuba,FALSE
2023-09-12,Jamaica,Haiti,2,2,CONCACAF Nations League,Kingston,Jamaica,FALSE
2023-09-12,Honduras,Grenada,4,0,CONCACAF Nations League,Tegucigalpa,Honduras,FALSE
2023-09-12,Saint Vincent and the Grenadines,Bermuda,4,3,CONCACAF Nations League,Kingstown,Saint Vincent and the Grenadines,FALSE
2023-09-12,French Guiana,Belize,0,2,CONCACAF Nations League,Cayenne,French Guiana,FALSE
2023-09-12,Guyana,Bahamas,3,2,CONCACAF Nations League,Leonora,Guyana,FALSE
2023-09-12,Puerto Rico,Antigua and Barbuda,5,0,CONCACAF Nations League,Nassau,Bahamas,TRUE
2023-09-12,Turks and Caicos Islands,Dominica,0,3,CONCACAF Nations League,Providenciales,Turks and Caicos Islands,FALSE
2023-09-12,Bolivia,Argentina,0,3,FIFA World Cup qualification,La Paz,Bolivia,FALSE
2023-09-12,Ecuador,Uruguay,2,1,FIFA World Cup qualification,Quito,Ecuador,FALSE
2023-09-12,Venezuela,Paraguay,1,0,FIFA World Cup qualification,Maturín,Venezuela,FALSE
2023-09-12,Peru,Brazil,0,1,FIFA World Cup qualification,Lima,Peru,FALSE
2023-09-12,Chile,Colombia,0,0,FIFA World Cup qualification,Santiago,Chile,FALSE
2023-09-12,Azerbaijan,Jordan,2,1,Friendly,Baku,Azerbaijan,FALSE
2023-09-12,Bahrain,Turkmenistan,1,1,Friendly,Dubai,United Arab Emirates,TRUE
2023-09-12,China PR,Syria,0,1,Friendly,Chengdu,China PR,FALSE
2023-09-12,Egypt,Tunisia,1,3,Friendly,Cairo,Egypt,FALSE
2023-09-12,Germany,France,2,1,Friendly,Dortmund,Germany,FALSE
2023-09-12,Qatar,Russia,1,1,Friendly,Al Wakrah,Qatar,FALSE
2023-09-12,Ghana,Liberia,3,1,Friendly,Accra,Ghana,FALSE
2023-09-12,Iran,Angola,4,0,Friendly,Tehran,Iran,FALSE
2023-09-12,Japan,Turkey,4,2,Friendly,Genk,Belgium,TRUE
2023-09-12,Kenya,South Sudan,0,1,Friendly,Nairobi,Kenya,FALSE
2023-09-12,South Korea,Saudi Arabia,1,0,Friendly,Newcastle,England,TRUE
2023-09-12,Mexico,Uzbekistan,3,3,Friendly,Atlanta,United States,TRUE
2023-09-12,Morocco,Burkina Faso,1,0,Friendly,Lens,France,TRUE
2023-09-12,Philippines,Afghanistan,2,1,Friendly,Manila,Philippines,FALSE
2023-09-12,Scotland,England,1,3,Friendly,Glasgow,Scotland,FALSE
2023-09-12,Senegal,Algeria,0,1,Friendly,Diamniadio,Senegal,FALSE
2023-09-12,Singapore,Taiwan,3,1,Friendly,Bishan,Singapore,FALSE
2023-09-12,South Africa,DR Congo,1,0,Friendly,Johannesburg,South Africa,FALSE
2023-09-12,United Arab Emirates,Costa Rica,4,1,Friendly,Zagreb,Croatia,TRUE
2023-09-12,United States,Oman,4,0,Friendly,Saint Paul,United States,FALSE
2023-09-12,Cameroon,Burundi,3,0,African Cup of Nations qualification,Garoua,Cameroon,FALSE
2023-09-12,Norway,Georgia,2,1,UEFA Euro qualification,Oslo,Norway,FALSE
2023-09-12,Spain,Cyprus,6,0,UEFA Euro qualification,Granada,Spain,FALSE
2023-09-12,Italy,Ukraine,2,1,UEFA Euro qualification,Milan,Italy,FALSE
2023-09-12,Malta,North Macedonia,0,2,UEFA Euro qualification,Ta' Qali,Malta,FALSE
2023-09-12,Belgium,Estonia,5,0,UEFA Euro qualification,Brussels,Belgium,FALSE
2023-09-12,Sweden,Austria,1,3,UEFA Euro qualification,Stockholm,Sweden,FALSE
2023-09-12,Switzerland,Andorra,3,0,UEFA Euro qualification,Sion,Switzerland,FALSE
2023-09-12,Israel,Belarus,1,0,UEFA Euro qualification,Tel Aviv,Israel,FALSE
2023-09-12,Romania,Kosovo,2,0,UEFA Euro qualification,Bucharest,Romania,FALSE
2023-10-10,China PR,Vietnam,2,0,Friendly,Dalian,China PR,FALSE
2023-10-11,Wales,Gibraltar,4,0,Friendly,Wrexham,Wales,FALSE
2023-10-12,Suriname,Haiti,1,1,CONCACAF Nations League,Paramaribo,Suriname,FALSE
2023-10-12,Grenada,Jamaica,1,4,CONCACAF Nations League,St. George's,Grenada,FALSE
2023-10-12,Cuba,Honduras,0,0,CONCACAF Nations League,Santo Domingo,Dominican Republic,TRUE
2023-10-12,Sint Maarten,Saint Kitts and Nevis,2,3,CONCACAF Nations League,The Valley,Anguilla,TRUE
2023-10-12,Saint Lucia,Guadeloupe,2,1,CONCACAF Nations League,Gros Islet,Saint Lucia,FALSE
2023-10-12,Bonaire,Anguilla,2,0,CONCACAF Nations League,Rincon,Bonaire,FALSE
2023-10-12,Dominica,British Virgin Islands,1,1,CONCACAF Nations League,Gros Islet,Saint Lucia,TRUE
2023-10-12,Colombia,Uruguay,2,2,FIFA World Cup qualification,Barranquilla,Colombia,FALSE
2023-10-12,Bolivia,Ecuador,1,2,FIFA World Cup qualification,La Paz,Bolivia,FALSE
2023-10-12,Argentina,Paraguay,1,0,FIFA World Cup qualification,Buenos Aires,Argentina,FALSE
2023-10-12,Brazil,Venezuela,1,1,FIFA World Cup qualification,Cuiabá,Brazil,FALSE
2023-10-12,Chile,Peru,2,0,FIFA World Cup qualification,Santiago,Chile,FALSE
2023-10-12,Afghanistan,Mongolia,1,0,FIFA World Cup qualification,Dushanbe,Tajikistan,TRUE
2023-10-12,Cambodia,Pakistan,0,0,FIFA World Cup qualification,Phnom Penh,Cambodia,FALSE
2023-10-12,Taiwan,Timor-Leste,4,0,FIFA World Cup qualification,Kaohsiung,Taiwan,FALSE
2023-10-12,Hong Kong,Bhutan,4,0,FIFA World Cup qualification,Hong Kong,Hong Kong,FALSE
2023-10-12,Indonesia,Brunei,6,0,FIFA World Cup qualification,Jakarta,Indonesia,FALSE
2023-10-12,Maldives,Bangladesh,1,1,FIFA World Cup qualification,Malé,Maldives,FALSE
2023-10-12,Myanmar,Macau,5,1,FIFA World Cup qualification,Yangon,Myanmar,FALSE
2023-10-12,Nepal,Laos,1,1,FIFA World Cup qualification,Kathmandu,Nepal,FALSE
2023-10-12,Singapore,Guam,2,1,FIFA World Cup qualification,Kallang,Singapore,FALSE
2023-10-12,Yemen,Sri Lanka,3,0,FIFA World Cup qualification,Abha,Saudi Arabia,TRUE
2023-10-12,Algeria,Cape Verde,5,1,Friendly,Constantine,Algeria,FALSE
2023-10-12,Bahrain,Kyrgyzstan,2,0,Friendly,Arad,Bahrain,FALSE
2023-10-12,Egypt,Zambia,1,0,Friendly,Al Ain,United Arab Emirates,TRUE
2023-10-12,Georgia,Thailand,8,0,Friendly,Tbilisi,Georgia,FALSE
2023-10-12,Montenegro,Lebanon,3,2,Friendly,Podgorica,Montenegro,FALSE
2023-10-12,Russia,Cameroon,1,0,Friendly,Moscow,Russia,FALSE
2023-10-12,Sweden,Moldova,3,1,Friendly,Stockholm,Sweden,FALSE
2023-10-12,Spain,Scotland,2,0,UEFA Euro qualification,Seville,Spain,FALSE
2023-10-12,Cyprus,Norway,0,4,UEFA Euro qualification,Larnaca,Cyprus,FALSE
2023-10-12,Latvia,Armenia,2,0,UEFA Euro qualification,Riga,Latvia,FALSE
2023-10-12,Croatia,Turkey,0,1,UEFA Euro qualification,Osijek,Croatia,FALSE
2023-10-12,Faroe Islands,Poland,0,2,UEFA Euro qualification,Tórshavn,Faroe Islands,FALSE
2023-10-12,Albania,Czech Republic,3,0,UEFA Euro qualification,Tirana,Albania,FALSE
2023-10-12,Andorra,Kosovo,0,3,UEFA Euro qualification,Andorra la Vella,Andorra,FALSE
2023-10-12,Belarus,Romania,0,0,UEFA Euro qualification,Budapest,Hungary,TRUE
2023-10-13,Curaçao,Panama,1,2,CONCACAF Nations League,Willemstad,Curaçao,FALSE
2023-10-13,Martinique,El Salvador,1,0,CONCACAF Nations League,Fort-de-France,Martinique,FALSE
2023-10-13,Trinidad and Tobago,Guatemala,3,2,CONCACAF Nations League,Port of Spain,Trinidad and Tobago,FALSE
2023-10-13,Montserrat,Nicaragua,0,3,CONCACAF Nations League,Bridgetown,Barbados,TRUE
2023-10-13,Barbados,Dominican Republic,0,5,CONCACAF Nations League,Bridgetown,Barbados,FALSE
2023-10-13,Saint Vincent and the Grenadines,French Guiana,1,4,CONCACAF Nations League,Kingstown,Saint Vincent and the Grenadines,FALSE
2023-10-13,Belize,Bermuda,0,1,CONCACAF Nations League,Belmopan,Belize,FALSE
2023-10-13,DR Congo,New Zealand,1,1,Friendly,Murcia,Spain,TRUE
2023-10-13,England,Australia,1,0,Friendly,London,England,FALSE
2023-10-13,Equatorial Guinea,Burkina Faso,0,0,Friendly,Malabo,Equatorial Guinea,FALSE
2023-10-13,Guinea,Guinea-Bissau,1,0,Friendly,Setúbal,Portugal,TRUE
2023-10-13,Iraq,Qatar,0,0,Friendly,Amman,Jordan,TRUE
2023-10-13,Japan,Canada,4,1,Friendly,Niigata,Japan,FALSE
2023-10-13,South Korea,Tunisia,4,0,Friendly,Seoul,South Korea,FALSE
2023-10-13,Mali,Uganda,1,0,Friendly,Bamako,Mali,FALSE
2023-10-13,Nigeria,Saudi Arabia,2,2,Friendly,Portimão,Portugal,TRUE
2023-10-13,South Africa,Eswatini,0,0,Friendly,Johannesburg,South Africa,FALSE
2023-10-13,Vietnam,Uzbekistan,0,2,Friendly,Dalian,China PR,TRUE
2023-10-13,Republic of Ireland,Greece,0,2,UEFA Euro qualification,Dublin,Republic of Ireland,FALSE
2023-10-13,Netherlands,France,1,2,UEFA Euro qualification,Amsterdam,Netherlands,FALSE
2023-10-13,Estonia,Azerbaijan,0,2,UEFA Euro qualification,Tallinn,Estonia,FALSE
2023-10-13,Austria,Belgium,2,3,UEFA Euro qualification,Vienna,Austria,FALSE
2023-10-13,Iceland,Luxembourg,1,1,UEFA Euro qualification,Reykjavík,Iceland,FALSE
2023-10-13,Portugal,Slovakia,3,2,UEFA Euro qualification,Porto,Portugal,FALSE
2023-10-13,Liechtenstein,Bosnia and Herzegovina,0,2,UEFA Euro qualification,Vaduz,Liechtenstein,FALSE
2023-10-13,Angola,Mozambique,1,1,Friendly,Albufeira,Portugal,TRUE
2023-10-14,Puerto Rico,Guyana,1,3,CONCACAF Nations League,Añasco,Puerto Rico,FALSE
2023-10-14,Bahamas,Antigua and Barbuda,1,4,CONCACAF Nations League,Nassau,Bahamas,FALSE
2023-10-14,Aruba,United States Virgin Islands,3,1,CONCACAF Nations League,Oranjestad,Aruba,FALSE
2023-10-14,Ivory Coast,Morocco,1,1,Friendly,Abidjan,Ivory Coast,FALSE
2023-10-14,Liberia,Libya,2,3,Friendly,Khouribga,Morocco,TRUE
2023-10-14,Mauritania,Madagascar,2,1,Friendly,Mohammedia,Morocco,TRUE
2023-10-14,Mexico,Ghana,2,0,Friendly,Charlotte,United States,TRUE
2023-10-14,Niger,Somalia,3,0,Friendly,Mohammedia,Morocco,TRUE
2023-10-14,Sierra Leone,Benin,1,1,Friendly,Khouribga,Morocco,TRUE
2023-10-14,United States,Germany,1,3,Friendly,East Hartford,United States,FALSE
2023-10-14,Ukraine,North Macedonia,2,0,UEFA Euro qualification,Prague,Czech Republic,TRUE
2023-10-14,Italy,Malta,4,0,UEFA Euro qualification,Bari,Italy,FALSE
2023-10-14,Bulgaria,Lithuania,0,2,UEFA Euro qualification,Sofia,Bulgaria,FALSE
2023-10-14,Hungary,Serbia,2,1,UEFA Euro qualification,Budapest,Hungary,FALSE
2023-10-14,Northern Ireland,San Marino,3,0,UEFA Euro qualification,Belfast,Northern Ireland,FALSE
2023-10-14,Slovenia,Finland,3,0,UEFA Euro qualification,Ljubljana,Slovenia,FALSE
2023-10-14,Denmark,Kazakhstan,3,1,UEFA Euro qualification,Copenhagen,Denmark,FALSE
2023-10-15,Honduras,Cuba,4,0,CONCACAF Nations League,Tegucigalpa,Honduras,FALSE
2023-10-15,Haiti,Jamaica,2,3,CONCACAF Nations League,Port of Spain,Trinidad and Tobago,TRUE
2023-10-15,Suriname,Grenada,4,0,CONCACAF Nations League,Paramaribo,Suriname,FALSE
2023-10-15,Guadeloupe,Saint Lucia,2,0,CONCACAF Nations League,Sainte-Anne,Guadeloupe,FALSE
2023-10-15,Saint Kitts and Nevis,Sint Maarten,0,1,CONCACAF Nations League,Basseterre,Saint Kitts and Nevis,FALSE
2023-10-15,Kyrgyzstan,Philippines,0,1,Friendly,Manama,Bahrain,TRUE
2023-10-15,Sudan,Tanzania,1,1,Friendly,Taif,Saudi Arabia,TRUE
2023-10-15,Georgia,Cyprus,4,0,UEFA Euro qualification,Tbilisi,Georgia,FALSE
2023-10-15,Norway,Spain,0,1,UEFA Euro qualification,Oslo,Norway,FALSE
2023-10-15,Wales,Croatia,2,1,UEFA Euro qualification,Cardiff,Wales,FALSE
2023-10-15,Turkey,Latvia,4,0,UEFA Euro qualification,Konya,Turkey,FALSE
2023-10-15,Czech Republic,Faroe Islands,1,0,UEFA Euro qualification,Plzeň,Czech Republic,FALSE
2023-10-15,Poland,Moldova,1,1,UEFA Euro qualification,Warsaw,Poland,FALSE
2023-10-15,Switzerland,Belarus,3,3,UEFA Euro qualification,St. Gallen,Switzerland,FALSE
2023-10-15,Romania,Andorra,4,0,UEFA Euro qualification,Bucharest,Romania,FALSE
2023-10-16,Dominican Republic,Barbados,5,2,CONCACAF Nations League,Santiago de los Caballeros,Dominican Republic,FALSE
2023-10-16,Nicaragua,Montserrat,3,0,CONCACAF Nations League,Managua,Nicaragua,FALSE
2023-10-16,French Guiana,Saint Vincent and the Grenadines,3,2,CONCACAF Nations League,Fort-de-France,Martinique,TRUE
2023-10-16,Saint Martin,Anguilla,8,0,CONCACAF Nations League,Basseterre,Saint Kitts and Nevis,TRUE
2023-10-16,Turks and Caicos Islands,British Virgin Islands,2,2,CONCACAF Nations League,Providenciales,Turks and Caicos Islands,FALSE
2023-10-16,Algeria,Egypt,1,1,Friendly,Al Ain,United Arab Emirates,TRUE
2023-10-16,Botswana,Eswatini,2,1,Friendly,Lobatse,Botswana,FALSE
2023-10-16,Kenya,Russia,2,2,Friendly,Antalya,Turkey,TRUE
2023-10-16,China PR,Uzbekistan,1,2,Friendly,Dalian,China PR,FALSE
2023-10-16,Mozambique,Nigeria,2,3,Friendly,Albufeira,Portugal,TRUE
2023-10-16,Senegal,Cameroon,1,0,Friendly,Lens,France,TRUE
2023-10-16,Gibraltar,Republic of Ireland,0,4,UEFA Euro qualification,Faro-Loulé,Portugal,TRUE
2023-10-16,Greece,Netherlands,0,1,UEFA Euro qualification,Athens,Greece,FALSE
2023-10-16,Azerbaijan,Austria,0,1,UEFA Euro qualification,Baku,Azerbaijan,FALSE
2023-10-16,Belgium,Sweden,1,1,UEFA Euro qualification,Brussels,Belgium,FALSE
2023-10-16,Iceland,Liechtenstein,4,0,UEFA Euro qualification,Reykjavík,Iceland,FALSE
2023-10-16,Bosnia and Herzegovina,Portugal,0,5,UEFA Euro qualification,Zenica,Bosnia and Herzegovina,FALSE
2023-10-16,Luxembourg,Slovakia,0,1,UEFA Euro qualification,Luxembourg,Luxembourg,FALSE
2023-10-17,El Salvador,Martinique,0,0,CONCACAF Nations League,San Salvador,El Salvador,FALSE
2023-10-17,Panama,Guatemala,3,0,CONCACAF Nations League,Panama City,Panama,FALSE
2023-10-17,Curaçao,Trinidad and Tobago,5,3,CONCACAF Nations League,Willemstad,Curaçao,FALSE
2023-10-17,Bermuda,Belize,1,1,CONCACAF Nations League,Devonshire Parish,Bermuda,FALSE
2023-10-17,Antigua and Barbuda,Bahamas,2,2,CONCACAF Nations League,Piggotts,Antigua and Barbuda,FALSE
2023-10-17,Guyana,Puerto Rico,3,1,CONCACAF Nations League,Basseterre,Saint Kitts and Nevis,TRUE
2023-10-17,Cayman Islands,United States Virgin Islands,2,1,CONCACAF Nations League,George Town,Cayman Islands,FALSE
2023-10-17,Venezuela,Chile,3,0,FIFA World Cup qualification,Maturín,Venezuela,FALSE
2023-10-17,Ecuador,Colombia,0,0,FIFA World Cup qualification,Quito,Ecuador,FALSE
2023-10-17,Paraguay,Bolivia,1,0,FIFA World Cup qualification,Asunción,Paraguay,FALSE
2023-10-17,Peru,Argentina,0,2,FIFA World Cup qualification,Lima,Peru,FALSE
2023-10-17,Uruguay,Brazil,2,0,FIFA World Cup qualification,Montevideo,Uruguay,FALSE
2023-10-17,Bangladesh,Maldives,2,1,FIFA World Cup qualification,Dhaka,Bangladesh,FALSE
2023-10-17,Bhutan,Hong Kong,2,0,FIFA World Cup qualification,Thimphu,Bhutan,FALSE
2023-10-17,Brunei,Indonesia,0,6,FIFA World Cup qualification,Bandar Seri Begawan,Brunei,FALSE
2023-10-17,Guam,Singapore,0,1,FIFA World Cup qualification,Dededo,Guam,FALSE
2023-10-17,Laos,Nepal,0,1,FIFA World Cup qualification,Vientiane,Laos,FALSE
2023-10-17,Macau,Myanmar,0,0,FIFA World Cup qualification,Taipa,Macau,FALSE
2023-10-17,Mongolia,Afghanistan,0,1,FIFA World Cup qualification,Ulaanbaatar,Mongolia,FALSE
2023-10-17,Pakistan,Cambodia,1,0,FIFA World Cup qualification,Islamabad,Pakistan,FALSE
2023-10-17,Sri Lanka,Yemen,1,1,FIFA World Cup qualification,Colombo,Sri Lanka,FALSE
2023-10-17,Taiwan,Timor-Leste,3,0,FIFA World Cup qualification,Kaohsiung,Taiwan,FALSE
2023-10-17,Albania,Bulgaria,2,0,Friendly,Tirana,Albania,FALSE
2023-10-17,Angola,DR Congo,0,0,Friendly,Setúbal,Portugal,TRUE
2023-10-17,Bahrain,Philippines,1,0,Friendly,Arad,Bahrain,FALSE
2023-10-17,Benin,Madagascar,1,2,Friendly,Casablanca,Morocco,TRUE
2023-10-17,Burkina Faso,Mauritania,2,1,Friendly,Casablanca,Morocco,TRUE
2023-10-17,Cape Verde,Comoros,1,2,Friendly,Fos-sur-Mer,Cape Verde,FALSE
2023-10-17,Estonia,Thailand,1,1,Friendly,Tallinn,Estonia,FALSE
2023-10-17,France,Scotland,4,1,Friendly,Lille,France,FALSE
2023-10-17,Guinea,Gabon,1,1,Friendly,Faro-Loulé,Portugal,TRUE
2023-10-17,Ivory Coast,South Africa,1,1,Friendly,Abidjan,Ivory Coast,FALSE
2023-10-17,South Korea,Vietnam,6,0,Friendly,Suwon,South Korea,FALSE
2023-10-17,Libya,Niger,1,1,Friendly,Khouribga,Morocco,TRUE
2023-10-17,Mali,Saudi Arabia,3,1,Friendly,Portimão,Portugal,TRUE
2023-10-17,Mexico,Germany,2,2,Friendly,Philadelphia,United States,TRUE
2023-10-17,North Macedonia,Armenia,3,1,Friendly,Strumica,North Macedonia,FALSE
2023-10-17,Somalia,Sierra Leone,0,2,Friendly,Khouribga,Morocco,TRUE
2023-10-17,Sudan,Chad,1,0,Friendly,Taif,Saudi Arabia,TRUE
2023-10-17,Syria,Kuwait,1,2,Friendly,Dubai,United Arab Emirates,TRUE
2023-10-17,United Arab Emirates,Lebanon,2,1,Friendly,Dubai,United Arab Emirates,FALSE
2023-10-17,United States,Ghana,4,0,Friendly,Nashville,United States,FALSE
2023-10-17,Zambia,Uganda,3,0,Friendly,Sharjah,United Arab Emirates,TRUE
2023-10-17,Morocco,Liberia,3,0,African Cup of Nations qualification,Agadir,Morocco,FALSE
2023-10-17,England,Italy,3,1,UEFA Euro qualification,London,England,FALSE
2023-10-17,Malta,Ukraine,1,3,UEFA Euro qualification,Ta' Qali,Malta,FALSE
2023-10-17,Serbia,Montenegro,3,1,UEFA Euro qualification,Belgrade,Serbia,FALSE
2023-10-17,Lithuania,Hungary,2,2,UEFA Euro qualification,Kaunas,Lithuania,FALSE
2023-10-17,Finland,Kazakhstan,1,2,UEFA Euro qualification,Helsinki,Finland,FALSE
2023-10-17,Northern Ireland,Slovenia,0,1,UEFA Euro qualification,Belfast,Northern Ireland,FALSE
2023-10-17,San Marino,Denmark,1,2,UEFA Euro qualification,Serravalle,San Marino,FALSE
2023-10-23,United Arab Emirates,Kuwait,1,0,Friendly,Dubai,United Arab Emirates,FALSE
2023-11-11,Guatemala,Jamaica,0,0,Friendly,Harrison,United States,TRUE
2023-11-12,Kosovo,Israel,1,0,UEFA Euro qualification,Pristina,Kosovo,FALSE
2023-11-15,Ethiopia,Sierra Leone,0,0,FIFA World Cup qualification,El Jadida,Morocco,TRUE
2023-11-15,DR Congo,Mauritania,2,0,FIFA World Cup qualification,Kinshasa,DR Congo,FALSE
2023-11-15,Rwanda,Zimbabwe,0,0,FIFA World Cup qualification,Butare,Rwanda,FALSE
2023-11-15,Equatorial Guinea,Namibia,0,3,FIFA World Cup qualification,Malabo,Equatorial Guinea,FALSE
2023-11-15,Belgium,Serbia,1,0,Friendly,Leuven,Belgium,FALSE
2023-11-15,Israel,Switzerland,1,1,UEFA Euro qualification,Felcsút,Hungary,TRUE
2023-11-16,Sint Maarten,Guadeloupe,0,2,CONCACAF Nations League,Bridgetown,Barbados,TRUE
2023-11-16,Saint Kitts and Nevis,Saint Lucia,0,0,CONCACAF Nations League,Basseterre,Saint Kitts and Nevis,FALSE
2023-11-16,United States Virgin Islands,Aruba,1,4,CONCACAF Nations League,Saint Croix,United States Virgin Islands,FALSE
2023-11-16,British Virgin Islands,Dominica,1,2,CONCACAF Nations League,Road Town,British Virgin Islands,FALSE
2023-11-16,Costa Rica,Panama,0,3,CONCACAF Nations League,San José,Costa Rica,FALSE
2023-11-16,United States,Trinidad and Tobago,3,0,CONCACAF Nations League,Austin,United States,FALSE
2023-11-16,Bolivia,Peru,2,0,FIFA World Cup qualification,La Paz,Bolivia,FALSE
2023-11-16,Venezuela,Ecuador,0,0,FIFA World Cup qualification,Maturín,Venezuela,FALSE
2023-11-16,Colombia,Brazil,2,1,FIFA World Cup qualification,Barranquilla,Colombia,FALSE
2023-11-16,Argentina,Uruguay,0,2,FIFA World Cup qualification,Buenos Aires,Argentina,FALSE
2023-11-16,Chile,Paraguay,0,0,FIFA World Cup qualification,Santiago,Chile,FALSE
2023-11-16,Qatar,Afghanistan,8,1,FIFA World Cup qualification,Al Rayyan,Qatar,FALSE
2023-11-16,Kuwait,India,0,1,FIFA World Cup qualification,Kuwait City,Kuwait,FALSE
2023-11-16,Japan,Myanmar,5,0,FIFA World Cup qualification,Suita,Japan,FALSE
2023-11-16,Syria,North Korea,1,0,FIFA World Cup qualification,Jeddah,Saudi Arabia,TRUE
2023-11-16,Thailand,China PR,1,2,FIFA World Cup qualification,Bangkok,Thailand,FALSE
2023-11-16,South Korea,Singapore,5,0,FIFA World Cup qualification,Seoul,South Korea,FALSE
2023-11-16,Oman,Taiwan,3,0,FIFA World Cup qualification,Muscat,Oman,FALSE
2023-11-16,Malaysia,Kyrgyzstan,4,3,FIFA World Cup qualification,Kuala Lumpur,Malaysia,FALSE
2023-11-16,Iran,Hong Kong,4,0,FIFA World Cup qualification,Tehran,Iran,FALSE
2023-11-16,Turkmenistan,Uzbekistan,1,3,FIFA World Cup qualification,Ashgabat,Turkmenistan,FALSE
2023-11-16,Iraq,Indonesia,5,1,FIFA World Cup qualification,Basra,Iraq,FALSE
2023-11-16,Philippines,Vietnam,0,2,FIFA World Cup qualification,Manila,Philippines,FALSE
2023-11-16,Tajikistan,Jordan,1,1,FIFA World Cup qualification,Dushanbe,Tajikistan,FALSE
2023-11-16,Saudi Arabia,Pakistan,4,0,FIFA World Cup qualification,Al Hofuf,Saudi Arabia,FALSE
2023-11-16,United Arab Emirates,Nepal,4,0,FIFA World Cup qualification,Dubai,United Arab Emirates,FALSE
2023-11-16,Yemen,Bahrain,0,2,FIFA World Cup qualification,Abha,Saudi Arabia,TRUE
2023-11-16,Lebanon,Palestine,0,0,FIFA World Cup qualification,Sharjah,United Arab Emirates,TRUE
2023-11-16,Australia,Bangladesh,7,0,FIFA World Cup qualification,Melbourne,Australia,FALSE
2023-11-16,Egypt,Djibouti,6,0,FIFA World Cup qualification,Cairo,Egypt,FALSE
2023-11-16,Sudan,Togo,1,1,FIFA World Cup qualification,Benghazi,Libya,TRUE
2023-11-16,Nigeria,Lesotho,1,1,FIFA World Cup qualification,Uyo,Nigeria,FALSE
2023-11-16,Cape Verde,Angola,0,0,FIFA World Cup qualification,Praia,Cape Verde,FALSE
2023-11-16,Burundi,Gambia,3,2,FIFA World Cup qualification,Dar es Salaam,Tanzania,TRUE
2023-11-16,Gabon,Kenya,2,1,FIFA World Cup qualification,Franceville,Gabon,FALSE
2023-11-16,Botswana,Mozambique,2,3,FIFA World Cup qualification,Francistown,Botswana,FALSE
2023-11-16,Algeria,Somalia,3,1,FIFA World Cup qualification,Algiers,Algeria,FALSE
2023-11-16,Curaçao,El Salvador,1,1,Friendly,Willemstad,Curaçao,FALSE
2023-11-16,Norway,Faroe Islands,2,0,Friendly,Oslo,Norway,FALSE
2023-11-16,Cyprus,Spain,1,3,UEFA Euro qualification,Limassol,Cyprus,FALSE
2023-11-16,Georgia,Scotland,2,2,UEFA Euro qualification,Tbilisi,Georgia,FALSE
2023-11-16,Estonia,Austria,0,2,UEFA Euro qualification,Tallinn,Estonia,FALSE
2023-11-16,Azerbaijan,Sweden,3,0,UEFA Euro qualification,Baku,Azerbaijan,FALSE
2023-11-16,Bulgaria,Hungary,2,2,UEFA Euro qualification,Sofia,Bulgaria,FALSE
2023-11-16,Montenegro,Lithuania,2,0,UEFA Euro qualification,Podgorica,Montenegro,FALSE
2023-11-16,Liechtenstein,Portugal,0,2,UEFA Euro qualification,Vaduz,Liechtenstein,FALSE
2023-11-16,Luxembourg,Bosnia and Herzegovina,4,1,UEFA Euro qualification,Luxembourg,Luxembourg,FALSE
2023-11-16,Slovakia,Iceland,4,2,UEFA Euro qualification,Bratislava,Slovakia,FALSE
2023-11-17,Montserrat,Dominican Republic,2,1,CONCACAF Nations League,Lookout,Montserrat,FALSE
2023-11-17,Barbados,Nicaragua,0,4,CONCACAF Nations League,Bridgetown,Barbados,FALSE
2023-11-17,Bermuda,Saint Vincent and the Grenadines,3,1,CONCACAF Nations League,Devonshire Parish,Bermuda,FALSE
2023-11-17,Belize,French Guiana,1,0,CONCACAF Nations League,Belmopan,Belize,FALSE
2023-11-17,Honduras,Mexico,2,0,CONCACAF Nations League,Tegucigalpa,Honduras,FALSE
2023-11-17,Burkina Faso,Guinea-Bissau,1,1,FIFA World Cup qualification,Marrakech,Morocco,TRUE
2023-11-17,Eswatini,Libya,0,1,FIFA World Cup qualification,Mbombela,South Africa,TRUE
2023-11-17,Cameroon,Mauritius,3,0,FIFA World Cup qualification,Douala,Cameroon,FALSE
2023-11-17,Zambia,Congo,4,2,FIFA World Cup qualification,Ndola,Zambia,FALSE
2023-11-17,Ivory Coast,Seychelles,9,0,FIFA World Cup qualification,Abidjan,Ivory Coast,FALSE
2023-11-17,Guinea,Uganda,2,1,FIFA World Cup qualification,Berkane,Morocco,TRUE
2023-11-17,Liberia,Malawi,0,1,FIFA World Cup qualification,Monrovia,Liberia,FALSE
2023-11-17,Tunisia,São Tomé and Príncipe,4,0,FIFA World Cup qualification,Radès,Tunisia,FALSE
2023-11-17,Comoros,Central African Republic,4,2,FIFA World Cup qualification,Moroni,Comoros,FALSE
2023-11-17,Ghana,Madagascar,1,0,FIFA World Cup qualification,Kumasi,Ghana,FALSE
2023-11-17,Mali,Chad,3,1,FIFA World Cup qualification,Bamako,Mali,FALSE
2023-11-17,Greece,New Zealand,2,0,Friendly,Athens,Greece,FALSE
2023-11-17,England,Malta,2,0,UEFA Euro qualification,London,England,FALSE
2023-11-17,Italy,North Macedonia,5,2,UEFA Euro qualification,Rome,Italy,FALSE
2023-11-17,Moldova,Albania,1,1,UEFA Euro qualification,Chișinău,Moldova,FALSE
2023-11-17,Poland,Czech Republic,1,1,UEFA Euro qualification,Warsaw,Poland,FALSE
2023-11-17,Finland,Northern Ireland,4,0,UEFA Euro qualification,Helsinki,Finland,FALSE
2023-11-17,Denmark,Slovenia,2,1,UEFA Euro qualification,Copenhagen,Denmark,FALSE
2023-11-17,Kazakhstan,San Marino,3,1,UEFA Euro qualification,Astana,Kazakhstan,FALSE
2023-11-18,Antigua and Barbuda,Puerto Rico,2,3,CONCACAF Nations League,Piggotts,Antigua and Barbuda,FALSE
2023-11-18,Anguilla,Bonaire,0,3,CONCACAF Nations League,The Valley,Anguilla,FALSE
2023-11-18,Jamaica,Canada,1,2,CONCACAF Nations League,Kingston,Jamaica,FALSE
2023-11-18,Senegal,South Sudan,4,0,FIFA World Cup qualification,Diamniadio,Senegal,FALSE
2023-11-18,South Africa,Benin,2,1,FIFA World Cup qualification,Durban,South Africa,FALSE
2023-11-18,Niger,Tanzania,0,1,FIFA World Cup qualification,Marrakech,Morocco,TRUE
2023-11-18,Germany,Turkey,2,3,Friendly,Berlin,Germany,FALSE
2023-11-18,France,Gibraltar,14,0,UEFA Euro qualification,Nice,France,FALSE
2023-11-18,Netherlands,Republic of Ireland,1,0,UEFA Euro qualification,Amsterdam,Netherlands,FALSE
2023-11-18,Armenia,Wales,1,1,UEFA Euro qualification,Yerevan,Armenia,FALSE
2023-11-18,Latvia,Croatia,0,2,UEFA Euro qualification,Riga,Latvia,FALSE
2023-11-18,Belarus,Andorra,1,0,UEFA Euro qualification,Budapest,Hungary,TRUE
2023-11-18,Switzerland,Kosovo,1,1,UEFA Euro qualification,Basel,Switzerland,FALSE
2023-11-18,Israel,Romania,1,2,UEFA Euro qualification,Felcsút,Hungary,TRUE
2023-11-19,Guadeloupe,Saint Kitts and Nevis,5,0,CONCACAF Nations League,Sainte-Anne,Guadeloupe,FALSE
2023-11-19,Saint Lucia,Sint Maarten,1,2,CONCACAF Nations League,Gros Islet,Saint Lucia,FALSE
2023-11-19,Sierra Leone,Egypt,0,2,FIFA World Cup qualification,Monrovia,Liberia,TRUE
2023-11-19,Sudan,DR Congo,1,0,FIFA World Cup qualification,Benghazi,Libya,TRUE
2023-11-19,Zimbabwe,Nigeria,1,1,FIFA World Cup qualification,Butare,Rwanda,TRUE
2023-11-19,Burundi,Gabon,1,2,FIFA World Cup qualification,Dar es Salaam,Tanzania,TRUE
2023-11-19,Mozambique,Algeria,0,2,FIFA World Cup qualification,Maputo,Mozambique,FALSE
2023-11-19,Cyprus,Lithuania,1,0,Friendly,Limassol,Cyprus,FALSE
2023-11-19,Scotland,Norway,3,3,UEFA Euro qualification,Glasgow,Scotland,FALSE
2023-11-19,Spain,Georgia,3,1,UEFA Euro qualification,Valladolid,Spain,FALSE
2023-11-19,Belgium,Azerbaijan,5,0,UEFA Euro qualification,Brussels,Belgium,FALSE
2023-11-19,Sweden,Estonia,2,0,UEFA Euro qualification,Stockholm,Sweden,FALSE
2023-11-19,Hungary,Montenegro,3,1,UEFA Euro qualification,Budapest,Hungary,FALSE
2023-11-19,Serbia,Bulgaria,2,2,UEFA Euro qualification,Leskovac,Serbia,FALSE
2023-11-19,Portugal,Iceland,2,0,UEFA Euro qualification,Lisbon,Portugal,FALSE
2023-11-19,Bosnia and Herzegovina,Slovakia,1,2,UEFA Euro qualification,Zenica,Bosnia and Herzegovina,FALSE
2023-11-19,Liechtenstein,Luxembourg,0,1,UEFA Euro qualification,Vaduz,Liechtenstein,FALSE
2023-11-20,Montserrat,Barbados,4,2,CONCACAF Nations League,Lookout,Montserrat,FALSE
2023-11-20,Aruba,Cayman Islands,5,1,CONCACAF Nations League,Oranjestad,Aruba,FALSE
2023-11-20,Dominica,Turks and Caicos Islands,2,0,CONCACAF Nations League,Road Town,British Virgin Islands,TRUE
2023-11-20,Panama,Costa Rica,3,1,CONCACAF Nations League,Panama City,Panama,FALSE
2023-11-20,Trinidad and Tobago,United States,2,1,CONCACAF Nations League,Port of Spain,Trinidad and Tobago,FALSE
2023-11-20,Djibouti,Guinea-Bissau,0,1,FIFA World Cup qualification,Cairo,Egypt,TRUE
2023-11-20,Gambia,Ivory Coast,0,2,FIFA World Cup qualification,Dar es Salaam,Tanzania,TRUE
2023-11-20,Seychelles,Kenya,0,5,FIFA World Cup qualification,Abidjan,Ivory Coast,TRUE
2023-11-20,Liberia,Equatorial Guinea,3,0,FIFA World Cup qualification,Monrovia,Liberia,FALSE
2023-11-20,Mali,Central African Republic,1,1,FIFA World Cup qualification,Bamako,Mali,FALSE
2023-11-20,Chad,Madagascar,0,3,FIFA World Cup qualification,Oujda,Morocco,TRUE
2023-11-20,Curaçao,El Salvador,1,1,Friendly,Willemstad,Curaçao,FALSE
2023-11-20,Russia,Cuba,8,0,Friendly,Volgograd,Russia,FALSE
2023-11-20,North Macedonia,England,1,1,UEFA Euro qualification,Skopje,North Macedonia,FALSE
2023-11-20,Ukraine,Italy,0,0,UEFA Euro qualification,Leverkusen,Germany,TRUE
2023-11-20,Albania,Faroe Islands,0,0,UEFA Euro qualification,Tirana,Albania,FALSE
2023-11-20,Czech Republic,Moldova,3,0,UEFA Euro qualification,Olomouc,Czech Republic,FALSE
2023-11-20,Northern Ireland,Denmark,2,0,UEFA Euro qualification,Belfast,Northern Ireland,FALSE
2023-11-20,San Marino,Finland,1,2,UEFA Euro qualification,Serravalle,San Marino,FALSE
2023-11-20,Slovenia,Kazakhstan,2,1,UEFA Euro qualification,Ljubljana,Slovenia,FALSE
2023-11-21,Nicaragua,Dominican Republic,0,0,CONCACAF Nations League,Managua,Nicaragua,FALSE
2023-11-21,French Guiana,Bermuda,3,0,CONCACAF Nations League,Fort-de-France,Martinique,TRUE
2023-11-21,Saint Vincent and the Grenadines,Belize,3,0,CONCACAF Nations League,Saint George's,Saint Vincent and the Grenadines,FALSE
2023-11-21,Guyana,Antigua and Barbuda,6,0,CONCACAF Nations League,Santo Domingo,Dominican Republic,TRUE
2023-11-21,Puerto Rico,Bahamas,6,1,CONCACAF Nations League,Bayamón,Puerto Rico,FALSE
2023-11-21,Bonaire,Saint Martin,0,4,CONCACAF Nations League,Rincon,Bonaire,FALSE
2023-11-21,Canada,Jamaica,2,3,CONCACAF Nations League,Toronto,Canada,FALSE
2023-11-21,Mexico,Honduras,2,0,CONCACAF Nations League,Mexico City,Mexico,FALSE
2023-11-21,Ecuador,Chile,1,0,FIFA World Cup qualification,Quito,Ecuador,FALSE
2023-11-21,Paraguay,Colombia,0,1,FIFA World Cup qualification,Asunción,Paraguay,FALSE
2023-11-21,Uruguay,Bolivia,3,0,FIFA World Cup qualification,Montevideo,Uruguay,FALSE
2023-11-21,Peru,Venezuela,1,1,FIFA World Cup qualification,Lima,Peru,FALSE
2023-11-21,Brazil,Argentina,0,1,FIFA World Cup qualification,Rio de Janeiro,Brazil,FALSE
2023-11-21,India,Qatar,0,3,FIFA World Cup qualification,Bhubaneswar,India,FALSE
2023-11-21,Afghanistan,Kuwait,0,4,FIFA World Cup qualification,Dammam,Saudi Arabia,TRUE
2023-11-21,Myanmar,North Korea,1,6,FIFA World Cup qualification,Yangon,Myanmar,FALSE
2023-11-21,Syria,Japan,0,5,FIFA World Cup qualification,Jeddah,Saudi Arabia,TRUE
2023-11-21,China PR,South Korea,0,3,FIFA World Cup qualification,Shenzhen,China PR,FALSE
2023-11-21,Singapore,Thailand,1,3,FIFA World Cup qualification,Kallang,Singapore,FALSE
2023-11-21,Taiwan,Malaysia,0,1,FIFA World Cup qualification,Taipei,Taiwan,FALSE
2023-11-21,Kyrgyzstan,Oman,1,0,FIFA World Cup qualification,Bishkek,Kyrgyzstan,FALSE
2023-11-21,Uzbekistan,Iran,2,2,FIFA World Cup qualification,Tashkent,Uzbekistan,FALSE
2023-11-21,Hong Kong,Turkmenistan,2,2,FIFA World Cup qualification,Hong Kong,Hong Kong,FALSE
2023-11-21,Philippines,Indonesia,1,1,FIFA World Cup qualification,Manila,Philippines,FALSE
2023-11-21,Vietnam,Iraq,0,1,FIFA World Cup qualification,Hanoi,Vietnam,FALSE
2023-11-21,Pakistan,Tajikistan,1,6,FIFA World Cup qualification,Islamabad,Pakistan,FALSE
2023-11-21,Jordan,Saudi Arabia,0,2,FIFA World Cup qualification,Amman,Jordan,FALSE
2023-11-21,Bahrain,United Arab Emirates,0,2,FIFA World Cup qualification,Riffa,Bahrain,FALSE
2023-11-21,Nepal,Yemen,0,2,FIFA World Cup qualification,Kathmandu,Nepal,FALSE
2023-11-21,Palestine,Australia,0,1,FIFA World Cup qualification,Kuwait City,Kuwait,TRUE
2023-11-21,Bangladesh,Lebanon,1,1,FIFA World Cup qualification,Dhaka,Bangladesh,FALSE
2023-11-21,Ethiopia,Burkina Faso,0,3,FIFA World Cup qualification,El Jadida,Morocco,TRUE
2023-11-21,South Sudan,Mauritania,0,0,FIFA World Cup qualification,Diamniadio,Senegal,TRUE
2023-11-21,Togo,Senegal,0,0,FIFA World Cup qualification,Lomé,Togo,FALSE
2023-11-21,Lesotho,Benin,0,0,FIFA World Cup qualification,Durban,South Africa,TRUE
2023-11-21,Rwanda,South Africa,2,0,FIFA World Cup qualification,Butare,Rwanda,FALSE
2023-11-21,Eswatini,Cape Verde,0,2,FIFA World Cup qualification,Mbombela,South Africa,TRUE
2023-11-21,Libya,Cameroon,1,1,FIFA World Cup qualification,Benghazi,Libya,FALSE
2023-11-21,Mauritius,Angola,0,0,FIFA World Cup qualification,Saint Pierre,Mauritius,FALSE
2023-11-21,Niger,Zambia,2,1,FIFA World Cup qualification,Marrakech,Morocco,TRUE
2023-11-21,Tanzania,Morocco,0,2,FIFA World Cup qualification,Dar es Salaam,Tanzania,FALSE
2023-11-21,Somalia,Uganda,0,1,FIFA World Cup qualification,Berkane,Morocco,TRUE
2023-11-21,Botswana,Guinea,1,0,FIFA World Cup qualification,Francistown,Botswana,FALSE
2023-11-21,Malawi,Tunisia,0,1,FIFA World Cup qualification,Lilongwe,Malawi,FALSE
2023-11-21,São Tomé and Príncipe,Namibia,0,2,FIFA World Cup qualification,Agadir,Morocco,TRUE
2023-11-21,Comoros,Ghana,1,0,FIFA World Cup qualification,Moroni,Comoros,FALSE
2023-11-21,Austria,Germany,2,0,Friendly,Vienna,Austria,FALSE
2023-11-21,Poland,Latvia,2,0,Friendly,Warsaw,Poland,FALSE
2023-11-21,Republic of Ireland,New Zealand,1,1,Friendly,Dublin,Republic of Ireland,FALSE
2023-11-21,Gibraltar,Netherlands,0,6,UEFA Euro qualification,Faro-Loulé,Portugal,TRUE
2023-11-21,Greece,France,2,2,UEFA Euro qualification,Athens,Greece,FALSE
2023-11-21,Wales,Turkey,1,1,UEFA Euro qualification,Cardiff,Wales,FALSE
2023-11-21,Croatia,Armenia,1,0,UEFA Euro qualification,Zagreb,Croatia,FALSE
2023-11-21,Andorra,Israel,0,2,UEFA Euro qualification,Andorra la Vella,Andorra,FALSE
2023-11-21,Kosovo,Belarus,0,1,UEFA Euro qualification,Pristina,Kosovo,FALSE
2023-11-21,Romania,Switzerland,1,0,UEFA Euro qualification,Bucharest,Romania,FALSE
2023-12-16,Mexico,Colombia,2,3,Friendly,Los Angeles,United States,TRUE
2024-01-01,Japan,Thailand,5,0,Friendly,Tokyo,Japan,FALSE
2024-01-01,China PR,Hong Kong,1,2,Friendly,Abu Dhabi,United Arab Emirates,TRUE
2024-01-02,Indonesia,Libya,0,4,Friendly,Antalya,Turkey,TRUE
2024-01-04,Tajikistan,Hong Kong,2,1,Friendly,Abu Dhabi,United Arab Emirates,TRUE
2024-01-04,Saudi Arabia,Lebanon,1,0,Friendly,Doha,Qatar,TRUE
2024-01-05,Indonesia,Libya,1,2,Friendly,Antalya,Turkey,TRUE
2024-01-05,Iran,Burkina Faso,2,1,Friendly,Kish,Iran,FALSE
2024-01-05,Kyrgyzstan,Syria,1,1,Friendly,Abu Dhabi,United Arab Emirates,TRUE
2024-01-05,Qatar,Jordan,1,2,Friendly,Al Rayyan,Qatar,FALSE
2024-01-05,Togo,Algeria,0,3,Friendly,Lomé,Togo,FALSE
2024-01-06,DR Congo,Angola,0,0,Friendly,Dubai,United Arab Emirates,TRUE
2024-01-06,Iraq,South Korea,0,1,Friendly,Abu Dhabi,United Arab Emirates,TRUE
2024-01-06,Bahrain,Australia,0,2,Friendly,Abu Dhabi,United Arab Emirates,TRUE
2024-01-06,Mozambique,Lesotho,2,0,Friendly,Johannesburg,South Africa,TRUE
2024-01-06,United Arab Emirates,Oman,0,1,Friendly,Abu Dhabi,United Arab Emirates,FALSE
2024-01-06,Ivory Coast,Sierra Leone,5,1,Friendly,San-Pédro,Ivory Coast,FALSE
2024-01-06,Tunisia,Mauritania,0,0,Friendly,Radès,Tunisia,FALSE
2024-01-06,Mali,Guinea-Bissau,6,2,Friendly,Bamako,Mali,FALSE
2024-01-07,Uzbekistan,Palestine,1,0,Friendly,Doha,Qatar,TRUE
2024-01-07,Egypt,Tanzania,2,0,Friendly,Cairo,Egypt,FALSE
2024-01-08,Nigeria,Guinea,0,2,Friendly,Abu Dhabi,United Arab Emirates,TRUE
2024-01-08,Botswana,Mozambique,1,1,Friendly,Johannesburg,South Africa,TRUE
2024-01-08,Syria,Malaysia,2,2,Friendly,Doha,Qatar,TRUE
2024-01-08,Senegal,Niger,1,0,Friendly,Dakar,Senegal,FALSE
2024-01-08,Ghana,Namibia,0,0,Friendly,Kumasi,Ghana,FALSE
2024-01-09,Japan,Jordan,6,1,Friendly,Doha,Qatar,TRUE
2024-01-09,Kyrgyzstan,Vietnam,2,1,Friendly,Al Khor,Qatar,TRUE
2024-01-09,Zambia,Cameroon,1,1,Friendly,Jeddah,Saudi Arabia,TRUE
2024-01-09,Equatorial Guinea,Djibouti,1,1,Friendly,Malabo,Equatorial Guinea,FALSE
2024-01-09,Saudi Arabia,Palestine,0,0,Friendly,Al Wakrah,Qatar,TRUE
2024-01-09,Burundi,Algeria,0,4,Friendly,Lomé,Togo,TRUE
2024-01-09,Indonesia,Iran,0,5,Friendly,Al Rayyan,Qatar,TRUE
2024-01-10,South Africa,Lesotho,0,0,Friendly,Pretoria,South Africa,FALSE
2024-01-10,DR Congo,Burkina Faso,1,2,Friendly,Abu Dhabi,United Arab Emirates,TRUE
2024-01-10,Bahrain,Angola,0,3,Friendly,Dubai,United Arab Emirates,TRUE
2024-01-10,Saudi Arabia,Hong Kong,2,0,Friendly,Al Wakrah,Qatar,TRUE
2024-01-10,Tunisia,Cape Verde,2,0,Friendly,Radès,Tunisia,FALSE
2024-01-11,Morocco,Sierra Leone,3,1,Friendly,San-Pédro,Ivory Coast,TRUE
2024-01-12,Qatar,Lebanon,3,0,AFC Asian Cup,Lusail,Qatar,FALSE
2024-01-12,Kuwait,Libya,1,3,Friendly,Cairo,Egypt,TRUE
2024-01-12,Sweden,Estonia,2,1,Friendly,Paphos,Cyprus,TRUE
2024-01-13,China PR,Tajikistan,0,0,AFC Asian Cup,Doha,Qatar,TRUE
2024-01-13,Australia,India,2,0,AFC Asian Cup,Al Rayyan,Qatar,TRUE
2024-01-13,Uzbekistan,Syria,0,0,AFC Asian Cup,Doha,Qatar,TRUE
2024-01-13,Ivory Coast,Guinea-Bissau,2,0,African Cup of Nations,Ebimpé,Ivory Coast,FALSE
2024-01-13,Guatemala,Iceland,0,1,Friendly,Fort Lauderdale,United States,TRUE
2024-01-14,United Arab Emirates,Hong Kong,3,1,AFC Asian Cup,Al Rayyan,Qatar,TRUE
2024-01-14,Iran,Palestine,4,1,AFC Asian Cup,Al Rayyan,Qatar,TRUE
2024-01-14,Japan,Vietnam,4,2,AFC Asian Cup,Doha,Qatar,TRUE
2024-01-14,Nigeria,Equatorial Guinea,1,1,African Cup of Nations,Ebimpé,Ivory Coast,TRUE
2024-01-14,Egypt,Mozambique,2,2,African Cup of Nations,Abidjan,Ivory Coast,TRUE
2024-01-14,Ghana,Cape Verde,1,2,African Cup of Nations,Abidjan,Ivory Coast,TRUE
2024-01-15,Indonesia,Iraq,1,3,AFC Asian Cup,Doha,Qatar,TRUE
2024-01-15,South Korea,Bahrain,3,1,AFC Asian Cup,Doha,Qatar,TRUE
2024-01-15,Malaysia,Jordan,0,4,AFC Asian Cup,Al Wakrah,Qatar,TRUE
2024-01-15,Senegal,Gambia,3,0,African Cup of Nations,Yamoussoukro,Ivory Coast,TRUE
2024-01-15,Cameroon,Guinea,1,1,African Cup of Nations,Yamoussoukro,Ivory Coast,TRUE
2024-01-15,Algeria,Angola,1,1,African Cup of Nations,Bouaké,Ivory Coast,TRUE
2024-01-16,Thailand,Kyrgyzstan,2,0,AFC Asian Cup,Doha,Qatar,TRUE
2024-01-16,Saudi Arabia,Oman,2,1,AFC Asian Cup,Al Rayyan,Qatar,TRUE
2024-01-16,Burkina Faso,Mauritania,1,0,African Cup of Nations,Bouaké,Ivory Coast,TRUE
2024-01-16,Tunisia,Namibia,0,1,African Cup of Nations,Korhogo,Ivory Coast,TRUE
2024-01-16,Mali,South Africa,2,0,African Cup of Nations,Korhogo,Ivory Coast,TRUE
2024-01-17,Lebanon,China PR,0,0,AFC Asian Cup,Doha,Qatar,TRUE
2024-01-17,Qatar,Tajikistan,1,0,AFC Asian Cup,Al Khor,Qatar,FALSE
2024-01-17,Morocco,Tanzania,3,0,African Cup of Nations,San-Pédro,Ivory Coast,TRUE
2024-01-17,DR Congo,Zambia,1,1,African Cup of Nations,San-Pédro,Ivory Coast,TRUE
2024-01-17,Honduras,Iceland,0,2,Friendly,Fort Lauderdale,United States,TRUE
2024-01-18,Syria,Australia,0,1,AFC Asian Cup,Doha,Qatar,TRUE
2024-01-18,India,Uzbekistan,0,3,AFC Asian Cup,Al Rayyan,Qatar,TRUE
2024-01-18,Palestine,United Arab Emirates,1,1,AFC Asian Cup,Al Wakrah,Qatar,TRUE
2024-01-18,Equatorial Guinea,Guinea-Bissau,4,2,African Cup of Nations,Ebimpé,Ivory Coast,TRUE
2024-01-18,Ivory Coast,Nigeria,0,1,African Cup of Nations,Ebimpé,Ivory Coast,FALSE
2024-01-18,Egypt,Ghana,2,2,African Cup of Nations,Abidjan,Ivory Coast,TRUE
2024-01-19,Hong Kong,Iran,0,1,AFC Asian Cup,Al Rayyan,Qatar,TRUE
2024-01-19,Iraq,Japan,2,1,AFC Asian Cup,Al Rayyan,Qatar,TRUE
2024-01-19,Vietnam,Indonesia,0,1,AFC Asian Cup,Doha,Qatar,TRUE
2024-01-19,Cape Verde,Mozambique,3,0,African Cup of Nations,Abidjan,Ivory Coast,TRUE
2024-01-19,Senegal,Cameroon,3,1,African Cup of Nations,Yamoussoukro,Ivory Coast,TRUE
2024-01-19,Guinea,Gambia,1,0,African Cup of Nations,Yamoussoukro,Ivory Coast,TRUE
2024-01-19,Kuwait,Uganda,0,2,Friendly,Cairo,Egypt,TRUE
2024-01-20,Jordan,South Korea,2,2,AFC Asian Cup,Doha,Qatar,TRUE
2024-01-20,Bahrain,Malaysia,1,0,AFC Asian Cup,Doha,Qatar,TRUE
2024-01-20,Algeria,Burkina Faso,2,2,African Cup of Nations,Bouaké,Ivory Coast,TRUE
2024-01-20,Mauritania,Angola,2,3,African Cup of Nations,Bouaké,Ivory Coast,TRUE
2024-01-20,Tunisia,Mali,1,1,African Cup of Nations,Korhogo,Ivory Coast,TRUE
2024-01-20,United States,Slovenia,0,1,Friendly,San Antonio,United States,FALSE
2024-01-21,Oman,Thailand,0,0,AFC Asian Cup,Doha,Qatar,TRUE
2024-01-21,Kyrgyzstan,Saudi Arabia,0,2,AFC Asian Cup,Al Rayyan,Qatar,TRUE
2024-01-21,South Africa,Namibia,4,0,African Cup of Nations,Korhogo,Ivory Coast,TRUE
2024-01-21,Morocco,DR Congo,1,1,African Cup of Nations,San-Pédro,Ivory Coast,TRUE
2024-01-21,Zambia,Tanzania,1,1,African Cup of Nations,San-Pédro,Ivory Coast,TRUE
2024-01-22,Qatar,China PR,1,0,AFC Asian Cup,Al Rayyan,Qatar,FALSE
2024-01-22,Tajikistan,Lebanon,2,1,AFC Asian Cup,Doha,Qatar,TRUE
2024-01-22,Guinea-Bissau,Nigeria,0,1,African Cup of Nations,Abidjan,Ivory Coast,TRUE
2024-01-22,Ivory Coast,Equatorial Guinea,0,4,African Cup of Nations,Ebimpé,Ivory Coast,FALSE
2024-01-22,Cape Verde,Egypt,2,2,African Cup of Nations,Abidjan,Ivory Coast,TRUE
2024-01-22,Mozambique,Ghana,2,2,African Cup of Nations,Ebimpé,Ivory Coast,TRUE
2024-01-23,Australia,Uzbekistan,1,1,AFC Asian Cup,Al Wakrah,Qatar,TRUE
2024-01-23,Syria,India,1,0,AFC Asian Cup,Al Khor,Qatar,TRUE
2024-01-23,Hong Kong,Palestine,0,3,AFC Asian Cup,Doha,Qatar,TRUE
2024-01-23,Iran,United Arab Emirates,2,1,AFC Asian Cup,Al Rayyan,Qatar,TRUE
2024-01-23,Gambia,Cameroon,2,3,African Cup of Nations,Bouaké,Ivory Coast,TRUE
2024-01-23,Guinea,Senegal,0,2,African Cup of Nations,Yamoussoukro,Ivory Coast,TRUE
2024-01-23,Angola,Burkina Faso,2,0,African Cup of Nations,Yamoussoukro,Ivory Coast,TRUE
2024-01-23,Mauritania,Algeria,1,0,African Cup of Nations,Bouaké,Ivory Coast,TRUE
2024-01-24,Iraq,Vietnam,3,2,AFC Asian Cup,Doha,Qatar,TRUE
2024-01-24,Japan,Indonesia,3,1,AFC Asian Cup,Doha,Qatar,TRUE
2024-01-24,Namibia,Mali,0,0,African Cup of Nations,San-Pédro,Ivory Coast,TRUE
2024-01-24,South Africa,Tunisia,0,0,African Cup of Nations,Korhogo,Ivory Coast,TRUE
2024-01-24,Tanzania,DR Congo,0,0,African Cup of Nations,Korhogo,Ivory Coast,TRUE
2024-01-24,Zambia,Morocco,0,1,African Cup of Nations,San-Pédro,Ivory Coast,TRUE
2024-01-25,Jordan,Bahrain,0,1,AFC Asian Cup,Al Rayyan,Qatar,TRUE
2024-01-25,South Korea,Malaysia,3,3,AFC Asian Cup,Al Wakrah,Qatar,TRUE
2024-01-25,Kyrgyzstan,Oman,1,1,AFC Asian Cup,Doha,Qatar,TRUE
2024-01-25,Saudi Arabia,Thailand,0,0,AFC Asian Cup,Al Rayyan,Qatar,TRUE
2024-01-27,Angola,Namibia,3,0,African Cup of Nations,Bouaké,Ivory Coast,TRUE
2024-01-27,Nigeria,Cameroon,2,0,African Cup of Nations,Abidjan,Ivory Coast,TRUE
2024-01-28,Australia,Indonesia,4,0,AFC Asian Cup,Doha,Qatar,TRUE
2024-01-28,Tajikistan,United Arab Emirates,1,1,AFC Asian Cup,Al Rayyan,Qatar,TRUE
2024-01-28,Egypt,DR Congo,1,1,African Cup of Nations,San-Pédro,Ivory Coast,TRUE
2024-01-28,Equatorial Guinea,Guinea,0,1,African Cup of Nations,Ebimpé,Ivory Coast,TRUE
2024-01-29,Iraq,Jordan,2,3,AFC Asian Cup,Al Rayyan,Qatar,TRUE
2024-01-29,Qatar,Palestine,2,1,AFC Asian Cup,Al Khor,Qatar,FALSE
2024-01-29,Cape Verde,Mauritania,1,0,African Cup of Nations,Abidjan,Ivory Coast,TRUE
2024-01-29,Ivory Coast,Senegal,1,1,African Cup of Nations,Yamoussoukro,Ivory Coast,FALSE
2024-01-30,Saudi Arabia,South Korea,1,1,AFC Asian Cup,Al Rayyan,Qatar,TRUE
2024-01-30,Uzbekistan,Thailand,2,1,AFC Asian Cup,Al Wakrah,Qatar,TRUE
2024-01-30,Mali,Burkina Faso,2,1,African Cup of Nations,Korhogo,Ivory Coast,TRUE
2024-01-30,Morocco,South Africa,0,2,African Cup of Nations,San-Pédro,Ivory Coast,TRUE
2024-01-31,Bahrain,Japan,1,3,AFC Asian Cup,Doha,Qatar,TRUE
2024-01-31,Iran,Syria,1,1,AFC Asian Cup,Doha,Qatar,TRUE
2024-02-02,Australia,South Korea,1,2,AFC Asian Cup,Al Wakrah,Qatar,TRUE
2024-02-02,Tajikistan,Jordan,0,1,AFC Asian Cup,Al Rayyan,Qatar,TRUE
2024-02-02,DR Congo,Guinea,3,1,African Cup of Nations,Ebimpé,Ivory Coast,TRUE
2024-02-02,Nigeria,Angola,1,0,African Cup of Nations,Abidjan,Ivory Coast,TRUE
2024-02-03,Iran,Japan,2,1,AFC Asian Cup,Al Rayyan,Qatar,TRUE
2024-02-03,Qatar,Uzbekistan,1,1,AFC Asian Cup,Al Khor,Qatar,FALSE
2024-02-03,Cape Verde,South Africa,0,0,African Cup of Nations,Yamoussoukro,Ivory Coast,TRUE
2024-02-03,Ivory Coast,Mali,2,1,African Cup of Nations,Bouaké,Ivory Coast,FALSE
2024-02-03,Costa Rica,El Salvador,2,0,Friendly,San José,Costa Rica,FALSE
2024-02-06,Jordan,South Korea,2,0,AFC Asian Cup,Al Rayyan,Qatar,TRUE
2024-02-07,Qatar,Iran,3,2,AFC Asian Cup,Doha,Qatar,FALSE
2024-02-07,Ivory Coast,DR Congo,1,0,African Cup of Nations,Ebimpé,Ivory Coast,FALSE
2024-02-07,Nigeria,South Africa,1,1,African Cup of Nations,Bouaké,Ivory Coast,TRUE
2024-02-10,Qatar,Jordan,3,1,AFC Asian Cup,Lusail,Qatar,FALSE
2024-02-10,South Africa,DR Congo,0,0,African Cup of Nations,Abidjan,Ivory Coast,TRUE
2024-02-11,Ivory Coast,Nigeria,2,1,African Cup of Nations,Ebimpé,Ivory Coast,FALSE
2024-03-01,Trinidad and Tobago,Jamaica,0,1,Friendly,Port of Spain,Trinidad and Tobago,FALSE
2024-03-03,Trinidad and Tobago,Jamaica,0,0,Friendly,Arima,Trinidad and Tobago,FALSE
2024-03-14,Kazakhstan,Turkmenistan,2,0,Friendly,Dubai,United Arab Emirates,TRUE
2024-03-18,Solomon Islands,Fiji,2,1,Friendly,Honiara,Solomon Islands,FALSE
2024-03-20,Bonaire,El Salvador,1,1,Friendly,"Washington, D.C.",United States,TRUE
2024-03-20,San Marino,Saint Kitts and Nevis,1,3,Friendly,Serravalle,San Marino,FALSE
2024-03-20,Djibouti,Liberia,0,2,African Cup of Nations qualification,Marrakech,Morocco,TRUE
2024-03-20,Somalia,Eswatini,0,3,African Cup of Nations qualification,El Jadida,Morocco,TRUE
2024-03-20,Tonga,Samoa,1,4,Oceania Nations Cup qualification,Nuku'alofa,Tonga,FALSE
2024-03-21,Panama,Mexico,0,3,CONCACAF Nations League,Arlington,United States,TRUE
2024-03-21,United States,Jamaica,3,1,CONCACAF Nations League,Arlington,United States,FALSE
2024-03-21,Gibraltar,Lithuania,0,1,UEFA Nations League,Faro-Loulé,Portugal,TRUE
2024-03-21,Poland,Estonia,5,1,UEFA Euro qualification,Warsaw,Poland,FALSE
2024-03-21,Wales,Finland,4,1,UEFA Euro qualification,Cardiff,Wales,FALSE
2024-03-21,Israel,Iceland,1,4,UEFA Euro qualification,Budapest,Hungary,TRUE
2024-03-21,Bosnia and Herzegovina,Ukraine,1,2,UEFA Euro qualification,Zenica,Bosnia and Herzegovina,FALSE
2024-03-21,Georgia,Luxembourg,2,0,UEFA Euro qualification,Tbilisi,Georgia,FALSE
2024-03-21,Greece,Kazakhstan,5,0,UEFA Euro qualification,Athens,Greece,FALSE
2024-03-21,Qatar,Kuwait,3,0,FIFA World Cup qualification,Doha,Qatar,FALSE
2024-03-21,Afghanistan,India,0,0,FIFA World Cup qualification,Abha,Saudi Arabia,TRUE
2024-03-21,Myanmar,Syria,1,1,FIFA World Cup qualification,Yangon,Myanmar,FALSE
2024-03-21,Japan,North Korea,1,0,FIFA World Cup qualification,Tokyo,Japan,FALSE
2024-03-21,South Korea,Thailand,1,1,FIFA World Cup qualification,Seoul,South Korea,FALSE
2024-03-21,Singapore,China PR,2,2,FIFA World Cup qualification,Kallang,Singapore,FALSE
2024-03-21,Taiwan,Kyrgyzstan,0,2,FIFA World Cup qualification,Taipei,Taiwan,FALSE
2024-03-21,Oman,Malaysia,2,0,FIFA World Cup qualification,Muscat,Oman,FALSE
2024-03-21,Iran,Turkmenistan,5,0,FIFA World Cup qualification,Tehran,Iran,FALSE
2024-03-21,Hong Kong,Uzbekistan,0,2,FIFA World Cup qualification,Hong Kong,Hong Kong,FALSE
2024-03-21,Indonesia,Vietnam,1,0,FIFA World Cup qualification,Jakarta,Indonesia,FALSE
2024-03-21,Iraq,Philippines,1,0,FIFA World Cup qualification,Basra,Iraq,FALSE
2024-03-21,Pakistan,Jordan,0,3,FIFA World Cup qualification,Islamabad,Pakistan,FALSE
2024-03-21,Saudi Arabia,Tajikistan,1,0,FIFA World Cup qualification,Riyadh,Saudi Arabia,FALSE
2024-03-21,Bahrain,Nepal,5,0,FIFA World Cup qualification,Riffa,Bahrain,FALSE
2024-03-21,United Arab Emirates,Yemen,2,1,FIFA World Cup qualification,Abu Dhabi,United Arab Emirates,FALSE
2024-03-21,Australia,Lebanon,2,0,FIFA World Cup qualification,Sydney,Australia,FALSE
2024-03-21,Palestine,Bangladesh,5,0,FIFA World Cup qualification,Kuwait City,Kuwait,TRUE
2024-03-21,Belize,Puerto Rico,1,1,Friendly,Belmopan,Belize,FALSE
2024-03-21,Cyprus,Latvia,1,1,Friendly,Larnaca,Cyprus,FALSE
2024-03-21,Ecuador,Guatemala,2,0,Friendly,Harrison,United States,TRUE
2024-03-21,Ethiopia,Lesotho,1,2,Friendly,Addis Ababa,Ethiopia,FALSE
2024-03-21,Malta,Slovenia,2,2,Friendly,Ta' Qali,Malta,FALSE
2024-03-21,Montenegro,Belarus,2,0,Friendly,Antalya,Turkey,TRUE
2024-03-21,Portugal,Sweden,5,2,Friendly,Guimarães,Portugal,FALSE
2024-03-21,Solomon Islands,Fiji,0,2,Friendly,Honiara,Solomon Islands,FALSE
2024-03-21,Venezuela,Italy,1,2,Friendly,Fort Lauderdale,United States,TRUE
2024-03-22,Anguilla,Turks and Caicos Islands,0,0,FIFA World Cup qualification,The Valley,Anguilla,FALSE
2024-03-22,United States Virgin Islands,British Virgin Islands,1,1,FIFA World Cup qualification,Saint Croix,United States Virgin Islands,FALSE
2024-03-22,Albania,Chile,0,3,Friendly,Parma,Italy,TRUE
2024-03-22,Argentina,El Salvador,3,0,Friendly,Philadelphia,United States,TRUE
2024-03-22,Armenia,Kosovo,0,1,Friendly,Yerevan,Armenia,FALSE
2024-03-22,Burkina Faso,Libya,1,2,Friendly,Casablanca,Morocco,TRUE
2024-03-22,Comoros,Uganda,4,0,Friendly,Marrakech,Morocco,TRUE
2024-03-22,Hungary,Turkey,1,0,Friendly,Budapest,Hungary,FALSE
2024-03-22,Liechtenstein,Faroe Islands,0,4,Friendly,San Pedro Alcántara,Spain,TRUE
2024-03-22,Mauritania,Mali,0,2,Friendly,Marrakech,Morocco,TRUE
2024-03-22,Morocco,Angola,1,0,Friendly,Agadir,Morocco,FALSE
2024-03-22,Netherlands,Scotland,4,0,Friendly,Amsterdam,Netherlands,FALSE
2024-03-22,Niger,Togo,1,2,Friendly,Mohammedia,Morocco,TRUE
2024-03-22,Nigeria,Ghana,2,1,Friendly,Marrakech,Morocco,TRUE
2024-03-22,North Macedonia,Moldova,1,1,Friendly,Antalya,Turkey,TRUE
2024-03-22,Norway,Czech Republic,1,2,Friendly,Oslo,Norway,FALSE
2024-03-22,Peru,Nicaragua,2,0,Friendly,Lima,Peru,FALSE
2024-03-22,Romania,Northern Ireland,1,1,Friendly,Bucharest,Romania,FALSE
2024-03-22,Senegal,Gabon,3,0,Friendly,Amiens,France,TRUE
2024-03-22,Spain,Colombia,0,1,Friendly,London,England,TRUE
2024-03-22,Chad,Mauritius,1,0,African Cup of Nations qualification,Yaoundé,Cameroon,TRUE
2024-03-22,São Tomé and Príncipe,South Sudan,1,1,African Cup of Nations qualification,Berkane,Morocco,TRUE
2024-03-23,Canada,Trinidad and Tobago,2,0,Copa América qualification,Frisco,United States,TRUE
2024-03-23,Costa Rica,Honduras,3,1,Copa América qualification,Frisco,United States,TRUE
2024-03-23,Denmark,Switzerland,0,0,Friendly,Copenhagen,Denmark,FALSE
2024-03-23,Dominican Republic,Aruba,2,0,Friendly,Santiago de los Caballeros,Dominican Republic,FALSE
2024-03-23,England,Brazil,0,1,Friendly,London,England,FALSE
2024-03-23,France,Germany,0,2,Friendly,Lyon,France,FALSE
2024-03-23,Ivory Coast,Benin,2,2,Friendly,Amiens,France,TRUE
2024-03-23,Republic of Ireland,Belgium,0,0,Friendly,Dublin,Republic of Ireland,FALSE
2024-03-23,Slovakia,Austria,0,2,Friendly,Bratislava,Slovakia,FALSE
2024-03-23,Samoa,Cook Islands,1,0,Oceania Nations Cup qualification,Nuku'alofa,Tonga,TRUE
2024-03-24,Jamaica,Panama,1,0,CONCACAF Nations League,Arlington,United States,TRUE
2024-03-24,United States,Mexico,2,0,CONCACAF Nations League,Arlington,United States,FALSE
2024-03-24,Belize,Puerto Rico,3,0,Friendly,Belmopan,Belize,FALSE
2024-03-24,Ecuador,Italy,0,2,Friendly,Harrison,United States,TRUE
2024-03-24,Ethiopia,Lesotho,2,1,Friendly,Addis Ababa,Ethiopia,FALSE
2024-03-24,Guatemala,Venezuela,0,0,Friendly,Houston,United States,TRUE
2024-03-24,San Marino,Saint Kitts and Nevis,0,0,Friendly,Serravalle,San Marino,FALSE
2024-03-24,Suriname,Martinique,1,1,Friendly,Almere,Netherlands,TRUE
2024-03-25,Comoros,Angola,0,0,Friendly,Marrakech,Morocco,TRUE
2024-03-25,Cyprus,Serbia,0,1,Friendly,Larnaca,Cyprus,FALSE
2024-03-25,Gabon,Congo,1,1,Friendly,Chambly,France,TRUE
2024-03-25,Montenegro,North Macedonia,1,0,Friendly,Antalya,Turkey,TRUE
2024-03-25,Sweden,Albania,1,0,Friendly,Stockholm,Sweden,FALSE
2024-03-26,Lithuania,Gibraltar,1,0,UEFA Nations League,Kaunas,Lithuania,FALSE
2024-03-26,Wales,Poland,0,0,UEFA Euro qualification,Cardiff,Wales,FALSE
2024-03-26,Ukraine,Iceland,2,1,UEFA Euro qualification,Wrocław,Poland,TRUE
2024-03-26,Georgia,Greece,0,0,UEFA Euro qualification,Tbilisi,Georgia,FALSE
2024-03-26,India,Afghanistan,1,2,FIFA World Cup qualification,Guwahati,India,FALSE
2024-03-26,Kuwait,Qatar,1,2,FIFA World Cup qualification,Al Farwaniyah,Kuwait,FALSE
2024-03-26,Syria,Myanmar,7,0,FIFA World Cup qualification,Dammam,Saudi Arabia,TRUE
2024-03-26,Thailand,South Korea,0,3,FIFA World Cup qualification,Bangkok,Thailand,FALSE
2024-03-26,China PR,Singapore,4,1,FIFA World Cup qualification,Tianjin,China PR,FALSE
2024-03-26,Kyrgyzstan,Taiwan,5,1,FIFA World Cup qualification,Bishkek,Kyrgyzstan,FALSE
2024-03-26,Malaysia,Oman,0,2,FIFA World Cup qualification,Kuala Lumpur,Malaysia,FALSE
2024-03-26,Uzbekistan,Hong Kong,3,0,FIFA World Cup qualification,Tashkent,Uzbekistan,FALSE
2024-03-26,Turkmenistan,Iran,0,1,FIFA World Cup qualification,Ashgabat,Turkmenistan,FALSE
2024-03-26,Philippines,Iraq,0,5,FIFA World Cup qualification,Manila,Philippines,FALSE
2024-03-26,Vietnam,Indonesia,0,3,FIFA World Cup qualification,Hanoi,Vietnam,FALSE
2024-03-26,Tajikistan,Saudi Arabia,1,1,FIFA World Cup qualification,Dushanbe,Tajikistan,FALSE
2024-03-26,Jordan,Pakistan,7,0,FIFA World Cup qualification,Amman,Jordan,FALSE
2024-03-26,Bahrain,Nepal,3,0,FIFA World Cup qualification,Riffa,Bahrain,FALSE
2024-03-26,Yemen,United Arab Emirates,0,3,FIFA World Cup qualification,Khobar,Saudi Arabia,TRUE
2024-03-26,Bangladesh,Palestine,0,1,FIFA World Cup qualification,Dhaka,Bangladesh,FALSE
2024-03-26,Australia,Lebanon,5,0,FIFA World Cup qualification,Canberra,Australia,FALSE
2024-03-26,British Virgin Islands,United States Virgin Islands,0,0,FIFA World Cup qualification,Road Town,British Virgin Islands,FALSE
2024-03-26,Turks and Caicos Islands,Anguilla,1,1,FIFA World Cup qualification,Providenciales,Turks and Caicos Islands,FALSE
2024-03-26,Argentina,Costa Rica,3,1,Friendly,Los Angeles,United States,TRUE
2024-03-26,Austria,Turkey,6,1,Friendly,Vienna,Austria,FALSE
2024-03-26,Colombia,Romania,3,2,Friendly,Madrid,Spain,TRUE
2024-03-26,Czech Republic,Armenia,2,1,Friendly,Prague,Czech Republic,FALSE
2024-03-26,Denmark,Faroe Islands,2,0,Friendly,Brondbyvester,Denmark,FALSE
2024-03-26,El Salvador,Honduras,1,1,Friendly,Los Angeles,United States,TRUE
2024-03-26,England,Belgium,2,2,Friendly,London,England,FALSE
2024-03-26,France,Chile,3,2,Friendly,Marseille,France,FALSE
2024-03-26,Germany,Netherlands,2,1,Friendly,Frankfurt,Germany,FALSE
2024-03-26,Hungary,Kosovo,2,0,Friendly,Budapest,Hungary,FALSE
2024-03-26,Ivory Coast,Uruguay,2,1,Friendly,Lens,France,TRUE
2024-03-26,Latvia,Liechtenstein,1,1,Friendly,Larnaca,Cyprus,TRUE
2024-03-26,Malta,Belarus,0,0,Friendly,Ta' Qali,Malta,FALSE
2024-03-26,Morocco,Mauritania,0,0,Friendly,Agadir,Morocco,FALSE
2024-03-26,Nicaragua,Cuba,0,1,Friendly,Managua,Nicaragua,FALSE
2024-03-26,Norway,Slovakia,1,1,Friendly,Oslo,Norway,FALSE
2024-03-26,Peru,Dominican Republic,4,1,Friendly,Lima,Peru,FALSE
2024-03-26,Republic of Ireland,Switzerland,0,1,Friendly,Dublin,Republic of Ireland,FALSE
2024-03-26,Scotland,Northern Ireland,0,1,Friendly,Glasgow,Scotland,FALSE
2024-03-26,Senegal,Benin,1,0,Friendly,Amiens,France,TRUE
2024-03-26,Slovenia,Portugal,2,0,Friendly,Ljubljana,Slovenia,FALSE
2024-03-26,Spain,Brazil,3,3,Friendly,Madrid,Spain,FALSE
2024-03-26,Finland,Estonia,2,1,Friendly,Helsinki,Finland,FALSE
2024-03-26,Liberia,Djibouti,0,0,African Cup of Nations qualification,Monrovia,Liberia,FALSE
2024-03-26,Eswatini,Somalia,2,2,African Cup of Nations qualification,Mbombela,South Africa,TRUE
2024-03-26,Mauritius,Chad,1,2,African Cup of Nations qualification,Saint Pierre,Mauritius,FALSE
2024-03-26,South Sudan,São Tomé and Príncipe,0,0,African Cup of Nations qualification,Berkane,Morocco,TRUE
2024-03-26,Tonga,Cook Islands,0,1,Oceania Nations Cup qualification,Nuku'alofa,Tonga,FALSE
2024-04-14,Trinidad and Tobago,Guyana,2,1,Friendly,Port of Spain,Trinidad and Tobago,FALSE
2024-04-16,Trinidad and Tobago,Guyana,2,0,Friendly,Port of Spain,Trinidad and Tobago,FALSE
2024-04-26,Grenada,Saint Vincent and the Grenadines,0,3,Friendly,Carriacou,Grenada,FALSE
2024-04-26,Guatemala,Nicaragua,1,1,Friendly,San Jose,United States,TRUE
2024-05-31,Bolivia,Mexico,0,1,Friendly,Chicago,United States,TRUE
2024-05-31,Costa Rica,Uruguay,0,0,Friendly,San José,Costa Rica,FALSE
2024-06-01,Greenland,Turkmenistan,0,5,Friendly,Antalya,Turkey,TRUE
2024-06-02,Indonesia,Tanzania,0,0,Friendly,Jakarta,Indonesia,FALSE
2024-06-03,Albania,Liechtenstein,3,0,Friendly,Szombathely,Hungary,TRUE
2024-06-03,Croatia,North Macedonia,3,0,Friendly,Rijeka,Croatia,FALSE
2024-06-03,England,Bosnia and Herzegovina,3,0,Friendly,Newcastle,England,FALSE
2024-06-03,Germany,Ukraine,0,0,Friendly,Nuremberg,Germany,FALSE
2024-06-03,Gibraltar,Scotland,0,2,Friendly,Faro-Loulé,Portugal,TRUE
2024-06-04,Austria,Serbia,2,1,Friendly,Vienna,Austria,FALSE
2024-06-04,Italy,Turkey,0,0,Friendly,Bologna,Italy,FALSE
2024-06-04,Portugal,Finland,4,2,Friendly,Lisbon,Portugal,FALSE
2024-06-04,Republic of Ireland,Hungary,2,1,Friendly,Dublin,Republic of Ireland,FALSE
2024-06-04,Romania,Bulgaria,0,0,Friendly,Bucharest,Romania,FALSE
2024-06-04,Slovenia,Armenia,2,1,Friendly,Ljubljana,Slovenia,FALSE
2024-06-04,Switzerland,Estonia,4,0,Friendly,Lucerne,Switzerland,FALSE
2024-06-05,Belgium,Montenegro,2,0,Friendly,Brussels,Belgium,FALSE
2024-06-05,Denmark,Sweden,2,1,Friendly,Copenhagen,Denmark,FALSE
2024-06-05,France,Luxembourg,3,0,Friendly,Metz,France,FALSE
2024-06-05,Mexico,Uruguay,0,4,Friendly,Denver,United States,TRUE
2024-06-05,Norway,Kosovo,3,0,Friendly,Oslo,Norway,FALSE
2024-06-05,San Marino,Slovakia,0,4,Friendly,Wiener Neustadt,Austria,TRUE
2024-06-05,Spain,Andorra,5,0,Friendly,Badajoz,Spain,FALSE
2024-06-05,Sierra Leone,Djibouti,2,1,FIFA World Cup qualification,El Jadida,Morocco,TRUE
2024-06-05,Togo,South Sudan,1,1,FIFA World Cup qualification,Lomé,Togo,FALSE
2024-06-05,Namibia,Liberia,1,1,FIFA World Cup qualification,Johannesburg,South Africa,TRUE
2024-06-05,Tunisia,Equatorial Guinea,1,0,FIFA World Cup qualification,Radès,Tunisia,FALSE
2024-06-05,Central African Republic,Chad,1,0,FIFA World Cup qualification,Oujda,Morocco,TRUE
2024-06-05,Antigua and Barbuda,Bermuda,1,1,FIFA World Cup qualification,Piggotts,Antigua and Barbuda,FALSE
2024-06-05,Trinidad and Tobago,Grenada,2,2,FIFA World Cup qualification,Port of Spain,Trinidad and Tobago,FALSE
2024-06-05,Curaçao,Barbados,4,1,FIFA World Cup qualification,Willemstad,Curaçao,FALSE
2024-06-05,Nicaragua,Montserrat,4,1,FIFA World Cup qualification,Managua,Nicaragua,FALSE
2024-06-05,Guatemala,Dominica,6,0,FIFA World Cup qualification,Guatemala City,Guatemala,FALSE
2024-06-05,Suriname,Saint Vincent and the Grenadines,4,1,FIFA World Cup qualification,Paramaribo,Suriname,FALSE
2024-06-06,Gibraltar,Wales,0,0,Friendly,Faro-Loulé,Portugal,TRUE
2024-06-06,Netherlands,Canada,4,0,Friendly,Rotterdam,Netherlands,FALSE
2024-06-06,Guinea-Bissau,Ethiopia,0,0,FIFA World Cup qualification,Bissau,Guinea-Bissau,FALSE
2024-06-06,Egypt,Burkina Faso,2,1,FIFA World Cup qualification,Cairo,Egypt,FALSE
2024-06-06,Mauritania,Sudan,0,2,FIFA World Cup qualification,Nouakchott,Mauritania,FALSE
2024-06-06,Senegal,DR Congo,1,1,FIFA World Cup qualification,Diamniadio,Senegal,FALSE
2024-06-06,Benin,Rwanda,1,0,FIFA World Cup qualification,Abidjan,Ivory Coast,TRUE
2024-06-06,Libya,Mauritius,2,1,FIFA World Cup qualification,Benghazi,Libya,FALSE
2024-06-06,Algeria,Guinea,1,2,FIFA World Cup qualification,Algiers,Algeria,FALSE
2024-06-06,Malawi,São Tomé and Príncipe,3,1,FIFA World Cup qualification,Lilongwe,Malawi,FALSE
2024-06-06,Mali,Ghana,1,2,FIFA World Cup qualification,Bamako,Mali,FALSE
2024-06-06,Afghanistan,Qatar,0,0,FIFA World Cup qualification,Al Hofuf,Saudi Arabia,TRUE
2024-06-06,India,Kuwait,0,0,FIFA World Cup qualification,Kolkota,India,FALSE
2024-06-06,Myanmar,Japan,0,5,FIFA World Cup qualification,Yangon,Myanmar,FALSE
2024-06-06,North Korea,Syria,1,0,FIFA World Cup qualification,Vientiane,Laos,TRUE
2024-06-06,China PR,Thailand,1,1,FIFA World Cup qualification,Shenyang,China PR,FALSE
2024-06-06,Singapore,South Korea,0,7,FIFA World Cup qualification,Kallang,Singapore,FALSE
2024-06-06,Taiwan,Oman,0,3,FIFA World Cup qualification,Taipei,Taiwan,FALSE
2024-06-06,Kyrgyzstan,Malaysia,1,1,FIFA World Cup qualification,Bishkek,Kyrgyzstan,FALSE
2024-06-06,Uzbekistan,Turkmenistan,3,1,FIFA World Cup qualification,Tashkent,Uzbekistan,FALSE
2024-06-06,Hong Kong,Iran,2,4,FIFA World Cup qualification,Hong Kong,Hong Kong,FALSE
2024-06-06,Indonesia,Iraq,0,2,FIFA World Cup qualification,Jakarta,Indonesia,FALSE
2024-06-06,Vietnam,Philippines,3,2,FIFA World Cup qualification,Hanoi,Vietnam,FALSE
2024-06-06,Jordan,Tajikistan,3,0,FIFA World Cup qualification,Amman,Jordan,FALSE
2024-06-06,Pakistan,Saudi Arabia,0,3,FIFA World Cup qualification,Islamabad,Pakistan,FALSE
2024-06-06,Nepal,United Arab Emirates,0,4,FIFA World Cup qualification,Dammam,Saudi Arabia,TRUE
2024-06-06,Bahrain,Yemen,0,0,FIFA World Cup qualification,Riffa,Bahrain,FALSE
2024-06-06,Bangladesh,Australia,0,2,FIFA World Cup qualification,Dhaka,Bangladesh,FALSE
2024-06-06,Palestine,Lebanon,0,0,FIFA World Cup qualification,Doha,Qatar,TRUE
2024-06-06,Honduras,Cuba,3,1,FIFA World Cup qualification,Tegucigalpa,Honduras,FALSE
2024-06-06,Costa Rica,Saint Kitts and Nevis,4,0,FIFA World Cup qualification,San José,Costa Rica,FALSE
2024-06-06,Haiti,Saint Lucia,2,1,FIFA World Cup qualification,Bridgetown,Barbados,TRUE
2024-06-06,Panama,Guyana,2,0,FIFA World Cup qualification,Panama City,Panama,FALSE
2024-06-06,Jamaica,Dominican Republic,1,0,FIFA World Cup qualification,Kingston,Jamaica,FALSE
2024-06-06,El Salvador,Puerto Rico,0,0,FIFA World Cup qualification,San Salvador,El Salvador,FALSE
2024-06-07,Albania,Azerbaijan,3,1,Friendly,Szombathely,Hungary,TRUE
2024-06-07,Armenia,Kazakhstan,2,1,Friendly,Yerevan,Armenia,FALSE
2024-06-07,Belarus,Russia,0,4,Friendly,Minsk,Belarus,FALSE
2024-06-07,Cambodia,Mongolia,2,0,Friendly,Phnom Penh,Cambodia,FALSE
2024-06-07,Czech Republic,Malta,7,1,Friendly,Grödig,Austria,TRUE
2024-06-07,England,Iceland,0,1,Friendly,London,England,FALSE
2024-06-07,Germany,Greece,2,1,Friendly,Mönchengladbach,Germany,FALSE
2024-06-07,Peru,Paraguay,0,0,Friendly,Lima,Peru,FALSE
2024-06-07,Poland,Ukraine,3,1,Friendly,Warsaw,Poland,FALSE
2024-06-07,Romania,Liechtenstein,0,0,Friendly,Bucharest,Romania,FALSE
2024-06-07,Scotland,Finland,2,2,Friendly,Glasgow,Scotland,FALSE
2024-06-07,Zimbabwe,Lesotho,0,2,FIFA World Cup qualification,Johannesburg,South Africa,TRUE
2024-06-07,Nigeria,South Africa,1,1,FIFA World Cup qualification,Uyo,Nigeria,FALSE
2024-06-07,Angola,Eswatini,1,0,FIFA World Cup qualification,Luanda,Angola,FALSE
2024-06-07,Morocco,Zambia,2,1,FIFA World Cup qualification,Agadir,Morocco,FALSE
2024-06-07,Kenya,Burundi,1,1,FIFA World Cup qualification,Lilongwe,Malawi,TRUE
2024-06-07,Ivory Coast,Gabon,1,0,FIFA World Cup qualification,Korhogo,Ivory Coast,FALSE
2024-06-07,Mozambique,Somalia,2,1,FIFA World Cup qualification,Maputo,Mozambique,FALSE
2024-06-07,Uganda,Botswana,1,0,FIFA World Cup qualification,Kira,Uganda,FALSE
2024-06-07,Madagascar,Comoros,2,1,FIFA World Cup qualification,Johannesburg,South Africa,TRUE
2024-06-08,Brunei,Sri Lanka,1,0,Friendly,Bandar Seri Begawan,Brunei,FALSE
2024-06-08,Belgium,Luxembourg,3,0,Friendly,Brussels,Belgium,FALSE
2024-06-08,Denmark,Norway,3,1,Friendly,Brondbyvester,Denmark,FALSE
2024-06-08,Hungary,Israel,3,0,Friendly,Debrecen,Hungary,FALSE
2024-06-08,Mexico,Brazil,2,3,Friendly,College Station,United States,TRUE
2024-06-08,Moldova,Cyprus,3,2,Friendly,Chișinău,Moldova,FALSE
2024-06-08,Portugal,Croatia,1,2,Friendly,Oeiras,Portugal,FALSE
2024-06-08,Slovenia,Bulgaria,1,1,Friendly,Ljubljana,Slovenia,FALSE
2024-06-08,Spain,Northern Ireland,5,1,Friendly,Mallorca,Spain,FALSE
2024-06-08,Sweden,Serbia,0,3,Friendly,Stockholm,Sweden,FALSE
2024-06-08,Switzerland,Austria,1,1,Friendly,St. Gallen,Switzerland,FALSE
2024-06-08,United States,Colombia,1,5,Friendly,Landover,United States,FALSE
2024-06-08,Cameroon,Cape Verde,4,1,FIFA World Cup qualification,Yaoundé,Cameroon,FALSE
2024-06-08,Gambia,Seychelles,5,1,FIFA World Cup qualification,Berkane,Morocco,TRUE
2024-06-08,Cayman Islands,Antigua and Barbuda,1,0,FIFA World Cup qualification,George Town,Cayman Islands,FALSE
2024-06-08,Bahamas,Trinidad and Tobago,1,7,FIFA World Cup qualification,Basseterre,Saint Kitts and Nevis,TRUE
2024-06-08,Aruba,Curaçao,0,2,FIFA World Cup qualification,Oranjestad,Aruba,FALSE
2024-06-08,Belize,Nicaragua,0,4,FIFA World Cup qualification,Belmopan,Belize,FALSE
2024-06-08,British Virgin Islands,Guatemala,0,3,FIFA World Cup qualification,Road Town,British Virgin Islands,FALSE
2024-06-08,Anguilla,Suriname,0,4,FIFA World Cup qualification,The Valley,Anguilla,FALSE
2024-06-09,Argentina,Ecuador,1,0,Friendly,Chicago,United States,TRUE
2024-06-09,France,Canada,0,0,Friendly,Bordeaux,France,FALSE
2024-06-09,Italy,Bosnia and Herzegovina,1,0,Friendly,Empoli,Italy,FALSE
2024-06-09,Montenegro,Georgia,1,3,Friendly,Podgorica,Montenegro,FALSE
2024-06-09,Slovakia,Wales,4,0,Friendly,Trnava,Slovakia,FALSE
2024-06-09,Djibouti,Ethiopia,1,1,FIFA World Cup qualification,El Jadida,Morocco,TRUE
2024-06-09,Mauritania,Senegal,0,1,FIFA World Cup qualification,Nouakchott,Mauritania,FALSE
2024-06-09,DR Congo,Togo,1,0,FIFA World Cup qualification,Kinshasa,DR Congo,FALSE
2024-06-09,São Tomé and Príncipe,Liberia,0,1,FIFA World Cup qualification,Oujda,Morocco,TRUE
2024-06-09,Namibia,Tunisia,0,0,FIFA World Cup qualification,Johannesburg,South Africa,TRUE
2024-06-09,Bermuda,Honduras,1,6,FIFA World Cup qualification,Hamilton,Bermuda,FALSE
2024-06-09,Grenada,Costa Rica,0,3,FIFA World Cup qualification,St. George's,Grenada,FALSE
2024-06-09,Barbados,Haiti,1,3,FIFA World Cup qualification,Bridgetown,Barbados,FALSE
2024-06-09,Montserrat,Panama,1,3,FIFA World Cup qualification,Managua,Nicaragua,TRUE
2024-06-09,Dominica,Jamaica,2,3,FIFA World Cup qualification,Roseau,Dominica,FALSE
2024-06-09,Saint Vincent and the Grenadines,El Salvador,1,3,FIFA World Cup qualification,Paramaribo,Suriname,TRUE
2024-06-10,Czech Republic,North Macedonia,2,1,Friendly,Hradec Králové,Czech Republic,FALSE
2024-06-10,Netherlands,Iceland,4,0,Friendly,Rotterdam,Netherlands,FALSE
2024-06-10,Poland,Turkey,2,1,Friendly,Warsaw,Poland,FALSE
2024-06-10,Guinea-Bissau,Egypt,1,1,FIFA World Cup qualification,Bissau,Guinea-Bissau,FALSE
2024-06-10,Burkina Faso,Sierra Leone,2,2,FIFA World Cup qualification,Bamako,Mali,TRUE
2024-06-10,Benin,Nigeria,2,1,FIFA World Cup qualification,Abidjan,Ivory Coast,TRUE
2024-06-10,Somalia,Botswana,1,3,FIFA World Cup qualification,Maputo,Mozambique,TRUE
2024-06-10,Uganda,Algeria,1,2,FIFA World Cup qualification,Kira,Uganda,FALSE
2024-06-10,Guinea,Mozambique,0,1,FIFA World Cup qualification,El Jadida,Morocco,TRUE
2024-06-10,Equatorial Guinea,Malawi,1,0,FIFA World Cup qualification,Malabo,Equatorial Guinea,FALSE
2024-06-10,Ghana,Central African Republic,4,3,FIFA World Cup qualification,Kumasi,Ghana,FALSE
2024-06-11,Brunei,Sri Lanka,1,0,Friendly,Bandar Seri Begawan,Brunei,FALSE
2024-06-11,Andorra,Northern Ireland,0,2,Friendly,Murcia,Spain,TRUE
2024-06-11,Azerbaijan,Kazakhstan,3,2,Friendly,Szombathely,Hungary,TRUE
2024-06-11,Chile,Paraguay,3,0,Friendly,Santiago,Chile,FALSE
2024-06-11,Greece,Malta,2,0,Friendly,Grödig,Austria,TRUE
2024-06-11,Israel,Belarus,4,0,Friendly,Budapest,Hungary,TRUE
2024-06-11,Moldova,Ukraine,0,4,Friendly,Chișinău,Moldova,FALSE
2024-06-11,Mongolia,Cambodia,2,1,Friendly,Ulaanbaatar,Mongolia,FALSE
2024-06-11,Portugal,Republic of Ireland,3,0,Friendly,Aveiro,Portugal,FALSE
2024-06-11,San Marino,Cyprus,1,4,Friendly,Serravalle,San Marino,FALSE
2024-06-11,South Sudan,Sudan,0,3,FIFA World Cup qualification,Juba,South Sudan,FALSE
2024-06-11,Lesotho,Rwanda,0,1,FIFA World Cup qualification,Durban,South Africa,TRUE
2024-06-11,South Africa,Zimbabwe,3,1,FIFA World Cup qualification,Bloemfontein,South Africa,FALSE
2024-06-11,Cape Verde,Libya,1,0,FIFA World Cup qualification,Praia,Cape Verde,FALSE
2024-06-11,Mauritius,Eswatini,2,1,FIFA World Cup qualification,Saint Pierre,Mauritius,FALSE
2024-06-11,Angola,Cameroon,1,1,FIFA World Cup qualification,Luanda,Angola,FALSE
2024-06-11,Zambia,Tanzania,0,1,FIFA World Cup qualification,Ndola,Zambia,FALSE
2024-06-11,Morocco,Congo,6,0,FIFA World Cup qualification,Agadir,Morocco,FALSE
2024-06-11,Kenya,Ivory Coast,0,0,FIFA World Cup qualification,Lilongwe,Malawi,TRUE
2024-06-11,Gabon,Gambia,3,2,FIFA World Cup qualification,Franceville,Gabon,FALSE
2024-06-11,Seychelles,Burundi,1,3,FIFA World Cup qualification,Berkane,Morocco,TRUE
2024-06-11,Madagascar,Mali,0,0,FIFA World Cup qualification,Johannesburg,South Africa,TRUE
2024-06-11,Chad,Comoros,0,2,FIFA World Cup qualification,Oujda,Morocco,TRUE
2024-06-11,Kuwait,Afghanistan,1,0,FIFA World Cup qualification,Kuwait City,Kuwait,FALSE
2024-06-11,Qatar,India,2,1,FIFA World Cup qualification,Al Rayyan,Qatar,FALSE
2024-06-11,Japan,Syria,5,0,FIFA World Cup qualification,Hiroshima,Japan,FALSE
2024-06-11,North Korea,Myanmar,4,1,FIFA World Cup qualification,Vientiane,Laos,TRUE
2024-06-11,Thailand,Singapore,3,1,FIFA World Cup qualification,Bangkok,Thailand,FALSE
2024-06-11,South Korea,China PR,1,0,FIFA World Cup qualification,Seoul,South Korea,FALSE
2024-06-11,Oman,Kyrgyzstan,1,1,FIFA World Cup qualification,Muscat,Oman,FALSE
2024-06-11,Malaysia,Taiwan,3,1,FIFA World Cup qualification,Kuala Lumpur,Malaysia,FALSE
2024-06-11,Turkmenistan,Hong Kong,0,0,FIFA World Cup qualification,Ashgabat,Turkmenistan,FALSE
2024-06-11,Iran,Uzbekistan,0,0,FIFA World Cup qualification,Tehran,Iran,FALSE
2024-06-11,Indonesia,Philippines,2,0,FIFA World Cup qualification,Jakarta,Indonesia,FALSE
2024-06-11,Iraq,Vietnam,3,1,FIFA World Cup qualification,Basra,Iraq,FALSE
2024-06-11,Tajikistan,Pakistan,3,0,FIFA World Cup qualification,Dushanbe,Tajikistan,FALSE
2024-06-11,Saudi Arabia,Jordan,1,2,FIFA World Cup qualification,Riyadh,Saudi Arabia,FALSE
2024-06-11,United Arab Emirates,Bahrain,1,1,FIFA World Cup qualification,Dubai,United Arab Emirates,FALSE
2024-06-11,Yemen,Nepal,2,2,FIFA World Cup qualification,Dammam,Saudi Arabia,TRUE
2024-06-11,Lebanon,Bangladesh,4,0,FIFA World Cup qualification,Al Rayyan,Qatar,TRUE
2024-06-11,Australia,Palestine,5,0,FIFA World Cup qualification,Perth,Australia,FALSE
2024-06-11,Cuba,Cayman Islands,3,0,FIFA World Cup qualification,Santiago,Cuba,FALSE
2024-06-11,Saint Kitts and Nevis,Bahamas,1,0,FIFA World Cup qualification,Basseterre,Saint Kitts and Nevis,FALSE
2024-06-11,Saint Lucia,Aruba,2,2,FIFA World Cup qualification,Bridgetown,Barbados,TRUE
2024-06-11,Guyana,Belize,3,1,FIFA World Cup qualification,Bridgetown,Barbados,TRUE
2024-06-11,Dominican Republic,British Virgin Islands,4,0,FIFA World Cup qualification,San Cristóbal,Dominican Republic,FALSE
2024-06-11,Puerto Rico,Anguilla,8,0,FIFA World Cup qualification,Bayamón,Puerto Rico,FALSE
2024-06-12,Ecuador,Bolivia,3,1,Friendly,Chester,United States,TRUE
2024-06-12,United States,Brazil,1,1,Friendly,Orlando,United States,FALSE
2024-06-14,Germany,Scotland,5,1,UEFA Euro,Munich,Germany,FALSE
2024-06-14,Argentina,Guatemala,4,1,Friendly,Landover,United States,TRUE
2024-06-14,El Salvador,Peru,0,1,Friendly,Philadelphia,United States,TRUE
2024-06-15,Hungary,Switzerland,1,3,UEFA Euro,Cologne,Germany,TRUE
2024-06-15,Spain,Croatia,3,0,UEFA Euro,Berlin,Germany,TRUE
2024-06-15,Italy,Albania,2,1,UEFA Euro,Dortmund,Germany,TRUE
2024-06-15,Colombia,Bolivia,3,0,Friendly,Denver,United States,TRUE
2024-06-15,Vanuatu,Solomon Islands,1,0,Oceania Nations Cup,Port Vila,Vanuatu,FALSE
2024-06-16,Ecuador,Honduras,2,1,Friendly,Hartford,United States,TRUE
2024-06-16,Slovenia,Denmark,1,1,UEFA Euro,Stuttgart,Germany,TRUE
2024-06-16,Serbia,England,0,1,UEFA Euro,Gelsenkirchen,Germany,TRUE
2024-06-16,Poland,Netherlands,1,2,UEFA Euro,Hamburg,Germany,TRUE
2024-06-16,Panama,Paraguay,0,1,Friendly,Panama City,Panama,FALSE
2024-06-16,Tahiti,Samoa,2,0,Oceania Nations Cup,Suva,Fiji,TRUE
2024-06-16,Fiji,Papua New Guinea,5,1,Oceania Nations Cup,Suva,Fiji,FALSE
2024-06-17,Austria,France,0,1,UEFA Euro,Düsseldorf,Germany,TRUE
2024-06-17,Romania,Ukraine,3,0,UEFA Euro,Munich,Germany,TRUE
2024-06-17,Belgium,Slovakia,0,1,UEFA Euro,Frankfurt,Germany,TRUE
2024-06-18,Turkey,Georgia,3,1,UEFA Euro,Dortmund,Germany,TRUE
2024-06-18,Portugal,Czech Republic,2,1,UEFA Euro,Leipzig,Germany,TRUE
2024-06-18,New Zealand,Solomon Islands,3,0,Oceania Nations Cup,Port Vila,Vanuatu,TRUE
2024-06-19,Germany,Hungary,2,0,UEFA Euro,Stuttgart,Germany,FALSE
2024-06-19,Scotland,Switzerland,1,1,UEFA Euro,Cologne,Germany,TRUE
2024-06-19,Croatia,Albania,2,2,UEFA Euro,Hamburg,Germany,TRUE
2024-06-19,Papua New Guinea,Tahiti,1,1,Oceania Nations Cup,Suva,Fiji,TRUE
2024-06-19,Fiji,Samoa,9,1,Oceania Nations Cup,Suva,Fiji,FALSE
2024-06-20,Spain,Italy,1,0,UEFA Euro,Gelsenkirchen,Germany,TRUE
2024-06-20,Slovenia,Serbia,1,1,UEFA Euro,Munich,Germany,TRUE
2024-06-20,Denmark,England,1,1,UEFA Euro,Frankfurt,Germany,TRUE
2024-06-20,Argentina,Canada,2,0,Copa América,Atlanta,United States,TRUE
2024-06-21,Poland,Austria,1,3,UEFA Euro,Berlin,Germany,TRUE
2024-06-21,Netherlands,France,0,0,UEFA Euro,Leipzig,Germany,TRUE
2024-06-21,Slovakia,Ukraine,1,2,UEFA Euro,Düsseldorf,Germany,TRUE
2024-06-21,Vanuatu,New Zealand,0,4,Oceania Nations Cup,Port Vila,Vanuatu,FALSE
2024-06-21,Peru,Chile,0,0,Copa América,Arlington,United States,TRUE
2024-06-22,Belgium,Romania,2,0,UEFA Euro,Cologne,Germany,TRUE
2024-06-22,Georgia,Czech Republic,1,1,UEFA Euro,Hamburg,Germany,TRUE
2024-06-22,Turkey,Portugal,0,3,UEFA Euro,Dortmund,Germany,TRUE
2024-06-22,Samoa,Papua New Guinea,1,2,Oceania Nations Cup,Suva,Fiji,TRUE
2024-06-22,Fiji,Tahiti,1,0,Oceania Nations Cup,Suva,Fiji,FALSE
2024-06-22,Ecuador,Venezuela,1,2,Copa América,Santa Clara,United States,TRUE
2024-06-22,Mexico,Jamaica,1,0,Copa América,Houston,United States,TRUE
2024-06-23,Germany,Switzerland,1,1,UEFA Euro,Frankfurt,Germany,FALSE
2024-06-23,Scotland,Hungary,0,1,UEFA Euro,Stuttgart,Germany,TRUE
2024-06-23,United States,Bolivia,2,0,Copa América,Arlington,United States,FALSE
2024-06-23,Uruguay,Panama,3,1,Copa América,Miami Gardens,United States,TRUE
2024-06-24,Albania,Spain,0,1,UEFA Euro,Düsseldorf,Germany,TRUE
2024-06-24,Croatia,Italy,1,1,UEFA Euro,Leipzig,Germany,TRUE
2024-06-24,Colombia,Paraguay,2,1,Copa América,Houston,United States,TRUE
2024-06-24,Brazil,Costa Rica,0,0,Copa América,Inglewood,United States,TRUE
2024-06-25,England,Slovenia,0,0,UEFA Euro,Cologne,Germany,TRUE
2024-06-25,Denmark,Serbia,0,0,UEFA Euro,Munich,Germany,TRUE
2024-06-25,Netherlands,Austria,2,3,UEFA Euro,Berlin,Germany,TRUE
2024-06-25,France,Poland,1,1,UEFA Euro,Dortmund,Germany,TRUE
2024-06-25,Peru,Canada,0,1,Copa América,Kansas City,United States,TRUE
2024-06-25,Chile,Argentina,0,1,Copa América,East Rutherford,United States,TRUE
2024-06-26,Slovakia,Romania,1,1,UEFA Euro,Frankfurt,Germany,TRUE
2024-06-26,Ukraine,Belgium,0,0,UEFA Euro,Stuttgart,Germany,TRUE
2024-06-26,Georgia,Portugal,2,0,UEFA Euro,Gelsenkirchen,Germany,TRUE
2024-06-26,Czech Republic,Turkey,1,2,UEFA Euro,Hamburg,Germany,TRUE
2024-06-26,Ecuador,Jamaica,3,1,Copa América,Las Vegas,United States,TRUE
2024-06-26,Venezuela,Mexico,1,0,Copa América,Inglewood,United States,TRUE
2024-06-27,Vanuatu,Fiji,2,1,Oceania Nations Cup,Port Vila,Vanuatu,FALSE
2024-06-27,New Zealand,Tahiti,5,0,Oceania Nations Cup,Port Vila,Vanuatu,TRUE
2024-06-27,United States,Panama,1,2,Copa América,Atlanta,United States,FALSE
2024-06-27,Uruguay,Bolivia,5,0,Copa América,East Rutherford,United States,TRUE
2024-06-28,Colombia,Costa Rica,3,0,Copa América,Glendale,United States,TRUE
2024-06-28,Paraguay,Brazil,1,4,Copa América,Las Vegas,United States,TRUE
2024-06-29,Switzerland,Italy,2,0,UEFA Euro,Berlin,Germany,TRUE
2024-06-29,Germany,Denmark,2,0,UEFA Euro,Dortmund,Germany,FALSE
2024-06-29,Argentina,Peru,2,0,Copa América,Miami Gardens,United States,TRUE
2024-06-29,Canada,Chile,0,0,Copa América,Orlando,United States,TRUE
2024-06-30,England,Slovakia,2,1,UEFA Euro,Gelsenkirchen,Germany,TRUE
2024-06-30,Spain,Georgia,4,1,UEFA Euro,Cologne,Germany,TRUE
2024-06-30,Tahiti,Fiji,2,1,Oceania Nations Cup,Port Vila,Vanuatu,TRUE
2024-06-30,Vanuatu,New Zealand,0,3,Oceania Nations Cup,Port Vila,Vanuatu,FALSE
2024-06-30,Mexico,Ecuador,0,0,Copa América,Glendale,United States,TRUE
2024-06-30,Jamaica,Venezuela,0,3,Copa América,Austin,United States,TRUE
2024-07-01,France,Belgium,1,0,UEFA Euro,Düsseldorf,Germany,TRUE
2024-07-01,Portugal,Slovenia,0,0,UEFA Euro,Frankfurt,Germany,TRUE
2024-07-01,United States,Uruguay,0,1,Copa América,Kansas City,United States,FALSE
2024-07-01,Bolivia,Panama,1,3,Copa América,Orlando,United States,TRUE
2024-07-02,Romania,Netherlands,0,3,UEFA Euro,Munich,Germany,TRUE
2024-07-02,Austria,Turkey,1,2,UEFA Euro,Leipzig,Germany,TRUE
2024-07-02,Brazil,Colombia,1,1,Copa América,Santa Clara,United States,TRUE
2024-07-02,Costa Rica,Paraguay,2,1,Copa América,Austin,United States,TRUE
2024-07-04,Argentina,Ecuador,1,1,Copa América,Houston,United States,TRUE
2024-07-05,Germany,Spain,1,2,UEFA Euro,Stuttgart,Germany,FALSE
2024-07-05,Portugal,France,0,0,UEFA Euro,Hamburg,Germany,TRUE
2024-07-05,Venezuela,Canada,1,1,Copa América,Arlington,United States,TRUE
2024-07-06,England,Switzerland,1,1,UEFA Euro,Düsseldorf,Germany,TRUE
2024-07-06,Netherlands,Turkey,2,1,UEFA Euro,Berlin,Germany,TRUE
2024-07-06,Uruguay,Brazil,0,0,Copa América,Las Vegas,United States,TRUE
2024-07-06,Colombia,Panama,5,0,Copa América,Glendale,United States,TRUE
2024-07-09,Spain,France,2,1,UEFA Euro,Munich,Germany,TRUE
2024-07-09,Argentina,Canada,2,0,Copa América,East Rutherford,United States,TRUE
2024-07-10,Netherlands,England,1,2,UEFA Euro,Dortmund,Germany,TRUE
2024-07-10,Uruguay,Colombia,0,1,Copa América,Charlotte,United States,TRUE
2024-07-13,Canada,Uruguay,2,2,Copa América,Charlotte,United States,TRUE
2024-07-14,Spain,England,2,1,UEFA Euro,Berlin,Germany,TRUE
2024-07-14,Argentina,Colombia,1,0,Copa América,Miami Gardens,United States,TRUE
2024-07-27,Guatemala,El Salvador,0,1,Friendly,Carson,United States,TRUE
2024-07-27,Jordan,North Korea,0,0,Friendly,Amman,Jordan,FALSE
2024-08-29,Jordan,North Korea,2,1,Friendly,Amman,Jordan,FALSE
2024-09-01,Guatemala,Uruguay,1,1,Friendly,Fort Lauderdale,United States,TRUE
2024-09-04,Gibraltar,Andorra,1,0,Friendly,Gibraltar,Gibraltar,FALSE
2024-09-04,Comoros,Gambia,1,1,African Cup of Nations qualification,El Jadida,Morocco,TRUE
2024-09-04,Libya,Rwanda,1,1,African Cup of Nations qualification,Tripoli,Libya,FALSE
2024-09-04,Sudan,Niger,1,0,African Cup of Nations qualification,Juba,South Sudan,TRUE
2024-09-04,Tanzania,Ethiopia,0,0,African Cup of Nations qualification,Dar es Salaam,Tanzania,FALSE
2024-09-04,United States Virgin Islands,Bahamas,3,3,CONCACAF Nations League,Saint Croix,United States Virgin Islands,FALSE
2024-09-04,Turks and Caicos Islands,Anguilla,0,2,CONCACAF Nations League,Providenciales,Turks and Caicos Islands,FALSE
2024-09-04,Cayman Islands,British Virgin Islands,1,0,CONCACAF Nations League,George Town,Cayman Islands,FALSE
2024-09-05,Bhutan,Bangladesh,0,1,Friendly,Thimphu,Bhutan,FALSE
2024-09-05,Vietnam,Russia,0,3,Friendly,Hanoi,Vietnam,FALSE
2024-09-05,Sri Lanka,Cambodia,0,0,AFC Asian Cup qualification,Colombo,Sri Lanka,FALSE
2024-09-05,Timor-Leste,Mongolia,4,1,AFC Asian Cup qualification,Gianyar,Indonesia,TRUE
2024-09-05,Tunisia,Madagascar,1,0,African Cup of Nations qualification,Radès,Tunisia,FALSE
2024-09-05,Central African Republic,Lesotho,3,1,African Cup of Nations qualification,El Jadida,Morocco,TRUE
2024-09-05,Algeria,Equatorial Guinea,2,0,African Cup of Nations qualification,Oran,Algeria,FALSE
2024-09-05,Ghana,Angola,0,1,African Cup of Nations qualification,Kumasi,Ghana,FALSE
2024-09-05,Guinea-Bissau,Eswatini,1,0,African Cup of Nations qualification,Bissau,Guinea-Bissau,FALSE
2024-09-05,Congo,South Sudan,1,0,African Cup of Nations qualification,Brazzaville,Congo,FALSE
2024-09-05,Malawi,Burundi,2,3,African Cup of Nations qualification,Lilongwe,Malawi,FALSE
2024-09-05,Guyana,Suriname,1,3,CONCACAF Nations League,Leonora,Guyana,FALSE
2024-09-05,Costa Rica,Guadeloupe,3,0,CONCACAF Nations League,San José,Costa Rica,FALSE
2024-09-05,Guatemala,Martinique,3,1,CONCACAF Nations League,Guatemala City,Guatemala,FALSE
2024-09-05,Montserrat,El Salvador,1,4,CONCACAF Nations League,Rincon,Bonaire,TRUE
2024-09-05,Bonaire,Saint Vincent and the Grenadines,1,1,CONCACAF Nations League,Rincon,Bonaire,FALSE
2024-09-05,Portugal,Croatia,2,1,UEFA Nations League,Lisbon,Portugal,FALSE
2024-09-05,Scotland,Poland,2,3,UEFA Nations League,Glasgow,Scotland,FALSE
2024-09-05,Denmark,Switzerland,2,0,UEFA Nations League,Copenhagen,Denmark,FALSE
2024-09-05,Serbia,Spain,0,0,UEFA Nations League,Belgrade,Serbia,FALSE
2024-09-05,Azerbaijan,Sweden,1,3,UEFA Nations League,Baku,Azerbaijan,FALSE
2024-09-05,Estonia,Slovakia,0,1,UEFA Nations League,Tallinn,Estonia,FALSE
2024-09-05,Northern Ireland,Luxembourg,2,0,UEFA Nations League,Belfast,Northern Ireland,FALSE
2024-09-05,Belarus,Bulgaria,0,0,UEFA Nations League,Zalaegerszeg,Hungary,TRUE
2024-09-05,San Marino,Liechtenstein,1,0,UEFA Nations League,Serravalle,San Marino,FALSE
2024-09-05,Bolivia,Venezuela,4,0,FIFA World Cup qualification,El Alto,Bolivia,FALSE
2024-09-05,Argentina,Chile,3,0,FIFA World Cup qualification,Buenos Aires,Argentina,FALSE
2024-09-05,Qatar,United Arab Emirates,1,3,FIFA World Cup qualification,Al Rayyan,Qatar,FALSE
2024-09-05,Uzbekistan,North Korea,1,0,FIFA World Cup qualification,Tashkent,Uzbekistan,FALSE
2024-09-05,Iran,Kyrgyzstan,1,0,FIFA World Cup qualification,Fuladshahr,Iran,FALSE
2024-09-05,Iraq,Oman,1,0,FIFA World Cup qualification,Basra,Iraq,FALSE
2024-09-05,South Korea,Palestine,0,0,FIFA World Cup qualification,Seoul,South Korea,FALSE
2024-09-05,Jordan,Kuwait,1,1,FIFA World Cup qualification,Amman,Jordan,FALSE
2024-09-05,Japan,China PR,7,0,FIFA World Cup qualification,Saitama,Japan,FALSE
2024-09-05,Australia,Bahrain,0,1,FIFA World Cup qualification,Robina,Australia,FALSE
2024-09-05,Saudi Arabia,Indonesia,1,1,FIFA World Cup qualification,Jeddah,Saudi Arabia,FALSE
2024-09-06,Brunei,Macau,3,0,AFC Asian Cup qualification,Bandar Seri Begawan,Brunei,FALSE
2024-09-06,Morocco,Gabon,4,1,African Cup of Nations qualification,Agadir,Morocco,FALSE
2024-09-06,Egypt,Cape Verde,3,0,African Cup of Nations qualification,Cairo,Egypt,FALSE
2024-09-06,Togo,Liberia,1,1,African Cup of Nations qualification,Lomé,Togo,FALSE
2024-09-06,Sierra Leone,Chad,0,0,African Cup of Nations qualification,Monrovia,Liberia,TRUE
2024-09-06,Ivory Coast,Zambia,2,0,African Cup of Nations qualification,Bouaké,Ivory Coast,FALSE
2024-09-06,DR Congo,Guinea,1,0,African Cup of Nations qualification,Kinshasa,DR Congo,FALSE
2024-09-06,Mali,Mozambique,1,1,African Cup of Nations qualification,Bamako,Mali,FALSE
2024-09-06,Kenya,Zimbabwe,0,0,African Cup of Nations qualification,Kampala,Uganda,TRUE
2024-09-06,South Africa,Uganda,2,2,African Cup of Nations qualification,Johannesburg,South Africa,FALSE
2024-09-06,Senegal,Burkina Faso,1,1,African Cup of Nations qualification,Diamniadio,Senegal,FALSE
2024-09-06,French Guiana,Nicaragua,0,1,CONCACAF Nations League,Cayenne,French Guiana,FALSE
2024-09-06,Jamaica,Cuba,0,0,CONCACAF Nations League,Kingston,Jamaica,FALSE
2024-09-06,Honduras,Trinidad and Tobago,4,0,CONCACAF Nations League,Tegucigalpa,Honduras,FALSE
2024-09-06,Saint Lucia,Curaçao,2,1,CONCACAF Nations League,Saint George's,Grenada,TRUE
2024-09-06,Grenada,Saint Martin,2,0,CONCACAF Nations League,St George's,Grenada,FALSE
2024-09-06,Sint Maarten,Aruba,2,0,CONCACAF Nations League,Mayagüez,Puerto Rico,TRUE
2024-09-06,Puerto Rico,Haiti,1,4,CONCACAF Nations League,Mayagüez,Puerto Rico,FALSE
2024-09-06,Belgium,Israel,3,1,UEFA Nations League,Debrecen,Hungary,TRUE
2024-09-06,France,Italy,1,3,UEFA Nations League,Paris,France,FALSE
2024-09-06,Kazakhstan,Norway,0,0,UEFA Nations League,Almaty,Kazakhstan,FALSE
2024-09-06,Slovenia,Austria,1,1,UEFA Nations League,Ljubljana,Slovenia,FALSE
2024-09-06,Iceland,Montenegro,2,0,UEFA Nations League,Reykjavík,Iceland,FALSE
2024-09-06,Wales,Turkey,0,0,UEFA Nations League,Cardiff,Wales,FALSE
2024-09-06,Kosovo,Romania,0,3,UEFA Nations League,Pristina,Kosovo,FALSE
2024-09-06,Lithuania,Cyprus,0,1,UEFA Nations League,Kaunas,Lithuania,FALSE
2024-09-06,Cook Islands,Tonga,1,3,FIFA World Cup qualification,Apia,Samoa,TRUE
2024-09-06,Samoa,American Samoa,2,0,FIFA World Cup qualification,Apia,Samoa,FALSE
2024-09-06,Peru,Colombia,1,1,FIFA World Cup qualification,Lima,Peru,FALSE
2024-09-06,Uruguay,Paraguay,0,0,FIFA World Cup qualification,Montevideo,Uruguay,FALSE
2024-09-06,Brazil,Ecuador,1,0,FIFA World Cup qualification,Curitiba,Brazil,FALSE
2024-09-07,Mexico,New Zealand,3,0,Friendly,Pasadena,United States,TRUE
2024-09-07,United States,Canada,1,2,Friendly,Kansas City,United States,FALSE
2024-09-07,Mauritania,Botswana,1,0,African Cup of Nations qualification,Nouakchott,Mauritania,FALSE
2024-09-07,Nigeria,Benin,3,0,African Cup of Nations qualification,Uyo,Nigeria,FALSE
2024-09-07,Cameroon,Namibia,1,0,African Cup of Nations qualification,Douala,Cameroon,FALSE
2024-09-07,Bermuda,Dominican Republic,2,3,CONCACAF Nations League,Piggotts,Antigua and Barbuda,TRUE
2024-09-07,Antigua and Barbuda,Dominica,1,2,CONCACAF Nations League,Piggotts,Antigua and Barbuda,FALSE
2024-09-07,Bahamas,Barbados,2,3,CONCACAF Nations League,Saint Croix,United States Virgin Islands,TRUE
2024-09-07,Turks and Caicos Islands,Belize,0,4,CONCACAF Nations League,Providenciales,Turks and Caicos Islands,FALSE
2024-09-07,Cayman Islands,Saint Kitts and Nevis,1,4,CONCACAF Nations League,George Town,Cayman Islands,FALSE
2024-09-07,Germany,Hungary,5,0,UEFA Nations League,Düsseldorf,Germany,FALSE
2024-09-07,Netherlands,Bosnia and Herzegovina,5,2,UEFA Nations League,Eindhoven,Netherlands,FALSE
2024-09-07,Georgia,Czech Republic,4,1,UEFA Nations League,Tbilisi,Georgia,FALSE
2024-09-07,Ukraine,Albania,1,2,UEFA Nations League,Prague,Czech Republic,TRUE
2024-09-07,Republic of Ireland,England,0,2,UEFA Nations League,Dublin,Republic of Ireland,FALSE
2024-09-07,Greece,Finland,3,0,UEFA Nations League,Piraeus,Greece,FALSE
2024-09-07,Faroe Islands,North Macedonia,1,1,UEFA Nations League,Toftir,Faroe Islands,FALSE
2024-09-07,Armenia,Latvia,4,1,UEFA Nations League,Yerevan,Armenia,FALSE
2024-09-07,Moldova,Malta,2,0,UEFA Nations League,Chișinău,Moldova,FALSE
2024-09-08,Bhutan,Bangladesh,1,0,Friendly,Thimphu,Bhutan,FALSE
2024-09-08,Gambia,Tunisia,1,2,African Cup of Nations qualification,El Jadida,Morocco,TRUE
2024-09-08,Saint Vincent and the Grenadines,Montserrat,2,0,CONCACAF Nations League,Rincon,Bonaire,TRUE
2024-09-08,Bonaire,El Salvador,1,2,CONCACAF Nations League,Rincon,Bonaire,FALSE
2024-09-08,Portugal,Scotland,2,1,UEFA Nations League,Lisbon,Portugal,FALSE
2024-09-08,Croatia,Poland,1,0,UEFA Nations League,Osijek,Croatia,FALSE
2024-09-08,Denmark,Serbia,2,0,UEFA Nations League,Copenhagen,Denmark,FALSE
2024-09-08,Switzerland,Spain,1,4,UEFA Nations League,Geneva,Switzerland,FALSE
2024-09-08,Slovakia,Azerbaijan,2,0,UEFA Nations League,Košice,Slovakia,FALSE
2024-09-08,Sweden,Estonia,3,0,UEFA Nations League,Stockholm,Sweden,FALSE
2024-09-08,Luxembourg,Belarus,0,1,UEFA Nations League,Luxembourg,Luxembourg,FALSE
2024-09-08,Bulgaria,Northern Ireland,1,0,UEFA Nations League,Plovdiv,Bulgaria,FALSE
2024-09-08,Gibraltar,Liechtenstein,2,2,UEFA Nations League,Gibraltar,Gibraltar,FALSE
2024-09-09,Madagascar,Comoros,1,1,African Cup of Nations qualification,Radès,Tunisia,TRUE
2024-09-09,Morocco,Lesotho,1,0,African Cup of Nations qualification,Agadir,Morocco,FALSE
2024-09-09,Equatorial Guinea,Togo,2,2,African Cup of Nations qualification,Malabo,Equatorial Guinea,FALSE
2024-09-09,Niger,Ghana,1,1,African Cup of Nations qualification,Berkane,Morocco,TRUE
2024-09-09,Angola,Sudan,2,1,African Cup of Nations qualification,Luanda,Angola,FALSE
2024-09-09,Ethiopia,DR Congo,0,2,African Cup of Nations qualification,Dar es Salaam,Tanzania,TRUE
2024-09-09,Uganda,Congo,2,0,African Cup of Nations qualification,Kira,Uganda,FALSE
2024-09-09,Burundi,Senegal,0,1,African Cup of Nations qualification,Lilongwe,Malawi,TRUE
2024-09-09,Guadeloupe,Suriname,1,0,CONCACAF Nations League,Le Gosier,Guadeloupe,FALSE
2024-09-09,Martinique,Guyana,2,2,CONCACAF Nations League,Fort de France,Martinique,FALSE
2024-09-09,Guatemala,Costa Rica,0,0,CONCACAF Nations League,Guatemala City,Guatemala,FALSE
2024-09-09,Curaçao,Saint Martin,4,0,CONCACAF Nations League,Saint George's,Grenada,TRUE
2024-09-09,Grenada,Saint Lucia,1,2,CONCACAF Nations League,Saint George's,Grenada,FALSE
2024-09-09,Haiti,Sint Maarten,6,0,CONCACAF Nations League,Mayagüez,Puerto Rico,TRUE
2024-09-09,Puerto Rico,Aruba,1,0,CONCACAF Nations League,Mayagüez,Puerto Rico,FALSE
2024-09-09,France,Belgium,2,0,UEFA Nations League,Décines-Charpieu,France,FALSE
2024-09-09,Israel,Italy,1,2,UEFA Nations League,Budapest,Hungary,TRUE
2024-09-09,Norway,Austria,2,1,UEFA Nations League,Oslo,Norway,FALSE
2024-09-09,Slovenia,Kazakhstan,3,0,UEFA Nations League,Ljubljana,Slovenia,FALSE
2024-09-09,Montenegro,Wales,1,2,UEFA Nations League,Nikšić,Montenegro,FALSE
2024-09-09,Turkey,Iceland,3,1,UEFA Nations League,Izmir,Turkey,FALSE
2024-09-09,Cyprus,Kosovo,0,4,UEFA Nations League,Larnaca,Cyprus,FALSE
2024-09-09,Romania,Lithuania,3,1,UEFA Nations League,Bucharest,Romania,FALSE
2024-09-09,Samoa,Tonga,2,1,FIFA World Cup qualification,Apia,Samoa,FALSE
2024-09-10,Mexico,Canada,0,0,Friendly,Arlington,United States,TRUE
2024-09-10,Moldova,San Marino,1,0,Friendly,Chișinău,Moldova,FALSE
2024-09-10,United States,New Zealand,1,1,Friendly,Cincinnati,United States,FALSE
2024-09-10,Vietnam,Thailand,1,2,Friendly,Hanoi,Vietnam,FALSE
2024-09-10,Cambodia,Sri Lanka,2,2,AFC Asian Cup qualification,Phnom Penh,Cambodia,FALSE
2024-09-10,Macau,Brunei,0,1,AFC Asian Cup qualification,Taipa,Macau,FALSE
2024-09-10,Mongolia,Timor-Leste,2,0,AFC Asian Cup qualification,Ulaanbaatar,Mongolia,FALSE
2024-09-10,Gabon,Central African Republic,2,0,African Cup of Nations qualification,Franceville,Gabon,FALSE
2024-09-10,Botswana,Egypt,0,4,African Cup of Nations qualification,Francistown,Botswana,FALSE
2024-09-10,Cape Verde,Mauritania,2,0,African Cup of Nations qualification,Praia,Cape Verde,FALSE
2024-09-10,Rwanda,Nigeria,0,0,African Cup of Nations qualification,Kigali,Rwanda,FALSE
2024-09-10,Benin,Libya,2,1,African Cup of Nations qualification,Abidjan,Ivory Coast,TRUE
2024-09-10,Liberia,Algeria,0,3,African Cup of Nations qualification,Monrovia,Liberia,FALSE
2024-09-10,Zambia,Sierra Leone,3,2,African Cup of Nations qualification,Ndola,Zambia,FALSE
2024-09-10,Chad,Ivory Coast,0,2,African Cup of Nations qualification,Yaounde,Cameroon,TRUE
2024-09-10,Guinea,Tanzania,1,2,African Cup of Nations qualification,Yamoussoukro,Ivory Coast,TRUE
2024-09-10,Mozambique,Guinea-Bissau,2,1,African Cup of Nations qualification,Maputo,Mozambique,FALSE
2024-09-10,Eswatini,Mali,0,1,African Cup of Nations qualification,Mbombela,South Africa,TRUE
2024-09-10,Namibia,Kenya,1,2,African Cup of Nations qualification,Johannesburg,South Africa,TRUE
2024-09-10,South Sudan,South Africa,2,3,African Cup of Nations qualification,Juba,South Sudan,FALSE
2024-09-10,Burkina Faso,Malawi,3,1,African Cup of Nations qualification,Bamako,Mali,TRUE
2024-09-10,Cuba,Nicaragua,1,1,CONCACAF Nations League,Santiago,Cuba,FALSE
2024-09-10,Trinidad and Tobago,French Guiana,0,0,CONCACAF Nations League,Bacolet,Trinidad and Tobago,FALSE
2024-09-10,Honduras,Jamaica,1,2,CONCACAF Nations League,Tegucigalpa,Honduras,FALSE
2024-09-10,Dominican Republic,Dominica,2,0,CONCACAF Nations League,Piggotts,Antigua and Barbuda,TRUE
2024-09-10,Antigua and Barbuda,Bermuda,0,1,CONCACAF Nations League,Piggotts,Antigua and Barbuda,FALSE
2024-09-10,United States Virgin Islands,Barbados,0,3,CONCACAF Nations League,Saint Croix,United States Virgin Islands,FALSE
2024-09-10,Belize,Anguilla,1,0,CONCACAF Nations League,Providenciales,Turks and Caicos Islands,TRUE
2024-09-10,Saint Kitts and Nevis,British Virgin Islands,2,0,CONCACAF Nations League,George Town,Cayman Islands,TRUE
2024-09-10,Hungary,Bosnia and Herzegovina,0,0,UEFA Nations League,Budapest,Hungary,FALSE
2024-09-10,Netherlands,Germany,2,2,UEFA Nations League,Amsterdam,Netherlands,FALSE
2024-09-10,Albania,Georgia,0,1,UEFA Nations League,Tirana,Albania,FALSE
2024-09-10,Czech Republic,Ukraine,3,2,UEFA Nations League,Prague,Czech Republic,FALSE
2024-09-10,England,Finland,2,0,UEFA Nations League,London,England,FALSE
2024-09-10,Republic of Ireland,Greece,0,2,UEFA Nations League,Dublin,Republic of Ireland,FALSE
2024-09-10,Latvia,Faroe Islands,1,0,UEFA Nations League,Riga,Latvia,FALSE
2024-09-10,North Macedonia,Armenia,2,0,UEFA Nations League,Skopje,North Macedonia,FALSE
2024-09-10,Andorra,Malta,0,1,UEFA Nations League,Andorra la Vella,Andorra,FALSE
2024-09-10,Colombia,Argentina,2,1,FIFA World Cup qualification,Barranquilla,Colombia,FALSE
2024-09-10,Ecuador,Peru,1,0,FIFA World Cup qualification,Quito,Ecuador,FALSE
2024-09-10,Chile,Bolivia,1,2,FIFA World Cup qualification,Santiago,Chile,FALSE
2024-09-10,Venezuela,Uruguay,0,0,FIFA World Cup qualification,Maturín,Venezuela,FALSE
2024-09-10,Paraguay,Brazil,1,0,FIFA World Cup qualification,Asunción,Paraguay,FALSE
2024-09-10,North Korea,Qatar,2,2,FIFA World Cup qualification,Vientiane,Laos,TRUE
2024-09-10,Kyrgyzstan,Uzbekistan,2,3,FIFA World Cup qualification,Bishkek,Kyrgyzstan,FALSE
2024-09-10,United Arab Emirates,Iran,0,1,FIFA World Cup qualification,Al Ain,United Arab Emirates,FALSE
2024-09-10,Oman,South Korea,1,3,FIFA World Cup qualification,Muscat,Oman,FALSE
2024-09-10,Kuwait,Iraq,0,0,FIFA World Cup qualification,Kuwait City,Kuwait,FALSE
2024-09-10,Palestine,Jordan,1,3,FIFA World Cup qualification,Kuala Lumpur,Malaysia,TRUE
2024-09-10,Bahrain,Japan,0,5,FIFA World Cup qualification,Riffa,Bahrain,FALSE
2024-09-10,Indonesia,Australia,0,0,FIFA World Cup qualification,Jakarta,Indonesia,FALSE
2024-09-10,China PR,Saudi Arabia,1,2,FIFA World Cup qualification,Dalian,China PR,FALSE
2024-09-10,Zimbabwe,Cameroon,0,0,African Cup of Nations qualification,Kampala,Uganda,TRUE
2024-10-09,Barbados,United States Virgin Islands,5,0,CONCACAF Nations League,Bridgetown,Barbados,FALSE
2024-10-09,Belize,Anguilla,1,0,CONCACAF Nations League,Belmopan,Belize,FALSE
2024-10-09,Saint Kitts and Nevis,British Virgin Islands,3,1,CONCACAF Nations League,Basseterre,Saint Kitts and Nevis,FALSE
2024-10-10,Liechtenstein,Hong Kong,1,0,Friendly,Vaduz,Liechtenstein,FALSE
2024-10-10,Myanmar,Sri Lanka,2,0,Friendly,Yangon,Myanmar,FALSE
2024-10-10,Cape Verde,Botswana,0,1,African Cup of Nations qualification,Praia,Cape Verde,FALSE
2024-10-10,Algeria,Togo,5,1,African Cup of Nations qualification,Annaba,Algeria,FALSE
2024-10-10,Ghana,Sudan,0,0,African Cup of Nations qualification,Accra,Ghana,FALSE
2024-10-10,DR Congo,Tanzania,1,0,African Cup of Nations qualification,Kinshasa,DR Congo,FALSE
2024-10-10,Namibia,Zimbabwe,0,1,African Cup of Nations qualification,Johannesburg,South Africa,TRUE
2024-10-10,Burkina Faso,Burundi,4,1,African Cup of Nations qualification,Ebimpé,Ivory Coast,TRUE
2024-10-10,Cuba,Trinidad and Tobago,2,2,CONCACAF Nations League,Santiago,Cuba,FALSE
2024-10-10,French Guiana,Honduras,2,3,CONCACAF Nations League,Cayenne,French Guiana,FALSE
2024-10-10,Nicaragua,Jamaica,0,2,CONCACAF Nations League,Managua,Nicaragua,FALSE
2024-10-10,Bonaire,Montserrat,0,1,CONCACAF Nations League,Kingstown,Saint Vincent and the Grenadines,TRUE
2024-10-10,Saint Vincent and the Grenadines,El Salvador,2,3,CONCACAF Nations League,Kingstown,Saint Vincent and the Grenadines,FALSE
2024-10-10,Israel,France,1,4,UEFA Nations League,Budapest,Hungary,TRUE
2024-10-10,Italy,Belgium,2,2,UEFA Nations League,Rome,Italy,FALSE
2024-10-10,England,Greece,1,2,UEFA Nations League,London,England,FALSE
2024-10-10,Finland,Republic of Ireland,1,2,UEFA Nations League,Helsinki,Finland,FALSE
2024-10-10,Austria,Kazakhstan,4,0,UEFA Nations League,Salzburg,Austria,FALSE
2024-10-10,Norway,Slovenia,3,0,UEFA Nations League,Oslo,Norway,FALSE
2024-10-10,Latvia,North Macedonia,0,3,UEFA Nations League,Riga,Latvia,FALSE
2024-10-10,Faroe Islands,Armenia,2,2,UEFA Nations League,Tórshavn,Faroe Islands,FALSE
2024-10-10,Gibraltar,San Marino,1,0,UEFA Nations League,Gibraltar,Gibraltar,FALSE
2024-10-10,Moldova,Andorra,2,0,UEFA Nations League,Chișinău,Moldova,FALSE
2024-10-10,Bolivia,Colombia,1,0,FIFA World Cup qualification,El Alto,Bolivia,FALSE
2024-10-10,Ecuador,Paraguay,0,0,FIFA World Cup qualification,Quito,Ecuador,FALSE
2024-10-10,Venezuela,Argentina,1,1,FIFA World Cup qualification,Maturín,Venezuela,FALSE
2024-10-10,Chile,Brazil,1,2,FIFA World Cup qualification,Santiago,Chile,FALSE
2024-10-10,Papua New Guinea,New Caledonia,1,3,FIFA World Cup qualification,Suva,Fiji,TRUE
2024-10-10,Fiji,Solomon Islands,1,0,FIFA World Cup qualification,Suva,Fiji,FALSE
2024-10-10,Qatar,Kyrgyzstan,3,1,FIFA World Cup qualification,Doha,Qatar,FALSE
2024-10-10,Uzbekistan,Iran,0,0,FIFA World Cup qualification,Tashkent,Uzbekistan,FALSE
2024-10-10,United Arab Emirates,North Korea,1,1,FIFA World Cup qualification,Al Ain,United Arab Emirates,FALSE
2024-10-10,Jordan,South Korea,0,2,FIFA World Cup qualification,Amman,Jordan,FALSE
2024-10-10,Oman,Kuwait,4,0,FIFA World Cup qualification,Muscat,Oman,FALSE
2024-10-10,Iraq,Palestine,1,0,FIFA World Cup qualification,Basra,Iraq,FALSE
2024-10-10,Bahrain,Indonesia,2,2,FIFA World Cup qualification,Riffa,Bahrain,FALSE
2024-10-10,Australia,China PR,3,1,FIFA World Cup qualification,Adelaide,Australia,FALSE
2024-10-10,Saudi Arabia,Japan,0,2,FIFA World Cup qualification,Jeddah,Saudi Arabia,FALSE
2024-10-11,Cambodia,Taiwan,3,2,Friendly,Phnom Penh,Cambodia,FALSE
2024-10-11,Madagascar,Gambia,1,1,African Cup of Nations qualification,Casablanca,Morocco,TRUE
2024-10-11,Tunisia,Comoros,0,1,African Cup of Nations qualification,Radès,Tunisia,FALSE
2024-10-11,Gabon,Lesotho,0,0,African Cup of Nations qualification,Franceville,Gabon,FALSE
2024-10-11,Egypt,Mauritania,2,0,African Cup of Nations qualification,Cairo,Egypt,FALSE
2024-10-11,Benin,Rwanda,3,0,African Cup of Nations qualification,Abidjan,Ivory Coast,TRUE
2024-10-11,Nigeria,Libya,1,0,African Cup of Nations qualification,Uyo,Nigeria,FALSE
2024-10-11,Equatorial Guinea,Liberia,1,0,African Cup of Nations qualification,Malabo,Equatorial Guinea,FALSE
2024-10-11,Angola,Niger,2,0,African Cup of Nations qualification,Luanda,Angola,FALSE
2024-10-11,Zambia,Chad,0,0,African Cup of Nations qualification,Ndola,Zambia,FALSE
2024-10-11,Ivory Coast,Sierra Leone,4,1,African Cup of Nations qualification,San-Pédro,Ivory Coast,FALSE
2024-10-11,Mozambique,Eswatini,1,1,African Cup of Nations qualification,Maputo,Mozambique,FALSE
2024-10-11,Mali,Guinea-Bissau,1,0,African Cup of Nations qualification,Bamako,Mali,FALSE
2024-10-11,Cameroon,Kenya,4,1,African Cup of Nations qualification,Douala,Cameroon,FALSE
2024-10-11,Uganda,South Sudan,1,0,African Cup of Nations qualification,Kira,Uganda,FALSE
2024-10-11,South Africa,Congo,5,0,African Cup of Nations qualification,Gqeberha,South Africa,FALSE
2024-10-11,Senegal,Malawi,4,0,African Cup of Nations qualification,Diamniadio,Senegal,FALSE
2024-10-11,Guadeloupe,Martinique,0,1,CONCACAF Nations League,Le Gosier,Guadeloupe,FALSE
2024-10-11,Suriname,Costa Rica,1,1,CONCACAF Nations League,Paramaribo,Suriname,FALSE
2024-10-11,Guyana,Guatemala,1,3,CONCACAF Nations League,Leonora,Guyana,FALSE
2024-10-11,Grenada,Curaçao,0,0,CONCACAF Nations League,Gros Islet,Saint Lucia,TRUE
2024-10-11,Saint Lucia,Saint Martin,2,1,CONCACAF Nations League,Gros Islet,Saint Lucia,FALSE
2024-10-11,Sint Maarten,Puerto Rico,3,2,CONCACAF Nations League,Oranjestad,Aruba,TRUE
2024-10-11,Aruba,Haiti,1,3,CONCACAF Nations League,Oranjestad,Aruba,FALSE
2024-10-11,Bosnia and Herzegovina,Germany,1,2,UEFA Nations League,Zenica,Bosnia and Herzegovina,FALSE
2024-10-11,Hungary,Netherlands,1,1,UEFA Nations League,Budapest,Hungary,FALSE
2024-10-11,Czech Republic,Albania,2,0,UEFA Nations League,Prague,Czech Republic,FALSE
2024-10-11,Ukraine,Georgia,1,0,UEFA Nations League,Poznań,Poland,TRUE
2024-10-11,Iceland,Wales,2,2,UEFA Nations League,Reykjavík,Iceland,FALSE
2024-10-11,Turkey,Montenegro,1,0,UEFA Nations League,Tekkeköy,Turkey,FALSE
2024-10-11,Estonia,Azerbaijan,3,1,UEFA Nations League,Tallinn,Estonia,FALSE
2024-10-11,Slovakia,Sweden,2,2,UEFA Nations League,Bratislava,Slovakia,FALSE
2024-10-11,Peru,Uruguay,1,0,FIFA World Cup qualification,Lima,Peru,FALSE
2024-10-11,New Zealand,Tahiti,3,0,FIFA World Cup qualification,Port Vila,Vanuatu,TRUE
2024-10-12,United States,Panama,2,0,Friendly,Austin,United States,FALSE
2024-10-12,Vietnam,India,1,1,Friendly,Nam Định,Vietnam,FALSE
2024-10-12,Morocco,Central African Republic,5,0,African Cup of Nations qualification,Oujda,Morocco,FALSE
2024-10-12,Guinea,Ethiopia,4,1,African Cup of Nations qualification,Ebimpé,Ivory Coast,TRUE
2024-10-12,Antigua and Barbuda,Dominican Republic,0,5,CONCACAF Nations League,Hamilton,Bermuda,TRUE
2024-10-12,Bermuda,Dominica,6,1,CONCACAF Nations League,Hamilton,Bermuda,FALSE
2024-10-12,Bahamas,United States Virgin Islands,3,1,CONCACAF Nations League,Bridgetown,Barbados,TRUE
2024-10-12,Turks and Caicos Islands,Anguilla,2,1,CONCACAF Nations League,Belmopan,Belize,TRUE
2024-10-12,Cayman Islands,British Virgin Islands,1,0,CONCACAF Nations League,Basseterre,Saint Kitts and Nevis,TRUE
2024-10-12,Croatia,Scotland,2,1,UEFA Nations League,Zagreb,Croatia,FALSE
2024-10-12,Poland,Portugal,1,3,UEFA Nations League,Warsaw,Poland,FALSE
2024-10-12,Serbia,Switzerland,2,0,UEFA Nations League,Leskovac,Serbia,FALSE
2024-10-12,Spain,Denmark,1,0,UEFA Nations League,Murcia,Spain,FALSE
2024-10-12,Lithuania,Kosovo,1,2,UEFA Nations League,Kaunas,Lithuania,FALSE
2024-10-12,Cyprus,Romania,0,3,UEFA Nations League,Larnaca,Cyprus,FALSE
2024-10-12,Bulgaria,Luxembourg,0,0,UEFA Nations League,Plovdiv,Bulgaria,FALSE
2024-10-12,Belarus,Northern Ireland,0,0,UEFA Nations League,Zalaegerszeg,Hungary,TRUE
2024-10-12,Vanuatu,Samoa,4,1,FIFA World Cup qualification,Port Vila,Vanuatu,FALSE
2024-10-13,Andorra,San Marino,2,0,Friendly,Andorra la Vella,Andorra,FALSE
2024-10-13,Myanmar,Sri Lanka,0,0,Friendly,Yangon,Myanmar,FALSE
2024-10-13,Burundi,Burkina Faso,0,2,African Cup of Nations qualification,Abidjan,Ivory Coast,TRUE
2024-10-13,Montserrat,Bonaire,0,1,CONCACAF Nations League,Kingstown,Saint Vincent and the Grenadines,TRUE
2024-10-13,Saint Vincent and the Grenadines,El Salvador,2,1,CONCACAF Nations League,Kingstown,Saint Vincent and the Grenadines,FALSE
2024-10-13,Finland,England,1,3,UEFA Nations League,Helsinki,Finland,FALSE
2024-10-13,Greece,Republic of Ireland,2,0,UEFA Nations League,Piraeus,Greece,FALSE
2024-10-13,Kazakhstan,Slovenia,0,1,UEFA Nations League,Astana,Kazakhstan,FALSE
2024-10-13,Austria,Norway,5,1,UEFA Nations League,Linz,Austria,FALSE
2024-10-13,Faroe Islands,Latvia,1,1,UEFA Nations League,Tórshavn,Faroe Islands,FALSE
2024-10-13,Armenia,North Macedonia,0,2,UEFA Nations League,Yerevan,Armenia,FALSE
2024-10-13,Liechtenstein,Gibraltar,0,0,UEFA Nations League,Vaduz,Liechtenstein,FALSE
2024-10-13,Malta,Moldova,1,0,UEFA Nations League,Ta' Qali,Malta,FALSE
2024-10-14,New Zealand,Malaysia,4,0,Friendly,Auckland,New Zealand,FALSE
2024-10-14,Gambia,Madagascar,1,0,African Cup of Nations qualification,El Jadida,Morocco,TRUE
2024-10-14,Liberia,Equatorial Guinea,1,2,African Cup of Nations qualification,Monrovia,Liberia,FALSE
2024-10-14,Togo,Algeria,0,1,African Cup of Nations qualification,Lomé,Togo,FALSE
2024-10-14,Eswatini,Mozambique,0,3,African Cup of Nations qualification,Mbombela,South Africa,TRUE
2024-10-14,Kenya,Cameroon,0,1,African Cup of Nations qualification,Kampala,Uganda,TRUE
2024-10-14,Zimbabwe,Namibia,3,1,African Cup of Nations qualification,Johannesburg,South Africa,TRUE
2024-10-14,Nicaragua,French Guiana,3,2,CONCACAF Nations League,Managua,Nicaragua,FALSE
2024-10-14,Jamaica,Honduras,0,0,CONCACAF Nations League,Kingston,Jamaica,FALSE
2024-10-14,Trinidad and Tobago,Cuba,3,1,CONCACAF Nations League,Bacolet,Trinidad and Tobago,FALSE
2024-10-14,Curaçao,Grenada,1,0,CONCACAF Nations League,Gros Islet,Saint Lucia,TRUE
2024-10-14,Saint Lucia,Saint Martin,0,4,CONCACAF Nations League,Gros Islet,Saint Lucia,FALSE
2024-10-14,Puerto Rico,Sint Maarten,2,1,CONCACAF Nations League,Oranjestad,Aruba,TRUE
2024-10-14,Aruba,Haiti,3,5,CONCACAF Nations League,Oranjestad,Aruba,FALSE
2024-10-14,Belgium,France,1,2,UEFA Nations League,Leuven,Belgium,FALSE
2024-10-14,Italy,Israel,4,1,UEFA Nations League,Udine,Italy,FALSE
2024-10-14,Bosnia and Herzegovina,Hungary,0,2,UEFA Nations League,Zenica,Bosnia and Herzegovina,FALSE
2024-10-14,Germany,Netherlands,1,0,UEFA Nations League,Munich,Germany,FALSE
2024-10-14,Georgia,Albania,0,1,UEFA Nations League,Tbilisi,Georgia,FALSE
2024-10-14,Ukraine,Czech Republic,1,1,UEFA Nations League,Wrocław,Poland,TRUE
2024-10-14,Iceland,Turkey,2,4,UEFA Nations League,Reykjavík,Iceland,FALSE
2024-10-14,Wales,Montenegro,1,0,UEFA Nations League,Cardiff,Wales,FALSE
2024-10-14,Azerbaijan,Slovakia,1,3,UEFA Nations League,Baku,Azerbaijan,FALSE
2024-10-14,Estonia,Sweden,0,3,UEFA Nations League,Tallinn,Estonia,FALSE
2024-10-15,Canada,Panama,2,1,Friendly,Toronto,Canada,FALSE
2024-10-15,Hong Kong,Cambodia,3,0,Friendly,Hong Kong,Hong Kong,FALSE
2024-10-15,Mexico,United States,2,0,Friendly,Zapopan,Mexico,FALSE
2024-10-15,Comoros,Tunisia,1,1,African Cup of Nations qualification,Abidjan,Ivory Coast,TRUE
2024-10-15,Lesotho,Gabon,0,2,African Cup of Nations qualification,Durban,South Africa,TRUE
2024-10-15,Morocco,Central African Republic,4,0,African Cup of Nations qualification,Oujda,Morocco,FALSE
2024-10-15,Mauritania,Egypt,0,1,African Cup of Nations qualification,Nouakchott,Mauritania,FALSE
2024-10-15,Botswana,Cape Verde,1,0,African Cup of Nations qualification,Francistown,Botswana,FALSE
2024-10-15,Rwanda,Benin,2,1,African Cup of Nations qualification,Kigali,Rwanda,FALSE
2024-10-15,Sudan,Ghana,2,0,African Cup of Nations qualification,Benghazi,Libya,TRUE
2024-10-15,Niger,Angola,0,1,African Cup of Nations qualification,Casablanca,Morocco,TRUE
2024-10-15,Chad,Zambia,0,1,African Cup of Nations qualification,Yaounde,Cameroon,TRUE
2024-10-15,Sierra Leone,Ivory Coast,1,0,African Cup of Nations qualification,Monrovia,Liberia,TRUE
2024-10-15,Tanzania,DR Congo,0,2,African Cup of Nations qualification,Dar es Salaam,Tanzania,FALSE
2024-10-15,Ethiopia,Guinea,0,3,African Cup of Nations qualification,Ebimpé,Ivory Coast,TRUE
2024-10-15,Guinea-Bissau,Mali,0,0,African Cup of Nations qualification,Bissau,Guinea-Bissau,FALSE
2024-10-15,South Sudan,Uganda,1,2,African Cup of Nations qualification,Juba,South Sudan,FALSE
2024-10-15,Congo,South Africa,1,1,African Cup of Nations qualification,Brazzaville,Congo,FALSE
2024-10-15,Malawi,Senegal,0,1,African Cup of Nations qualification,Lilongwe,Malawi,FALSE
2024-10-15,Costa Rica,Guatemala,3,0,CONCACAF Nations League,San José,Costa Rica,FALSE
2024-10-15,Guadeloupe,Martinique,0,0,CONCACAF Nations League,Le Gosier,Guadeloupe,FALSE
2024-10-15,Suriname,Guyana,5,1,CONCACAF Nations League,Paramaribo,Suriname,FALSE
2024-10-15,Dominican Republic,Antigua and Barbuda,5,0,CONCACAF Nations League,Hamilton,Bermuda,TRUE
2024-10-15,Bermuda,Dominica,3,2,CONCACAF Nations League,Hamilton,Bermuda,FALSE
2024-10-15,Barbados,Bahamas,6,2,CONCACAF Nations League,Bridgetown,Barbados,FALSE
2024-10-15,Belize,Turks and Caicos Islands,3,0,CONCACAF Nations League,Belmopan,Belize,FALSE
2024-10-15,Saint Kitts and Nevis,Cayman Islands,1,1,CONCACAF Nations League,Basseterre,Saint Kitts and Nevis,FALSE
2024-10-15,Scotland,Portugal,0,0,UEFA Nations League,Glasgow,Scotland,FALSE
2024-10-15,Poland,Croatia,3,3,UEFA Nations League,Warsaw,Poland,FALSE
2024-10-15,Spain,Serbia,3,0,UEFA Nations League,Cordoba,Spain,FALSE
2024-10-15,Switzerland,Denmark,2,2,UEFA Nations League,St. Gallen,Switzerland,FALSE
2024-10-15,Kosovo,Cyprus,3,0,UEFA Nations League,Pristina,Kosovo,FALSE
2024-10-15,Lithuania,Romania,1,2,UEFA Nations League,Kaunas,Lithuania,FALSE
2024-10-15,Northern Ireland,Bulgaria,5,0,UEFA Nations League,Belfast,Northern Ireland,FALSE
2024-10-15,Belarus,Luxembourg,1,1,UEFA Nations League,Zalaegerszeg,Hungary,TRUE
2024-10-15,Colombia,Chile,4,0,FIFA World Cup qualification,Barranquilla,Colombia,FALSE
2024-10-15,Paraguay,Venezuela,2,1,FIFA World Cup qualification,Asunción,Paraguay,FALSE
2024-10-15,Uruguay,Ecuador,0,0,FIFA World Cup qualification,Montevideo,Uruguay,FALSE
2024-10-15,Argentina,Bolivia,6,0,FIFA World Cup qualification,Buenos Aires,Argentina,FALSE
2024-10-15,Brazil,Peru,4,0,FIFA World Cup qualification,Brasília,Brazil,FALSE
2024-10-15,Uzbekistan,United Arab Emirates,1,0,FIFA World Cup qualification,Tashkent,Uzbekistan,FALSE
2024-10-15,Iran,Qatar,4,1,FIFA World Cup qualification,Dubai,United Arab Emirates,TRUE
2024-10-15,Kyrgyzstan,North Korea,1,0,FIFA World Cup qualification,Bishkek,Kyrgyzstan,FALSE
2024-10-15,Jordan,Oman,4,0,FIFA World Cup qualification,Amman,Jordan,FALSE
2024-10-15,Palestine,Kuwait,2,2,FIFA World Cup qualification,Al Rayyan,Qatar,TRUE
2024-10-15,South Korea,Iraq,3,2,FIFA World Cup qualification,Yongin,South Korea,FALSE
2024-10-15,Japan,Australia,1,1,FIFA World Cup qualification,Saitama,Japan,FALSE
2024-10-15,China PR,Indonesia,2,1,FIFA World Cup qualification,Qingdao,China PR,FALSE
2024-10-15,Saudi Arabia,Bahrain,0,0,FIFA World Cup qualification,Jeddah,Saudi Arabia,FALSE
2024-11-13,Bangladesh,Maldives,0,1,Friendly,Dhaka,Bangladesh,FALSE
2024-11-13,Tajikistan,Nepal,4,0,Friendly,Dushanbe,Tajikistan,FALSE
2024-11-13,Liberia,Togo,1,0,African Cup of Nations qualification,Monrovia,Liberia,FALSE
2024-11-13,Chad,Sierra Leone,1,1,African Cup of Nations qualification,Abidjan,Ivory Coast,TRUE
2024-11-13,Namibia,Cameroon,0,0,African Cup of Nations qualification,Johannesburg,South Africa,TRUE
2024-11-14,Belgium,Italy,0,1,UEFA Nations League,Brussels,Belgium,FALSE
2024-11-14,France,Israel,0,0,UEFA Nations League,Paris,France,FALSE
2024-11-14,Republic of Ireland,Finland,1,0,UEFA Nations League,Dublin,Republic of Ireland,FALSE
2024-11-14,Greece,England,0,3,UEFA Nations League,Athens,Greece,FALSE
2024-11-14,Kazakhstan,Austria,0,2,UEFA Nations League,Almaty,Kazakhstan,FALSE
2024-11-14,Slovenia,Norway,1,4,UEFA Nations League,Ljubljana,Slovenia,FALSE
2024-11-14,North Macedonia,Latvia,1,0,UEFA Nations League,Skopje,North Macedonia,FALSE
2024-11-14,Armenia,Faroe Islands,0,1,UEFA Nations League,Yerevan,Armenia,FALSE
2024-11-14,Montserrat,Saint Vincent and the Grenadines,1,2,CONCACAF Nations League,San Salvador,El Salvador,TRUE
2024-11-14,El Salvador,Bonaire,1,0,CONCACAF Nations League,San Salvador,El Salvador,FALSE
2024-11-14,Belize,French Guiana,2,1,CONCACAF Nations League,Belmopan,Belize,FALSE
2024-11-14,Saint Kitts and Nevis,Cuba,2,1,CONCACAF Nations League,Basseterre,Saint Kitts and Nevis,FALSE
2024-11-14,Costa Rica,Panama,0,1,CONCACAF Nations League,San José,Costa Rica,FALSE
2024-11-14,Jamaica,United States,0,1,CONCACAF Nations League,Kingston,Jamaica,FALSE
2024-11-14,Hong Kong,Philippines,3,1,Friendly,Hong Kong,Hong Kong,FALSE
2024-11-14,Malaysia,Laos,3,1,Friendly,Bangkok,Thailand,TRUE
2024-11-14,Malta,Liechtenstein,2,0,Friendly,Ta' Qali,Malta,FALSE
2024-11-14,Singapore,Myanmar,3,2,Friendly,Kallang,Singapore,FALSE
2024-11-14,Thailand,Lebanon,0,0,Friendly,Pathum Thani,Thailand,FALSE
2024-11-14,Venezuela,Brazil,1,1,FIFA World Cup qualification,Maturín,Venezuela,FALSE
2024-11-14,Ecuador,Bolivia,4,0,FIFA World Cup qualification,Guayaquil,Ecuador,FALSE
2024-11-14,Paraguay,Argentina,2,1,FIFA World Cup qualification,Asunción,Paraguay,FALSE
2024-11-14,Solomon Islands,New Caledonia,2,3,FIFA World Cup qualification,Port Moresby,Papua New Guinea,TRUE
2024-11-14,Papua New Guinea,Fiji,3,3,FIFA World Cup qualification,Port Moresby,Papua New Guinea,FALSE
2024-11-14,North Korea,Iran,2,3,FIFA World Cup qualification,Vientiane,Laos,TRUE
2024-11-14,Qatar,Uzbekistan,3,2,FIFA World Cup qualification,Al Rayyan,Qatar,FALSE
2024-11-14,United Arab Emirates,Kyrgyzstan,3,0,FIFA World Cup qualification,Abu Dhabi,United Arab Emirates,FALSE
2024-11-14,Kuwait,South Korea,1,3,FIFA World Cup qualification,Kuwait City,Kuwait,FALSE
2024-11-14,Iraq,Jordan,0,0,FIFA World Cup qualification,Basra,Iraq,FALSE
2024-11-14,Oman,Palestine,1,0,FIFA World Cup qualification,Muscat,Oman,FALSE
2024-11-14,Bahrain,China PR,0,1,FIFA World Cup qualification,Riffa,Bahrain,FALSE
2024-11-14,Australia,Saudi Arabia,0,0,FIFA World Cup qualification,Melbourne,Australia,FALSE
2024-11-14,Madagascar,Tunisia,2,3,African Cup of Nations qualification,Pretoria,South Africa,TRUE
2024-11-14,Lesotho,Central African Republic,1,0,African Cup of Nations qualification,Bloemfontein,South Africa,TRUE
2024-11-14,Rwanda,Libya,0,1,African Cup of Nations qualification,Kigali,Rwanda,FALSE
2024-11-14,Benin,Nigeria,1,1,African Cup of Nations qualification,Abidjan,Ivory Coast,TRUE
2024-11-14,Equatorial Guinea,Algeria,0,0,African Cup of Nations qualification,Malabo,Equatorial Guinea,FALSE
2024-11-14,Niger,Sudan,4,0,African Cup of Nations qualification,Lomé,Togo,TRUE
2024-11-14,South Sudan,Congo,3,2,African Cup of Nations qualification,Juba,South Sudan,FALSE
2024-11-14,Burundi,Malawi,0,0,African Cup of Nations qualification,Abidjan,Ivory Coast,TRUE
2024-11-14,Burkina Faso,Senegal,0,1,African Cup of Nations qualification,Bamako,Mali,TRUE
2024-11-15,Portugal,Poland,5,1,UEFA Nations League,Porto,Portugal,FALSE
2024-11-15,Scotland,Croatia,1,0,UEFA Nations League,Glasgow,Scotland,FALSE
2024-11-15,Denmark,Spain,1,2,UEFA Nations League,Copenhagen,Denmark,FALSE
2024-11-15,Switzerland,Serbia,1,1,UEFA Nations League,Zürich,Switzerland,FALSE
2024-11-15,Cyprus,Lithuania,2,1,UEFA Nations League,Larnaca,Cyprus,FALSE
2024-11-15,Romania,Kosovo,0,0,UEFA Nations League,Bucharest,Romania,FALSE
2024-11-15,Northern Ireland,Belarus,2,0,UEFA Nations League,Belfast,Northern Ireland,FALSE
2024-11-15,Luxembourg,Bulgaria,0,1,UEFA Nations League,Luxembourg,Luxembourg,FALSE
2024-11-15,San Marino,Gibraltar,1,1,UEFA Nations League,Serravalle,San Marino,FALSE
2024-11-15,Saint Lucia,Grenada,0,4,CONCACAF Nations League,Willemstad,Curaçao,TRUE
2024-11-15,Curaçao,Saint Martin,5,0,CONCACAF Nations League,Willemstad,Curaçao,FALSE
2024-11-15,Puerto Rico,Aruba,5,1,CONCACAF Nations League,Mayagüez,Puerto Rico,FALSE
2024-11-15,Sint Maarten,Haiti,0,8,CONCACAF Nations League,Mayagüez,Puerto Rico,TRUE
2024-11-15,Barbados,Guyana,1,4,CONCACAF Nations League,Bridgetown,Barbados,FALSE
2024-11-15,Cayman Islands,Guadeloupe,0,6,CONCACAF Nations League,George Town,Cayman Islands,FALSE
2024-11-15,Honduras,Mexico,2,0,CONCACAF Nations League,San Pedro Sula,Honduras,FALSE
2024-11-15,Suriname,Canada,0,1,CONCACAF Nations League,Paramaribo,Suriname,FALSE
2024-11-15,Peru,Chile,0,0,FIFA World Cup qualification,Lima,Peru,FALSE
2024-11-15,Uruguay,Colombia,3,2,FIFA World Cup qualification,Montevideo,Uruguay,FALSE
2024-11-15,Samoa,Tahiti,0,3,FIFA World Cup qualification,Hamilton,New Zealand,TRUE
2024-11-15,New Zealand,Vanuatu,8,1,FIFA World Cup qualification,Hamilton,New Zealand,FALSE
2024-11-15,Indonesia,Japan,0,4,FIFA World Cup qualification,Jakarta,Indonesia,FALSE
2024-11-15,Russia,Brunei,2,1,Friendly,Krasnodar,Russia,FALSE
2024-11-15,Gambia,Comoros,1,2,African Cup of Nations qualification,Berkane,Morocco,TRUE
2024-11-15,Gabon,Morocco,1,5,African Cup of Nations qualification,Franceville,Gabon,FALSE
2024-11-15,Botswana,Mauritania,1,1,African Cup of Nations qualification,Francistown,Botswana,FALSE
2024-11-15,Cape Verde,Egypt,1,1,African Cup of Nations qualification,Praia,Cape Verde,FALSE
2024-11-15,Angola,Ghana,1,1,African Cup of Nations qualification,Talatona,Angola,FALSE
2024-11-15,Zambia,Ivory Coast,1,0,African Cup of Nations qualification,Ndola,Zambia,FALSE
2024-11-15,Eswatini,Guinea-Bissau,1,1,African Cup of Nations qualification,Mbombela,South Africa,TRUE
2024-11-15,Mozambique,Mali,0,1,African Cup of Nations qualification,Maputo,Mozambique,FALSE
2024-11-15,Zimbabwe,Kenya,1,1,African Cup of Nations qualification,Polokwane,South Africa,TRUE
2024-11-15,Uganda,South Africa,0,2,African Cup of Nations qualification,Kampala,Uganda,FALSE
2024-11-16,Germany,Bosnia and Herzegovina,7,0,UEFA Nations League,Freiburg,Germany,FALSE
2024-11-16,Netherlands,Hungary,4,0,UEFA Nations League,Amsterdam,Netherlands,FALSE
2024-11-16,Albania,Czech Republic,0,0,UEFA Nations League,Tirana,Albania,FALSE
2024-11-16,Georgia,Ukraine,1,1,UEFA Nations League,Batumi,Georgia,FALSE
2024-11-16,Montenegro,Iceland,0,2,UEFA Nations League,Nikšić,Montenegro,FALSE
2024-11-16,Turkey,Wales,0,0,UEFA Nations League,Kayseri,Turkey,FALSE
2024-11-16,Azerbaijan,Estonia,0,0,UEFA Nations League,Gabala,Azerbaijan,FALSE
2024-11-16,Sweden,Slovakia,2,1,UEFA Nations League,Solna,Sweden,FALSE
2024-11-16,Andorra,Moldova,0,1,UEFA Nations League,Andorra la Vella,Andorra,FALSE
2024-11-16,Bermuda,Antigua and Barbuda,2,1,CONCACAF Nations League,Santiago de los Caballeros,Dominican Republic,TRUE
2024-11-16,Dominican Republic,Dominica,6,1,CONCACAF Nations League,Santiago de los Caballeros,Dominican Republic,FALSE
2024-11-16,Bangladesh,Maldives,2,1,Friendly,Dhaka,Bangladesh,FALSE
2024-11-16,Nepal,Afghanistan,2,0,Friendly,Dushanbe,Tajikistan,TRUE
2024-11-16,Sri Lanka,Yemen,1,0,Friendly,Al Khor,Qatar,TRUE
2024-11-16,Ethiopia,Tanzania,0,2,African Cup of Nations qualification,Kinshasa,DR Congo,TRUE
2024-11-16,Guinea,DR Congo,1,0,African Cup of Nations qualification,Abidjan,Ivory Coast,TRUE
2024-11-17,Israel,Belgium,1,0,UEFA Nations League,Budapest,Hungary,TRUE
2024-11-17,Italy,France,1,3,UEFA Nations League,Milan,Italy,FALSE
2024-11-17,England,Republic of Ireland,5,0,UEFA Nations League,London,England,FALSE
2024-11-17,Finland,Greece,0,2,UEFA Nations League,Helsinki,Finland,FALSE
2024-11-17,Norway,Kazakhstan,5,0,UEFA Nations League,Oslo,Norway,FALSE
2024-11-17,Austria,Slovenia,1,1,UEFA Nations League,Vienna,Austria,FALSE
2024-11-17,North Macedonia,Faroe Islands,1,0,UEFA Nations League,Skopje,North Macedonia,FALSE
2024-11-17,Latvia,Armenia,1,2,UEFA Nations League,Riga,Latvia,FALSE
2024-11-17,Saint Vincent and the Grenadines,Bonaire,3,1,CONCACAF Nations League,San Salvador,El Salvador,TRUE
2024-11-17,El Salvador,Montserrat,1,0,CONCACAF Nations League,San Salvador,El Salvador,FALSE
2024-11-17,Thailand,Laos,1,1,Friendly,Pathum Thani,Thailand,FALSE
2024-11-17,Fiji,New Caledonia,1,1,FIFA World Cup qualification,Port Moresby,Papua New Guinea,TRUE
2024-11-17,Papua New Guinea,Solomon Islands,1,2,FIFA World Cup qualification,Port Moresby,Papua New Guinea,FALSE
2024-11-17,Algeria,Liberia,5,1,African Cup of Nations qualification,Tizi Ouzou,Algeria,FALSE
2024-11-17,Togo,Equatorial Guinea,3,0,African Cup of Nations qualification,Lomé,Togo,FALSE
2024-11-18,Croatia,Portugal,1,1,UEFA Nations League,Split,Croatia,FALSE
2024-11-18,Poland,Scotland,1,2,UEFA Nations League,Warsaw,Poland,FALSE
2024-11-18,Serbia,Denmark,0,0,UEFA Nations League,Leskovac,Serbia,FALSE
2024-11-18,Spain,Switzerland,3,2,UEFA Nations League,Santa Cruz de Tenerife,Spain,FALSE
2024-11-18,Kosovo,Lithuania,1,0,UEFA Nations League,Pristina,Kosovo,FALSE
2024-11-18,Romania,Cyprus,4,1,UEFA Nations League,Bucharest,Romania,FALSE
2024-11-18,Luxembourg,Northern Ireland,2,2,UEFA Nations League,Luxembourg,Luxembourg,FALSE
2024-11-18,Bulgaria,Belarus,1,1,UEFA Nations League,Sofia,Bulgaria,FALSE
2024-11-18,Liechtenstein,San Marino,1,3,UEFA Nations League,Vaduz,Liechtenstein,FALSE
2024-11-18,Grenada,Saint Martin,0,3,CONCACAF Nations League,Gros Islet,Saint Lucia,TRUE
2024-11-18,Saint Lucia,Curaçao,1,4,CONCACAF Nations League,Gros Islet,Saint Lucia,FALSE
2024-11-18,Aruba,Sint Maarten,0,1,CONCACAF Nations League,Mayagüez,Puerto Rico,TRUE
2024-11-18,Puerto Rico,Haiti,0,3,CONCACAF Nations League,Mayagüez,Puerto Rico,FALSE
2024-11-18,Cuba,Saint Kitts and Nevis,4,0,CONCACAF Nations League,Santiago,Cuba,FALSE
2024-11-18,Panama,Costa Rica,2,2,CONCACAF Nations League,Panama City,Panama,FALSE
2024-11-18,United States,Jamaica,4,2,CONCACAF Nations League,Saint Louis,United States,FALSE
2024-11-18,India,Malaysia,1,1,Friendly,Hyderabad,India,FALSE
2024-11-18,Singapore,Taiwan,2,3,Friendly,Kallang,Singapore,FALSE
2024-11-18,Tahiti,Vanuatu,2,0,FIFA World Cup qualification,Auckland,New Zealand,TRUE
2024-11-18,New Zealand,Samoa,8,0,FIFA World Cup qualification,Auckland,New Zealand,FALSE
2024-11-18,Tunisia,Gambia,0,1,African Cup of Nations qualification,Tunis,Tunisia,FALSE
2024-11-18,Comoros,Madagascar,1,0,African Cup of Nations qualification,Al Hoceima,Morocco,TRUE
2024-11-18,Morocco,Lesotho,7,0,African Cup of Nations qualification,Oujda,Morocco,FALSE
2024-11-18,Central African Republic,Gabon,0,1,African Cup of Nations qualification,Johannesburg,South Africa,TRUE
2024-11-18,Nigeria,Rwanda,1,2,African Cup of Nations qualification,Uyo,Nigeria,FALSE
2024-11-18,Libya,Benin,0,0,African Cup of Nations qualification,Tripoli,Libya,FALSE
2024-11-18,Ghana,Niger,1,2,African Cup of Nations qualification,Accra,Ghana,FALSE
2024-11-18,Sudan,Angola,0,0,African Cup of Nations qualification,Benghazi,Libya,TRUE
2024-11-18,Malawi,Burkina Faso,3,0,African Cup of Nations qualification,Lilongwe,Malawi,FALSE
2024-11-19,Bosnia and Herzegovina,Netherlands,1,1,UEFA Nations League,Zenica,Bosnia and Herzegovina,FALSE
2024-11-19,Hungary,Germany,1,1,UEFA Nations League,Budapest,Hungary,FALSE
2024-11-19,Albania,Ukraine,1,2,UEFA Nations League,Tirana,Albania,FALSE
2024-11-19,Czech Republic,Georgia,2,1,UEFA Nations League,Olomouc,Czech Republic,FALSE
2024-11-19,Wales,Iceland,4,1,UEFA Nations League,Cardiff,Wales,FALSE
2024-11-19,Montenegro,Turkey,3,1,UEFA Nations League,Podgorica,Montenegro,FALSE
2024-11-19,Slovakia,Estonia,1,0,UEFA Nations League,Trnava,Slovakia,FALSE
2024-11-19,Sweden,Azerbaijan,6,0,UEFA Nations League,Solna,Sweden,FALSE
2024-11-19,Malta,Andorra,0,0,UEFA Nations League,Ta' Qali,Malta,FALSE
2024-11-19,Antigua and Barbuda,Dominica,0,0,CONCACAF Nations League,Santiago de los Caballeros,Dominican Republic,TRUE
2024-11-19,Dominican Republic,Bermuda,6,1,CONCACAF Nations League,Santiago de los Caballeros,Dominican Republic,FALSE
2024-11-19,French Guiana,Belize,2,2,CONCACAF Nations League,Paramaribo,Suriname,TRUE
2024-11-19,Guadeloupe,Cayman Islands,1,0,CONCACAF Nations League,Le Gosier,Guadeloupe,FALSE
2024-11-19,Guyana,Barbados,5,3,CONCACAF Nations League,Georgetown,Guyana,FALSE
2024-11-19,Canada,Suriname,3,0,CONCACAF Nations League,Toronto,Canada,FALSE
2024-11-19,Mexico,Honduras,4,0,CONCACAF Nations League,Toluca,Mexico,FALSE
2024-11-19,Gibraltar,Moldova,1,1,Friendly,Gibraltar,Gibraltar,FALSE
2024-11-19,Hong Kong,Mauritius,1,0,Friendly,Hong Kong,Hong Kong,FALSE
2024-11-19,Myanmar,Lebanon,2,3,Friendly,Yangon,Myanmar,FALSE
2024-11-19,Russia,Syria,4,0,Friendly,Volgograd,Russia,FALSE
2024-11-19,Sri Lanka,Yemen,0,2,Friendly,Al Khor,Qatar,TRUE
2024-11-19,Tajikistan,Afghanistan,3,1,Friendly,Dushanbe,Tajikistan,FALSE
2024-11-19,Bolivia,Paraguay,2,2,FIFA World Cup qualification,El Alto,Bolivia,FALSE
2024-11-19,Colombia,Ecuador,0,1,FIFA World Cup qualification,Barranquilla,Colombia,FALSE
2024-11-19,Argentina,Peru,1,0,FIFA World Cup qualification,Buenos Aires,Argentina,FALSE
2024-11-19,Chile,Venezuela,4,2,FIFA World Cup qualification,Santiago,Chile,FALSE
2024-11-19,Brazil,Uruguay,1,1,FIFA World Cup qualification,Salvador,Brazil,FALSE
2024-11-19,North Korea,Uzbekistan,0,1,FIFA World Cup qualification,Vientiane,Laos,TRUE
2024-11-19,Kyrgyzstan,Iran,2,3,FIFA World Cup qualification,Bishkek,Kyrgyzstan,FALSE
2024-11-19,United Arab Emirates,Qatar,5,0,FIFA World Cup qualification,Abu Dhabi,United Arab Emirates,FALSE
2024-11-19,Palestine,South Korea,1,1,FIFA World Cup qualification,Amman,Jordan,TRUE
2024-11-19,Oman,Iraq,0,1,FIFA World Cup qualification,Muscat,Oman,FALSE
2024-11-19,Kuwait,Jordan,1,1,FIFA World Cup qualification,Kuwait City,Kuwait,FALSE
2024-11-19,Bahrain,Australia,2,2,FIFA World Cup qualification,Riffa,Bahrain,FALSE
2024-11-19,Indonesia,Saudi Arabia,2,0,FIFA World Cup qualification,Jakarta,Indonesia,FALSE
2024-11-19,China PR,Japan,1,3,FIFA World Cup qualification,Xiamen,China PR,FALSE
2024-11-19,Egypt,Botswana,1,1,African Cup of Nations qualification,Cairo,Egypt,FALSE
2024-11-19,Mauritania,Cape Verde,1,0,African Cup of Nations qualification,Nouakchott,Mauritania,FALSE
2024-11-19,Ivory Coast,Chad,4,0,African Cup of Nations qualification,Abidjan,Ivory Coast,FALSE
2024-11-19,Sierra Leone,Zambia,0,2,African Cup of Nations qualification,Monrovia,Liberia,TRUE
2024-11-19,DR Congo,Ethiopia,1,2,African Cup of Nations qualification,Kinshasa,DR Congo,FALSE
2024-11-19,Tanzania,Guinea,1,0,African Cup of Nations qualification,Dar es Salaam,Tanzania,FALSE
2024-11-19,Mali,Eswatini,6,0,African Cup of Nations qualification,Bamako,Mali,FALSE
2024-11-19,Guinea-Bissau,Mozambique,1,2,African Cup of Nations qualification,Bissau,Guinea-Bissau,FALSE
2024-11-19,Cameroon,Zimbabwe,2,1,African Cup of Nations qualification,Yaoundé,Cameroon,FALSE
2024-11-19,Kenya,Namibia,0,0,African Cup of Nations qualification,Polokwane,South Africa,TRUE
2024-11-19,South Africa,South Sudan,3,0,African Cup of Nations qualification,Cape Town,South Africa,FALSE
2024-11-19,Congo,Uganda,0,1,African Cup of Nations qualification,Brazzaville,Congo,FALSE
2024-11-19,Senegal,Burundi,2,0,African Cup of Nations qualification,Dakar,Senegal,FALSE
2025-01-18,United States,Venezuela,3,1,Friendly,Fort Lauderdale,United States,FALSE
2025-01-22,United States,Costa Rica,3,0,Friendly,Orlando,United States,FALSE
2025-01-22,Uzbekistan,Jordan,0,0,Friendly,Doha,Qatar,TRUE
2025-02-07,Jamaica,Trinidad and Tobago,1,0,Friendly,Montego Bay,Jamaica,FALSE
2025-02-08,Chile,Panama,6,1,Friendly,Santiago,Chile,FALSE
2025-02-10,Jamaica,Trinidad and Tobago,1,1,Friendly,Kingston,Jamaica,FALSE
2025-02-13,Oman,Sudan,0,0,Friendly,Muscat,Oman,FALSE
2025-03-09,Saint Vincent and the Grenadines,Grenada,1,1,Friendly,Kingston,Saint Vincent and the Grenadines,FALSE
2025-03-13,Oman,Sudan,0,0,Friendly,Muscat,Oman,FALSE
2025-03-14,Jordan,North Korea,1,1,Friendly,Amman,Jordan,FALSE
2025-03-16,Honduras,Guatemala,1,2,Friendly,Fort Lauderdale,United States,TRUE
2025-03-19,Hong Kong,Macau,2,0,Friendly,Hong Kong,Hong Kong,FALSE
2025-03-19,India,Maldives,3,0,Friendly,Shillong,India,FALSE
2025-03-19,Vietnam,Cambodia,2,1,Friendly,Thu Dau Mot,Vietnam,FALSE
2025-03-19,Eswatini,Cameroon,0,0,FIFA World Cup qualification,Mbombela,South Africa,TRUE
2025-03-19,Liberia,Tunisia,0,1,FIFA World Cup qualification,Monrovia,Liberia,FALSE
2025-03-19,Central African Republic,Madagascar,1,4,FIFA World Cup qualification,Casablanca,Morocco,TRUE
2025-03-19,Kazakhstan,Curaçao,2,0,Friendly,Antalya,Turkey,TRUE
2025-03-19,Russia,Grenada,5,0,Friendly,Moscow,Russia,FALSE
2025-03-20,Canada,Mexico,0,2,CONCACAF Nations League,Inglewood,United States,TRUE
2025-03-20,United States,Panama,0,1,CONCACAF Nations League,Inglewood,United States,FALSE
2025-03-20,Croatia,France,2,0,UEFA Nations League,Split,Croatia,FALSE
2025-03-20,Denmark,Portugal,1,0,UEFA Nations League,Copenhagen,Denmark,FALSE
2025-03-20,Italy,Germany,1,2,UEFA Nations League,Milan,Italy,FALSE
2025-03-20,Netherlands,Spain,2,2,UEFA Nations League,Rotterdam,Netherlands,FALSE
2025-03-20,Austria,Serbia,1,1,UEFA Nations League,Vienna,Austria,FALSE
2025-03-20,Greece,Scotland,0,1,UEFA Nations League,Piraeus,Greece,FALSE
2025-03-20,Turkey,Hungary,3,1,UEFA Nations League,Istanbul,Turkey,FALSE
2025-03-20,Ukraine,Belgium,3,1,UEFA Nations League,Murcia,Spain,TRUE
2025-03-20,Armenia,Georgia,0,3,UEFA Nations League,Yerevan,Armenia,FALSE
2025-03-20,Bulgaria,Republic of Ireland,1,2,UEFA Nations League,Plovdiv,Bulgaria,FALSE
2025-03-20,Kosovo,Iceland,2,1,UEFA Nations League,Pristina,Kosovo,FALSE
2025-03-20,Slovakia,Slovenia,0,0,UEFA Nations League,Bratislava,Slovakia,FALSE
2025-03-20,Laos,Sri Lanka,1,2,Friendly,Vientiane,Laos,FALSE
2025-03-20,Tajikistan,Belarus,0,5,Friendly,Dushanbe,Tajikistan,FALSE
2025-03-20,Paraguay,Chile,1,0,FIFA World Cup qualification,Asunción,Paraguay,FALSE
2025-03-20,Peru,Bolivia,3,1,FIFA World Cup qualification,Lima,Peru,FALSE
2025-03-20,Brazil,Colombia,2,1,FIFA World Cup qualification,Brasília,Brazil,FALSE
2025-03-20,Iran,United Arab Emirates,2,0,FIFA World Cup qualification,Tehran,Iran,FALSE
2025-03-20,Uzbekistan,Kyrgyzstan,1,0,FIFA World Cup qualification,Tashkent,Uzbekistan,FALSE
2025-03-20,Qatar,North Korea,5,1,FIFA World Cup qualification,Al Rayyan,Qatar,FALSE
2025-03-20,South Korea,Oman,1,1,FIFA World Cup qualification,Goyang,South Korea,FALSE
2025-03-20,Iraq,Kuwait,2,2,FIFA World Cup qualification,Basra,Iraq,FALSE
2025-03-20,Jordan,Palestine,3,1,FIFA World Cup qualification,Amman,Jordan,FALSE
2025-03-20,Japan,Bahrain,2,0,FIFA World Cup qualification,Saitama,Japan,FALSE
2025-03-20,Australia,Indonesia,5,1,FIFA World Cup qualification,Sydney,Australia,FALSE
2025-03-20,Saudi Arabia,China PR,1,0,FIFA World Cup qualification,Riyadh,Saudi Arabia,FALSE
2025-03-20,Sierra Leone,Guinea-Bissau,3,1,FIFA World Cup qualification,Monrovia,Liberia,TRUE
2025-03-20,Zimbabwe,Benin,2,2,FIFA World Cup qualification,Durban,South Africa,TRUE
2025-03-20,Cape Verde,Mauritius,1,0,FIFA World Cup qualification,Praia,Cape Verde,FALSE
2025-03-20,Libya,Angola,1,1,FIFA World Cup qualification,Benghazi,Libya,FALSE
2025-03-20,Gambia,Kenya,3,3,FIFA World Cup qualification,Ebimpé,Ivory Coast,TRUE
2025-03-20,Gabon,Seychelles,3,0,FIFA World Cup qualification,Franceville,Gabon,FALSE
2025-03-20,Mozambique,Uganda,3,1,FIFA World Cup qualification,Cairo,Egypt,TRUE
2025-03-20,Malawi,Namibia,0,1,FIFA World Cup qualification,Lilongwe,Malawi,FALSE
2025-03-20,Comoros,Mali,0,3,FIFA World Cup qualification,Berkane,Morocco,TRUE
2025-03-20,Lebanon,Timor-Leste,4,0,Friendly,Al-Khor,Qatar,FALSE
2025-03-21,Belize,Costa Rica,0,7,Gold Cup qualification,Belmopan,Belize,FALSE
2025-03-21,Guyana,Guatemala,3,2,Gold Cup qualification,Wildey,Barbados,TRUE
2025-03-21,Bermuda,Honduras,3,5,Gold Cup qualification,Hamilton,Bermuda,FALSE
2025-03-21,Saint Vincent and the Grenadines,Jamaica,1,1,Gold Cup qualification,Kingstown,Saint Vincent and the Grenadines,FALSE
2025-03-21,Suriname,Martinique,1,0,Gold Cup qualification,Paramaribo,Suriname,FALSE
2025-03-21,Guadeloupe,Nicaragua,1,0,Gold Cup qualification,Le Gosier,Guadeloupe,FALSE
2025-03-21,Cuba,Trinidad and Tobago,1,2,Gold Cup qualification,Santiago,Cuba,FALSE
2025-03-21,Northern Ireland,Switzerland,1,1,Friendly,Belfast,Northern Ireland,FALSE
2025-03-21,Puerto Rico,Dominican Republic,2,2,Friendly,Bayamón,Puerto Rico,FALSE
2025-03-21,Singapore,Nepal,0,1,Friendly,Kallang,Singapore,FALSE
2025-03-21,Thailand,Afghanistan,2,0,Friendly,Bangkok,Thailand,FALSE
2025-03-21,Ecuador,Venezuela,2,1,FIFA World Cup qualification,Quito,Ecuador,FALSE
2025-03-21,Uruguay,Argentina,0,1,FIFA World Cup qualification,Montevideo,Uruguay,FALSE
2025-03-21,New Caledonia,Tahiti,3,0,FIFA World Cup qualification,Wellington,New Zealand,TRUE
2025-03-21,New Zealand,Fiji,7,0,FIFA World Cup qualification,Wellington,New Zealand,FALSE
2025-03-21,Burkina Faso,Djibouti,4,1,FIFA World Cup qualification,El Jadida,Morocco,TRUE
2025-03-21,Ethiopia,Egypt,0,2,FIFA World Cup qualification,Casablanca,Morocco,TRUE
2025-03-21,DR Congo,South Sudan,1,0,FIFA World Cup qualification,Kinshasa,DR Congo,FALSE
2025-03-21,Rwanda,Nigeria,0,2,FIFA World Cup qualification,Kigali,Rwanda,FALSE
2025-03-21,South Africa,Lesotho,0,3,FIFA World Cup qualification,Polokwane,South Africa,FALSE
2025-03-21,Morocco,Niger,2,1,FIFA World Cup qualification,Oujda,Morocco,FALSE
2025-03-21,Burundi,Ivory Coast,0,1,FIFA World Cup qualification,Meknes,Morocco,TRUE
2025-03-21,Botswana,Algeria,1,3,FIFA World Cup qualification,Francistown,Botswana,FALSE
2025-03-21,Guinea,Somalia,0,0,FIFA World Cup qualification,Ebimpé,Ivory Coast,TRUE
2025-03-21,Equatorial Guinea,São Tomé and Príncipe,2,0,FIFA World Cup qualification,Malabo,Equatorial Guinea,FALSE
2025-03-21,Ghana,Chad,5,0,FIFA World Cup qualification,Accra,Ghana,FALSE
2025-03-21,Malta,Finland,0,1,FIFA World Cup qualification,Ta' Qali,Malta,FALSE
2025-03-21,Poland,Lithuania,1,0,FIFA World Cup qualification,Warsaw,Poland,FALSE
2025-03-21,Cyprus,San Marino,2,0,FIFA World Cup qualification,Larnaca,Cyprus,FALSE
2025-03-21,Romania,Bosnia and Herzegovina,0,1,FIFA World Cup qualification,Bucharest,Romania,FALSE
2025-03-21,England,Albania,2,0,FIFA World Cup qualification,London,England,FALSE
2025-03-21,Andorra,Latvia,0,1,FIFA World Cup qualification,Andorra la Vella,Andorra,FALSE
2025-03-22,Azerbaijan,Haiti,0,3,Friendly,Sumqayit,Azerbaijan,FALSE
2025-03-22,Luxembourg,Sweden,1,0,Friendly,Luxembourg,Luxembourg,FALSE
2025-03-22,Togo,Mauritania,2,2,FIFA World Cup qualification,Lomé,Togo,FALSE
2025-03-22,Sudan,Senegal,0,0,FIFA World Cup qualification,Benghazi,Libya,TRUE
2025-03-22,Moldova,Norway,0,5,FIFA World Cup qualification,Chișinău,Moldova,FALSE
2025-03-22,Israel,Estonia,2,1,FIFA World Cup qualification,Debrecen,Hungary,TRUE
2025-03-22,Liechtenstein,North Macedonia,0,3,FIFA World Cup qualification,Vaduz,Liechtenstein,FALSE
2025-03-22,Wales,Kazakhstan,3,1,FIFA World Cup qualification,Cardiff,Wales,FALSE
2025-03-22,Montenegro,Gibraltar,3,1,FIFA World Cup qualification,Nikšić,Montenegro,FALSE
2025-03-22,Czech Republic,Faroe Islands,2,1,FIFA World Cup qualification,Hradec Králové,Czech Republic,FALSE
2025-03-23,United States,Canada,1,2,CONCACAF Nations League,Inglewood,United States,FALSE
2025-03-23,Panama,Mexico,1,2,CONCACAF Nations League,Inglewood,United States,TRUE
2025-03-23,France,Croatia,2,0,UEFA Nations League,Paris,France,FALSE
2025-03-23,Germany,Italy,3,3,UEFA Nations League,Dortmund,Germany,FALSE
2025-03-23,Portugal,Denmark,5,2,UEFA Nations League,Lisbon,Portugal,FALSE
2025-03-23,Spain,Netherlands,3,3,UEFA Nations League,Valencia,Spain,FALSE
2025-03-23,Belgium,Ukraine,3,0,UEFA Nations League,Genk,Belgium,FALSE
2025-03-23,Hungary,Turkey,0,3,UEFA Nations League,Budapest,Hungary,FALSE
2025-03-23,Scotland,Greece,0,3,UEFA Nations League,Glasgow,Scotland,FALSE
2025-03-23,Serbia,Austria,2,0,UEFA Nations League,Belgrade,Serbia,FALSE
2025-03-23,Georgia,Armenia,6,1,UEFA Nations League,Tbilisi,Georgia,FALSE
2025-03-23,Iceland,Kosovo,1,3,UEFA Nations League,Murcia,Spain,TRUE
2025-03-23,Republic of Ireland,Bulgaria,2,1,UEFA Nations League,Dublin,Republic of Ireland,FALSE
2025-03-23,Slovenia,Slovakia,1,0,UEFA Nations League,Ljubljana,Slovenia,FALSE
2025-03-23,Eswatini,Mauritius,3,3,FIFA World Cup qualification,Mbombela,South Africa,TRUE
2025-03-23,Kenya,Gabon,1,2,FIFA World Cup qualification,Nairobi,Kenya,FALSE
2025-03-24,New Zealand,New Caledonia,3,0,FIFA World Cup qualification,Auckland,New Zealand,FALSE
2025-03-24,Guinea-Bissau,Burkina Faso,1,2,FIFA World Cup qualification,Bissau,Guinea-Bissau,FALSE
2025-03-24,Ethiopia,Djibouti,6,1,FIFA World Cup qualification,El Jadida,Morocco,TRUE
2025-03-24,Ivory Coast,Gambia,1,0,FIFA World Cup qualification,Abidjan,Ivory Coast,FALSE
2025-03-24,Namibia,Equatorial Guinea,1,1,FIFA World Cup qualification,Johannesburg,South Africa,TRUE
2025-03-24,Liberia,São Tomé and Príncipe,2,1,FIFA World Cup qualification,Monrovia,Liberia,FALSE
2025-03-24,Tunisia,Malawi,2,0,FIFA World Cup qualification,Radès,Tunisia,FALSE
2025-03-24,Central African Republic,Mali,0,0,FIFA World Cup qualification,Casablanca,Morocco,TRUE
2025-03-24,Madagascar,Ghana,0,3,FIFA World Cup qualification,Al Hoceima,Morocco,TRUE
2025-03-24,Lithuania,Finland,2,2,FIFA World Cup qualification,Kaunas,Lithuania,FALSE
2025-03-24,Poland,Malta,2,0,FIFA World Cup qualification,Warsaw,Poland,FALSE
2025-03-24,Bosnia and Herzegovina,Cyprus,2,1,FIFA World Cup qualification,Zenica,Bosnia and Herzegovina,FALSE
2025-03-24,San Marino,Romania,1,5,FIFA World Cup qualification,Serravalle,San Marino,FALSE
2025-03-24,England,Latvia,3,0,FIFA World Cup qualification,London,England,FALSE
2025-03-24,Albania,Andorra,3,0,FIFA World Cup qualification,Tirana,Albania,FALSE
2025-03-25,Tajikistan,Timor-Leste,1,0,AFC Asian Cup qualification,Dushanbe,Tajikistan,FALSE
2025-03-25,Philippines,Maldives,4,1,AFC Asian Cup qualification,Capas,Philippines,FALSE
2025-03-25,Bhutan,Yemen,0,0,AFC Asian Cup qualification,Thimphu,Bhutan,FALSE
2025-03-25,Lebanon,Brunei,5,0,AFC Asian Cup qualification,Al Wakrah,Qatar,TRUE
2025-03-25,India,Bangladesh,0,0,AFC Asian Cup qualification,Shillong,India,FALSE
2025-03-25,Singapore,Hong Kong,0,0,AFC Asian Cup qualification,Kallang,Singapore,FALSE
2025-03-25,Taiwan,Turkmenistan,1,2,AFC Asian Cup qualification,Kaohsiung,Taiwan,FALSE
2025-03-25,Thailand,Sri Lanka,1,0,AFC Asian Cup qualification,Bangkok,Thailand,FALSE
2025-03-25,Myanmar,Afghanistan,2,1,AFC Asian Cup qualification,Yangon,Myanmar,FALSE
2025-03-25,Syria,Pakistan,2,0,AFC Asian Cup qualification,Al Hofuf,Saudi Arabia,TRUE
2025-03-25,Vietnam,Laos,5,0,AFC Asian Cup qualification,Thu Dau Mot,Vietnam,FALSE
2025-03-25,Malaysia,Nepal,2,0,AFC Asian Cup qualification,Johor,Malaysia,FALSE
2025-03-25,Costa Rica,Belize,6,1,Gold Cup qualification,San José,Costa Rica,FALSE
2025-03-25,Guatemala,Guyana,2,0,Gold Cup qualification,Guatemala City,Guatemala,FALSE
2025-03-25,Honduras,Bermuda,2,0,Gold Cup qualification,Tegucigalpa,Honduras,FALSE
2025-03-25,Jamaica,Saint Vincent and the Grenadines,3,0,Gold Cup qualification,Kingston,Jamaica,FALSE
2025-03-25,Martinique,Suriname,0,1,Gold Cup qualification,Fort de France,Martinique,FALSE
2025-03-25,Nicaragua,Guadeloupe,0,1,Gold Cup qualification,Managua,Nicaragua,FALSE
2025-03-25,Trinidad and Tobago,Cuba,4,0,Gold Cup qualification,Couva,Trinidad and Tobago,FALSE
2025-03-25,Azerbaijan,Belarus,0,2,Friendly,Masazir,Azerbaijan,FALSE
2025-03-25,Russia,Zambia,5,0,Friendly,Moscow,Russia,FALSE
2025-03-25,Cambodia,Aruba,1,2,Friendly,Phnom Penh,Cambodia,FALSE
2025-03-25,Dominican Republic,Puerto Rico,2,0,Friendly,Santiago de los Caballeros,Dominican Republic,FALSE
2025-03-25,Niger,Bonaire,6,0,Friendly,Casablanca,Morocco,TRUE
2025-03-25,Sweden,Northern Ireland,5,1,Friendly,Solna,Sweden,FALSE
2025-03-25,Switzerland,Luxembourg,3,1,Friendly,Sankt Gallen,Switzerland,FALSE
2025-03-25,Bolivia,Uruguay,0,0,FIFA World Cup qualification,El Alto,Bolivia,FALSE
2025-03-25,Colombia,Paraguay,2,2,FIFA World Cup qualification,Barranquilla,Colombia,FALSE
2025-03-25,Venezuela,Peru,1,0,FIFA World Cup qualification,Maturín,Venezuela,FALSE
2025-03-25,Argentina,Brazil,4,1,FIFA World Cup qualification,Buenos Aires,Argentina,FALSE
2025-03-25,Chile,Ecuador,0,0,FIFA World Cup qualification,Santiago,Chile,FALSE
2025-03-25,Iran,Uzbekistan,2,2,FIFA World Cup qualification,Tehran,Iran,FALSE
2025-03-25,Kyrgyzstan,Qatar,3,1,FIFA World Cup qualification,Bishkek,Kyrgyzstan,FALSE
2025-03-25,North Korea,United Arab Emirates,1,2,FIFA World Cup qualification,Riyadh,Saudi Arabia,TRUE
2025-03-25,South Korea,Jordan,1,1,FIFA World Cup qualification,Suwon,South Korea,FALSE
2025-03-25,Kuwait,Oman,0,1,FIFA World Cup qualification,Kuwait City,Kuwait,FALSE
2025-03-25,Palestine,Iraq,2,1,FIFA World Cup qualification,Amman,Jordan,TRUE
2025-03-25,China PR,Australia,0,2,FIFA World Cup qualification,Hangzhou,China PR,FALSE
2025-03-25,Japan,Saudi Arabia,0,0,FIFA World Cup qualification,Saitama,Japan,FALSE
2025-03-25,Indonesia,Bahrain,1,0,FIFA World Cup qualification,Jakarta,Indonesia,FALSE
2025-03-25,Egypt,Sierra Leone,1,0,FIFA World Cup qualification,Cairo,Egypt,FALSE
2025-03-25,Mauritania,DR Congo,0,2,FIFA World Cup qualification,Nouadhibou,Mauritania,FALSE
2025-03-25,Senegal,Togo,2,0,FIFA World Cup qualification,Diamniadio,Senegal,FALSE
2025-03-25,Sudan,South Sudan,1,1,FIFA World Cup qualification,Benghazi,Libya,TRUE
2025-03-25,Benin,South Africa,0,2,FIFA World Cup qualification,Abidjan,Ivory Coast,TRUE
2025-03-25,Nigeria,Zimbabwe,1,1,FIFA World Cup qualification,Uyo,Nigeria,FALSE
2025-03-25,Rwanda,Lesotho,1,1,FIFA World Cup qualification,Kigali,Rwanda,FALSE
2025-03-25,Angola,Cape Verde,1,2,FIFA World Cup qualification,Luanda,Angola,FALSE
2025-03-25,Cameroon,Libya,3,1,FIFA World Cup qualification,Yaounde,Cameroon,FALSE
2025-03-25,Morocco,Tanzania,2,0,FIFA World Cup qualification,Oujda,Morocco,FALSE
2025-03-25,Burundi,Seychelles,5,0,FIFA World Cup qualification,Meknes,Morocco,TRUE
2025-03-25,Uganda,Guinea,1,0,FIFA World Cup qualification,Kira,Uganda,FALSE
2025-03-25,Botswana,Somalia,2,0,FIFA World Cup qualification,Francistown,Botswana,FALSE
2025-03-25,Algeria,Mozambique,5,1,FIFA World Cup qualification,Tizi Ouzou,Algeria,FALSE
2025-03-25,Comoros,Chad,1,0,FIFA World Cup qualification,Berkane,Morocco,TRUE
2025-03-25,Moldova,Estonia,2,3,FIFA World Cup qualification,Chișinău,Moldova,FALSE
2025-03-25,Israel,Norway,2,4,FIFA World Cup qualification,Debrecen,Hungary,TRUE
2025-03-25,Liechtenstein,Kazakhstan,0,2,FIFA World Cup qualification,Vaduz,Liechtenstein,FALSE
2025-03-25,North Macedonia,Wales,1,1,FIFA World Cup qualification,Skopje,North Macedonia,FALSE
2025-03-25,Gibraltar,Czech Republic,0,4,FIFA World Cup qualification,Faro-Loulé,Portugal,TRUE
2025-03-25,Montenegro,Faroe Islands,1,0,FIFA World Cup qualification,Nikšić,Montenegro,FALSE
2025-05-09,Dominica,Barbados,0,0,Friendly,Roseau,Dominica,FALSE
2025-05-11,Dominica,Barbados,0,0,Friendly,Roseau,Dominica,FALSE
2025-05-21,Saint Kitts and Nevis,Saint Vincent and the Grenadines,1,3,Friendly,Old Road Town,Saint Kitts and Nevis,FALSE
2025-05-25,Anguilla,Saint Kitts and Nevis,2,4,Friendly,Quartier d'Orléans,Saint Martin,TRUE
2025-05-25,Saint Vincent and the Grenadines,Saint Kitts and Nevis,3,0,Friendly,Georgetown,Saint Vincent and the Grenadines,FALSE
2025-05-28,Oman,Lebanon,1,0,Friendly,Muscat,Oman,FALSE
2025-05-29,Malaysia,Cape Verde,1,1,Friendly,Kuala Lumpur,Malaysia,FALSE
2025-05-30,Saint Vincent and the Grenadines,British Virgin Islands,1,1,Friendly,Kingstown,Saint Vincent and the Grenadines,FALSE
2025-05-30,Saudi Arabia,Jordan,2,0,Friendly,Dammam,Saudi Arabia,FALSE
2025-06-01,Grenada,Anguilla,2,0,Friendly,Saint George's,Grenada,FALSE
2025-06-01,El Salvador,Guatemala,1,1,Friendly,Chattanooga,United States,TRUE
2025-06-01,Puerto Rico,Nicaragua,1,1,Friendly,Pawtucket,United States,TRUE
2025-06-02,Tunisia,Burkina Faso,2,0,Friendly,Radès,Tunisia,FALSE
2025-06-03,Malaysia,Cape Verde,0,3,Friendly,Kuala Lumpur,Malaysia,FALSE
2025-06-04,Germany,Portugal,1,2,UEFA Nations League,Munich,Germany,FALSE
2025-06-04,Thailand,India,2,0,Friendly,Pathum Thani,Thailand,FALSE
2025-06-04,Bangladesh,Bhutan,2,0,Friendly,Dhaka,Bangladesh,FALSE
2025-06-04,Bermuda,Cayman Islands,5,0,FIFA World Cup qualification,Devonshire Parish,Bermuda,FALSE
2025-06-04,Grenada,Bahamas,6,0,FIFA World Cup qualification,St. George's,Grenada,FALSE
2025-06-04,Barbados,Aruba,1,1,FIFA World Cup qualification,Wildey,Barbados,FALSE
2025-06-04,Montserrat,Belize,1,0,FIFA World Cup qualification,Couva,Trinidad and Tobago,TRUE
2025-06-04,Dominica,British Virgin Islands,3,0,FIFA World Cup qualification,Roseau,Dominica,FALSE
2025-06-04,Saint Vincent and the Grenadines,Anguilla,6,0,FIFA World Cup qualification,Kingstown,Saint Vincent and the Grenadines,FALSE
2025-06-05,Spain,France,5,4,UEFA Nations League,Stuttgart,Germany,TRUE
2025-06-05,Algeria,Rwanda,2,0,Friendly,Constantine,Algeria,FALSE
2025-06-05,Belarus,Kazakhstan,4,1,Friendly,Borisov,Belarus,FALSE
2025-06-05,Cambodia,Tajikistan,1,2,Friendly,Phnom Penh,Cambodia,FALSE
2025-06-05,DR Congo,Mali,1,0,Friendly,Orléans,France,TRUE
2025-06-05,Georgia,Faroe Islands,1,0,Friendly,Tbilisi,Georgia,FALSE
2025-06-05,Hong Kong,Nepal,0,0,Friendly,Hong Kong,Hong Kong,FALSE
2025-06-05,Singapore,Maldives,3,1,Friendly,Bishan,Singapore,FALSE
2025-06-05,Ecuador,Brazil,0,0,FIFA World Cup qualification,Guayaquil,Ecuador,FALSE
2025-06-05,Paraguay,Uruguay,2,0,FIFA World Cup qualification,Asunción,Paraguay,FALSE
2025-06-05,Chile,Argentina,0,1,FIFA World Cup qualification,Santiago,Chile,FALSE
2025-06-05,United Arab Emirates,Uzbekistan,0,0,FIFA World Cup qualification,Abu Dhabi,United Arab Emirates,FALSE
2025-06-05,North Korea,Kyrgyzstan,2,2,FIFA World Cup qualification,Riyadh,Saudi Arabia,TRUE
2025-06-05,Qatar,Iran,1,0,FIFA World Cup qualification,Al Rayyan,Qatar,FALSE
2025-06-05,Oman,Jordan,0,3,FIFA World Cup qualification,Muscat,Oman,FALSE
2025-06-05,Iraq,South Korea,0,2,FIFA World Cup qualification,Basra,Iraq,FALSE
2025-06-05,Kuwait,Palestine,0,2,FIFA World Cup qualification,Kuwait City,Kuwait,FALSE
2025-06-05,Bahrain,Saudi Arabia,0,2,FIFA World Cup qualification,Riffa,Bahrain,FALSE
2025-06-05,Australia,Japan,1,0,FIFA World Cup qualification,Perth,Australia,FALSE
2025-06-05,Indonesia,China PR,1,0,FIFA World Cup qualification,Jakarta,Indonesia,FALSE
2025-06-05,Sri Lanka,Brunei,1,0,Friendly,Bangkok,Thailand,TRUE
2025-06-06,Bulgaria,Cyprus,2,2,Friendly,Plovdiv,Bulgaria,FALSE
2025-06-06,Burundi,Guinea-Bissau,1,0,Friendly,Berrechid,Egypt,TRUE
2025-06-06,Central African Republic,Mauritania,2,1,Friendly,Casablanca,Morocco,TRUE
2025-06-06,Equatorial Guinea,Gambia,1,2,Friendly,Marrakech,Morocco,TRUE
2025-06-06,Hungary,Sweden,0,2,Friendly,Budapest,Hungary,FALSE
2025-06-06,Kosovo,Armenia,5,2,Friendly,Pristina,Kosovo,FALSE
2025-06-06,Luxembourg,Slovenia,0,1,Friendly,Luxembourg,Luxembourg,FALSE
2025-06-06,Morocco,Tunisia,2,0,Friendly,Fès,Morocco,FALSE
2025-06-06,Niger,Gabon,4,3,Friendly,Casablanca,Morocco,TRUE
2025-06-06,Poland,Moldova,2,0,Friendly,Chorzow,Poland,FALSE
2025-06-06,Republic of Ireland,Senegal,1,1,Friendly,Dublin,Republic of Ireland,FALSE
2025-06-06,Scotland,Iceland,1,3,Friendly,Glasgow,Scotland,FALSE
2025-06-06,South Africa,Tanzania,0,0,Friendly,Polokwane,South Africa,FALSE
2025-06-06,Uganda,Cameroon,0,3,Friendly,Marrakech,Morocco,TRUE
2025-06-06,Zimbabwe,Burkina Faso,0,2,Friendly,Mohammédia,Morocco,TRUE
2025-06-06,Russia,Nigeria,1,1,Friendly,Moscow,Russia,FALSE
2025-06-06,Colombia,Peru,0,0,FIFA World Cup qualification,Barranquilla,Colombia,FALSE
2025-06-06,Venezuela,Bolivia,2,0,FIFA World Cup qualification,Maturín,Venezuela,FALSE
2025-06-06,Norway,Italy,3,0,FIFA World Cup qualification,Oslo,Norway,FALSE
2025-06-06,Estonia,Israel,1,3,FIFA World Cup qualification,Tallinn,Estonia,FALSE
2025-06-06,Wales,Liechtenstein,3,0,FIFA World Cup qualification,Cardiff,Wales,FALSE
2025-06-06,North Macedonia,Belgium,1,1,FIFA World Cup qualification,Skopje,North Macedonia,FALSE
2025-06-06,Czech Republic,Montenegro,2,0,FIFA World Cup qualification,Plzeň,Czech Republic,FALSE
2025-06-06,Gibraltar,Croatia,0,7,FIFA World Cup qualification,Faro-Loulé,Portugal,TRUE
2025-06-06,Antigua and Barbuda,Cuba,0,1,FIFA World Cup qualification,Piggotts,Antigua and Barbuda,FALSE
2025-06-06,Trinidad and Tobago,Saint Kitts and Nevis,6,2,FIFA World Cup qualification,Port of Spain,Trinidad and Tobago,FALSE
2025-06-06,Curaçao,Saint Lucia,4,0,FIFA World Cup qualification,Willemstad,Curaçao,FALSE
2025-06-06,Nicaragua,Guyana,1,0,FIFA World Cup qualification,Managua,Nicaragua,FALSE
2025-06-06,Guatemala,Dominican Republic,4,2,FIFA World Cup qualification,Guatemala City,Guatemala,FALSE
2025-06-06,Suriname,Puerto Rico,1,0,FIFA World Cup qualification,Paramaribo,Suriname,FALSE
2025-06-07,Denmark,Northern Ireland,2,1,Friendly,Copenhagen,Denmark,FALSE
2025-06-07,Greece,Slovakia,4,1,Friendly,Heraklion,Greece,FALSE
2025-06-07,Latvia,Azerbaijan,0,0,Friendly,Riga,Latvia,FALSE
2025-06-07,Mexico,Switzerland,2,4,Friendly,Salt Lake City,United States,TRUE
2025-06-07,United States,Turkey,1,2,Friendly,East Hartford,United States,FALSE
2025-06-07,Malta,Lithuania,0,0,FIFA World Cup qualification,Ta' Qali,Malta,FALSE
2025-06-07,Finland,Netherlands,0,2,FIFA World Cup qualification,Helsinki,Finland,FALSE
2025-06-07,Bosnia and Herzegovina,San Marino,1,0,FIFA World Cup qualification,Zenica,Bosnia and Herzegovina,FALSE
2025-06-07,Austria,Romania,2,1,FIFA World Cup qualification,Vienna,Austria,FALSE
2025-06-07,Andorra,England,0,1,FIFA World Cup qualification,Barcelona,Spain,TRUE
2025-06-07,Albania,Serbia,0,0,FIFA World Cup qualification,Tirana,Albania,FALSE
2025-06-07,Kenya,Chad,0,0,Friendly,Marrakech,Morocco,TRUE
2025-06-07,Cayman Islands,Honduras,0,1,FIFA World Cup qualification,George Town,Cayman Islands,FALSE
2025-06-07,Bahamas,Costa Rica,0,8,FIFA World Cup qualification,Wildey,Barbados,TRUE
2025-06-07,Aruba,Haiti,0,5,FIFA World Cup qualification,Oranjestad,Aruba,FALSE
2025-06-07,Belize,Panama,0,2,FIFA World Cup qualification,Belmopan,Belize,FALSE
2025-06-07,British Virgin Islands,Jamaica,0,1,FIFA World Cup qualification,Road Town,British Virgin Islands,FALSE
2025-06-07,Anguilla,El Salvador,0,3,FIFA World Cup qualification,The Valley,Anguilla,FALSE
2025-06-08,Germany,France,0,2,UEFA Nations League,Stuttgart,Germany,FALSE
2025-06-08,Portugal,Spain,2,2,UEFA Nations League,Munich,Germany,TRUE
2025-06-08,DR Congo,Madagascar,3,1,Friendly,Orléans,France,TRUE
2025-06-08,Georgia,Cape Verde,1,1,Friendly,Kutaisi,Georgia,FALSE
2025-06-09,Algeria,Rwanda,2,0,Friendly,Blida,Algeria,FALSE
2025-06-09,Equatorial Guinea,Cameroon,1,1,Friendly,Marrakech,Morocco,TRUE
2025-06-09,Gabon,Guinea-Bissau,2,0,Friendly,Mohammédia,Morocco,TRUE
2025-06-09,Kosovo,Comoros,4,2,Friendly,Pristina,Kosovo,FALSE
2025-06-09,Liechtenstein,Scotland,0,4,Friendly,Vaduz,Liechtenstein,FALSE
2025-06-09,Montenegro,Armenia,2,2,Friendly,Nikšić,Montenegro,FALSE
2025-06-09,Morocco,Benin,1,0,Friendly,Fès,Morocco,FALSE
2025-06-09,Uganda,Gambia,1,1,Friendly,Marrakech,Morocco,TRUE
2025-06-09,Italy,Moldova,2,0,FIFA World Cup qualification,Reggio Emilia,Italy,FALSE
2025-06-09,Estonia,Norway,0,1,FIFA World Cup qualification,Tallinn,Estonia,FALSE
2025-06-09,Kazakhstan,North Macedonia,0,1,FIFA World Cup qualification,Astana,Kazakhstan,FALSE
2025-06-09,Belgium,Wales,4,3,FIFA World Cup qualification,Brussels,Belgium,FALSE
2025-06-09,Faroe Islands,Gibraltar,2,1,FIFA World Cup qualification,Tórshavn,Faroe Islands,FALSE
2025-06-09,Croatia,Czech Republic,5,1,FIFA World Cup qualification,Osijek,Croatia,FALSE
2025-06-10,Timor-Leste,Maldives,1,0,AFC Asian Cup qualification,Darwin,Australia,TRUE
2025-06-10,Philippines,Tajikistan,2,2,AFC Asian Cup qualification,Capas,Philippines,FALSE
2025-06-10,Brunei,Bhutan,2,1,AFC Asian Cup qualification,Bandar Seri Begawan,Brunei,FALSE
2025-06-10,Yemen,Lebanon,0,0,AFC Asian Cup qualification,Kuwait City,Kuwait,TRUE
2025-06-10,Bangladesh,Singapore,1,2,AFC Asian Cup qualification,Dhaka,Bangladesh,FALSE
2025-06-10,Hong Kong,India,1,0,AFC Asian Cup qualification,Kowloon,Hong Kong,FALSE
2025-06-10,Sri Lanka,Taiwan,3,1,AFC Asian Cup qualification,Colombo,Sri Lanka,FALSE
2025-06-10,Turkmenistan,Thailand,3,1,AFC Asian Cup qualification,Ashgabat,Turkmenistan,FALSE
2025-06-10,Myanmar,Pakistan,1,0,AFC Asian Cup qualification,Yangon,Myanmar,FALSE
2025-06-10,Afghanistan,Syria,0,1,AFC Asian Cup qualification,Al Hofuf,Saudi Arabia,TRUE
2025-06-10,Laos,Nepal,2,1,AFC Asian Cup qualification,Vientiane,Laos,FALSE
2025-06-10,Malaysia,Vietnam,4,0,AFC Asian Cup qualification,Kuala Lumpur,Malaysia,FALSE
2025-06-10,Azerbaijan,Hungary,1,2,Friendly,Baku,Azerbaijan,FALSE
2025-06-10,Burundi,Mauritania,0,0,Friendly,Mohammédia,Morocco,TRUE
2025-06-10,Chad,Kenya,1,2,Friendly,Marrakech,Morocco,TRUE
2025-06-10,Denmark,Lithuania,5,0,Friendly,Odense,Denmark,FALSE
2025-06-10,England,Senegal,1,3,Friendly,London,England,FALSE
2025-06-10,Greece,Bulgaria,4,0,Friendly,Heraklion,Greece,FALSE
2025-06-10,Israel,Slovakia,1,0,Friendly,Debrecen,Hungary,TRUE
2025-06-10,Luxembourg,Republic of Ireland,0,0,Friendly,Luxembourg,Luxembourg,FALSE
2025-06-10,Mexico,Turkey,1,0,Friendly,Chapel Hill,United States,TRUE
2025-06-10,Niger,Zimbabwe,1,1,Friendly,Casablanca,Morocco,TRUE
2025-06-10,Northern Ireland,Iceland,1,0,Friendly,Belfast,Northern Ireland,FALSE
2025-06-10,Slovenia,Bosnia and Herzegovina,2,1,Friendly,Celje,Slovenia,FALSE
2025-06-10,South Africa,Mozambique,2,0,Friendly,Polokwane,South Africa,FALSE
2025-06-10,Sweden,Algeria,4,3,Friendly,Solna,Sweden,FALSE
2025-06-10,United States,Switzerland,0,4,Friendly,Nashville,United States,FALSE
2025-06-10,Bolivia,Chile,2,0,FIFA World Cup qualification,El Alto,Bolivia,FALSE
2025-06-10,Uruguay,Venezuela,2,0,FIFA World Cup qualification,Montevideo,Uruguay,FALSE
2025-06-10,Peru,Ecuador,0,0,FIFA World Cup qualification,Lima,Peru,FALSE
2025-06-10,Argentina,Colombia,1,1,FIFA World Cup qualification,Buenos Aires,Argentina,FALSE
2025-06-10,Brazil,Paraguay,1,0,FIFA World Cup qualification,São Paulo,Brazil,FALSE
2025-06-10,Uzbekistan,Qatar,3,0,FIFA World Cup qualification,Tashkent,Uzbekistan,FALSE
2025-06-10,Iran,North Korea,3,0,FIFA World Cup qualification,Tehran,Iran,FALSE
2025-06-10,Kyrgyzstan,United Arab Emirates,1,1,FIFA World Cup qualification,Bishkek,Kyrgyzstan,FALSE
2025-06-10,South Korea,Kuwait,4,0,FIFA World Cup qualification,Seoul,South Korea,FALSE
2025-06-10,Jordan,Iraq,0,1,FIFA World Cup qualification,Amman,Jordan,FALSE
2025-06-10,Palestine,Oman,1,1,FIFA World Cup qualification,Amman,Jordan,TRUE
2025-06-10,China PR,Bahrain,1,0,FIFA World Cup qualification,Chongqing,China PR,FALSE
2025-06-10,Japan,Indonesia,6,0,FIFA World Cup qualification,Suita,Japan,FALSE
2025-06-10,Saudi Arabia,Australia,1,2,FIFA World Cup qualification,Jeddah,Saudi Arabia,FALSE
2025-06-10,Netherlands,Malta,8,0,FIFA World Cup qualification,Groningen,Netherlands,FALSE
2025-06-10,Finland,Poland,2,1,FIFA World Cup qualification,Helsinki,Finland,FALSE
2025-06-10,San Marino,Austria,0,4,FIFA World Cup qualification,Serravalle,San Marino,FALSE
2025-06-10,Romania,Cyprus,2,0,FIFA World Cup qualification,Bucharest,Romania,FALSE
2025-06-10,Serbia,Andorra,3,0,FIFA World Cup qualification,Leskovac,Serbia,FALSE
2025-06-10,Latvia,Albania,1,1,FIFA World Cup qualification,Riga,Latvia,FALSE
2025-06-10,Belarus,Russia,1,4,Friendly,Minsk,Belarus,FALSE
2025-06-10,Cuba,Bermuda,1,2,FIFA World Cup qualification,Santiago de Cuba,Cuba,FALSE
2025-06-10,Honduras,Antigua and Barbuda,2,0,FIFA World Cup qualification,Tegucigalpa,Honduras,FALSE
2025-06-10,Saint Kitts and Nevis,Grenada,2,3,FIFA World Cup qualification,Basseterre,Saint Kitts and Nevis,FALSE
2025-06-10,Costa Rica,Trinidad and Tobago,2,1,FIFA World Cup qualification,San José,Costa Rica,FALSE
2025-06-10,Saint Lucia,Barbados,2,1,FIFA World Cup qualification,Gros Islet,Saint Lucia,FALSE
2025-06-10,Haiti,Curaçao,1,5,FIFA World Cup qualification,Oranjestad,Aruba,TRUE
2025-06-10,Guyana,Montserrat,3,0,FIFA World Cup qualification,Leonora,Guyana,FALSE
2025-06-10,Panama,Nicaragua,3,0,FIFA World Cup qualification,Panama City,Panama,FALSE
2025-06-10,Dominican Republic,Dominica,5,0,FIFA World Cup qualification,Santo Domingo,Dominican Republic,FALSE
2025-06-10,Jamaica,Guatemala,3,0,FIFA World Cup qualification,Kingston,Jamaica,FALSE
2025-06-10,Puerto Rico,Saint Vincent and the Grenadines,2,1,FIFA World Cup qualification,Mayagüez,Puerto Rico,FALSE
2025-06-10,El Salvador,Suriname,1,1,FIFA World Cup qualification,San Salvador,El Salvador,FALSE
2025-06-14,Mexico,Dominican Republic,3,2,Gold Cup,Inglewood,United States,TRUE
2025-06-15,Costa Rica,Suriname,4,3,Gold Cup,San Diego,United States,TRUE
2025-06-15,United States,Trinidad and Tobago,5,0,Gold Cup,San Jose,United States,FALSE
2025-06-15,Haiti,Saudi Arabia,0,1,Gold Cup,San Diego,United States,TRUE
2025-06-16,Panama,Guadeloupe,5,2,Gold Cup,Carson,United States,TRUE
2025-06-16,Jamaica,Guatemala,0,1,Gold Cup,Carson,United States,TRUE
2025-06-17,Curaçao,El Salvador,0,0,Gold Cup,San Jose,United States,TRUE
2025-06-17,Canada,Honduras,6,0,Gold Cup,Vancouver,Canada,FALSE
2025-06-18,Costa Rica,Dominican Republic,2,1,Gold Cup,Arlington,United States,TRUE
2025-06-18,Suriname,Mexico,0,2,Gold Cup,Arlington,United States,TRUE
2025-06-19,Trinidad and Tobago,Haiti,1,1,Gold Cup,Houston,United States,TRUE
2025-06-19,United States,Saudi Arabia,1,0,Gold Cup,Austin,United States,FALSE
2025-06-20,Jamaica,Guadeloupe,2,1,Gold Cup,San Jose,United States,TRUE
2025-06-20,Guatemala,Panama,0,1,Gold Cup,Austin,United States,TRUE
2025-06-21,Curaçao,Canada,1,1,Gold Cup,Houston,United States,TRUE
2025-06-21,Honduras,El Salvador,2,0,Gold Cup,Houston,United States,TRUE
2025-06-22,Mexico,Costa Rica,0,0,Gold Cup,Paradise,United States,TRUE
2025-06-22,Dominican Republic,Suriname,0,0,Gold Cup,Arlington,United States,TRUE
2025-06-22,Saudi Arabia,Trinidad and Tobago,1,1,Gold Cup,Paradise,United States,TRUE
2025-06-22,United States,Haiti,2,1,Gold Cup,Arlington,United States,FALSE
2025-06-24,Honduras,Curaçao,2,1,Gold Cup,San Jose,United States,TRUE
2025-06-24,Canada,El Salvador,2,0,Gold Cup,Houston,United States,TRUE
2025-06-24,Panama,Jamaica,4,1,Gold Cup,Austin,United States,TRUE
2025-06-24,Guadeloupe,Guatemala,2,3,Gold Cup,Houston,United States,TRUE
2025-06-28,Panama,Honduras,1,1,Gold Cup,Glendale,United States,TRUE
2025-06-28,Mexico,Saudi Arabia,2,0,Gold Cup,Glendale,United States,TRUE
2025-06-29,Canada,Guatemala,1,1,Gold Cup,Minneapolis,United States,TRUE
2025-06-29,United States,Costa Rica,2,2,Gold Cup,Minneapolis,United States,FALSE
2025-07-02,United States,Guatemala,2,1,Gold Cup,St. Louis,United States,FALSE
2025-07-02,Mexico,Honduras,1,0,Gold Cup,Santa Clara,United States,TRUE
2025-07-06,United States,Mexico,1,2,Gold Cup,Houston,United States,FALSE
2025-08-24,Qatar,Lebanon,2,2,Friendly,Doha,Qatar,FALSE
2025-09-03,Qatar,Bahrain,2,2,Friendly,Doha,Qatar,FALSE
2025-09-03,Seychelles,Gabon,0,4,FIFA World Cup qualification,Saint Pierre,Mauritius,TRUE
2025-09-04,Gibraltar,Albania,0,1,Friendly,Gibraltar,Gibraltar,FALSE
2025-09-04,Malaysia,Singapore,2,1,Friendly,Kuala Lumpur,Malaysia,FALSE
2025-09-04,Norway,Finland,1,0,Friendly,Oslo,Norway,FALSE
2025-09-04,Russia,Jordan,0,0,Friendly,Moscow,Russia,FALSE
2025-09-04,Saudi Arabia,North Macedonia,2,1,Friendly,Prague,Czech Republic,TRUE
2025-09-04,United Arab Emirates,Syria,3,1,Friendly,Dubai,United Arab Emirates,FALSE
2025-09-04,Colombia,Bolivia,3,0,FIFA World Cup qualification,Barranquilla,Colombia,FALSE
2025-09-04,Argentina,Venezuela,3,0,FIFA World Cup qualification,Buenos Aires,Argentina,FALSE
2025-09-04,Paraguay,Ecuador,0,0,FIFA World Cup qualification,Asunción,Paraguay,FALSE
2025-09-04,Uruguay,Peru,3,0,FIFA World Cup qualification,Montevideo,Uruguay,FALSE
2025-09-04,Brazil,Chile,3,0,FIFA World Cup qualification,Rio de Janeiro,Brazil,FALSE
2025-09-04,Guinea-Bissau,Sierra Leone,1,1,FIFA World Cup qualification,Bissau,Guinea-Bissau,FALSE
2025-09-04,Angola,Libya,0,1,FIFA World Cup qualification,Luanda,Angola,FALSE
2025-09-04,Cameroon,Eswatini,3,0,FIFA World Cup qualification,Yaoundé,Cameroon,FALSE
2025-09-04,Mauritius,Cape Verde,0,2,FIFA World Cup qualification,Saint Pierre,Mauritius,FALSE
2025-09-04,Algeria,Botswana,3,1,FIFA World Cup qualification,Tizi Ouzou,Algeria,FALSE
2025-09-04,São Tomé and Príncipe,Equatorial Guinea,2,3,FIFA World Cup qualification,Oujda,Morocco,TRUE
2025-09-04,Tunisia,Liberia,3,0,FIFA World Cup qualification,Radès,Tunisia,FALSE
2025-09-04,Chad,Ghana,1,1,FIFA World Cup qualification,N'Djamena,Chad,FALSE
2025-09-04,Madagascar,Central African Republic,2,0,FIFA World Cup qualification,Casablanca,Morocco,TRUE
2025-09-04,Mali,Comoros,3,0,FIFA World Cup qualification,Berkane,Morocco,TRUE
2025-09-04,Luxembourg,Northern Ireland,1,3,FIFA World Cup qualification,Luxembourg,Luxembourg,FALSE
2025-09-04,Slovakia,Germany,2,0,FIFA World Cup qualification,Bratislava,Slovakia,FALSE
2025-09-04,Georgia,Turkey,2,3,FIFA World Cup qualification,Tbilisi,Georgia,FALSE
2025-09-04,Bulgaria,Spain,0,3,FIFA World Cup qualification,Sofia,Bulgaria,FALSE
2025-09-04,Lithuania,Malta,1,1,FIFA World Cup qualification,Kaunas,Lithuania,FALSE
2025-09-04,Netherlands,Poland,1,1,FIFA World Cup qualification,Rotterdam,Netherlands,FALSE
2025-09-04,Kazakhstan,Wales,0,1,FIFA World Cup qualification,Astana,Kazakhstan,FALSE
2025-09-04,Liechtenstein,Belgium,0,6,FIFA World Cup qualification,Vaduz,Liechtenstein,FALSE
2025-09-04,Suriname,Panama,0,0,FIFA World Cup qualification,Paramaribo,Suriname,FALSE
2025-09-04,Guatemala,El Salvador,0,1,FIFA World Cup qualification,Guatemala City,Guatemala,FALSE
2025-09-05,Indonesia,Taiwan,6,0,Friendly,Surabaya,Indonesia,FALSE
2025-09-05,Romania,Canada,0,3,Friendly,Bucharest,Romania,FALSE
2025-09-05,Djibouti,Burkina Faso,0,6,FIFA World Cup qualification,Bissau,Guinea-Bissau,TRUE
2025-09-05,Egypt,Ethiopia,2,0,FIFA World Cup qualification,Cairo,Egypt,FALSE
2025-09-05,South Sudan,DR Congo,1,4,FIFA World Cup qualification,Juba,South Sudan,FALSE
2025-09-05,Mauritania,Togo,2,0,FIFA World Cup qualification,Nouadhibou,Mauritania,FALSE
2025-09-05,Senegal,Sudan,2,0,FIFA World Cup qualification,Diamniadio,Senegal,FALSE
2025-09-05,Benin,Zimbabwe,1,0,FIFA World Cup qualification,Ebimpé,Ivory Coast,TRUE
2025-09-05,South Africa,Lesotho,3,0,FIFA World Cup qualification,Bloemfontein,South Africa,FALSE
2025-09-05,Congo,Tanzania,1,1,FIFA World Cup qualification,Brazzaville,Congo,FALSE
2025-09-05,Morocco,Niger,5,0,FIFA World Cup qualification,Rabat,Morocco,FALSE
2025-09-05,Kenya,Gambia,1,3,FIFA World Cup qualification,Nairobi,Kenya,FALSE
2025-09-05,Ivory Coast,Burundi,1,0,FIFA World Cup qualification,Abidjan,Ivory Coast,FALSE
2025-09-05,Somalia,Guinea,0,3,FIFA World Cup qualification,Kampala,Uganda,TRUE
2025-09-05,Uganda,Mozambique,4,0,FIFA World Cup qualification,Kampala,Uganda,FALSE
2025-09-05,Namibia,Malawi,1,2,FIFA World Cup qualification,Francistown,Botswana,TRUE
2025-09-05,Slovenia,Sweden,2,2,FIFA World Cup qualification,Ljubljana,Slovenia,FALSE
2025-09-05,Switzerland,Kosovo,4,0,FIFA World Cup qualification,Basel,Switzerland,FALSE
2025-09-05,Denmark,Scotland,0,0,FIFA World Cup qualification,Copenhagen,Denmark,FALSE
2025-09-05,Greece,Belarus,5,1,FIFA World Cup qualification,Athens,Greece,FALSE
2025-09-05,Iceland,Azerbaijan,5,0,FIFA World Cup qualification,Reykjavík,Iceland,FALSE
2025-09-05,Ukraine,France,0,2,FIFA World Cup qualification,Wrocław,Poland,TRUE
2025-09-05,Italy,Estonia,5,0,FIFA World Cup qualification,Bergamo,Italy,FALSE
2025-09-05,Moldova,Israel,0,4,FIFA World Cup qualification,Chișinău,Moldova,FALSE
2025-09-05,Faroe Islands,Croatia,0,1,FIFA World Cup qualification,Tórshavn,Faroe Islands,FALSE
2025-09-05,Montenegro,Czech Republic,0,2,FIFA World Cup qualification,Podgorica,Montenegro,FALSE
2025-09-05,Bermuda,Jamaica,0,4,FIFA World Cup qualification,Devonshire Parish,Bermuda,FALSE
2025-09-05,Trinidad and Tobago,Curaçao,0,0,FIFA World Cup qualification,Port of Spain,Trinidad and Tobago,FALSE
2025-09-05,Haiti,Honduras,0,0,FIFA World Cup qualification,Willemstad,Curaçao,TRUE
2025-09-05,Nicaragua,Costa Rica,1,1,FIFA World Cup qualification,Managua,Nicaragua,FALSE
2025-09-06,Mexico,Japan,0,0,Friendly,Oakland,United States,TRUE
2025-09-06,Nepal,Bangladesh,0,0,Friendly,Kathmandu,Nepal,FALSE
2025-09-06,United States,South Korea,0,2,Friendly,Harrison,United States,FALSE
2025-09-06,Nigeria,Rwanda,1,0,FIFA World Cup qualification,Uyo,Nigeria,FALSE
2025-09-06,Republic of Ireland,Hungary,2,2,FIFA World Cup qualification,Dublin,Republic of Ireland,FALSE
2025-09-06,Armenia,Portugal,0,5,FIFA World Cup qualification,Yerevan,Armenia,FALSE
2025-09-06,Austria,Cyprus,1,0,FIFA World Cup qualification,Linz,Austria,FALSE
2025-09-06,San Marino,Bosnia and Herzegovina,0,6,FIFA World Cup qualification,Serravalle,San Marino,FALSE
2025-09-06,Latvia,Serbia,0,1,FIFA World Cup qualification,Riga,Latvia,FALSE
2025-09-06,England,Andorra,2,0,FIFA World Cup qualification,London,England,FALSE
2025-09-07,Central African Republic,Comoros,0,2,FIFA World Cup qualification,Meknes,Morocco,TRUE
2025-09-07,Germany,Northern Ireland,3,1,FIFA World Cup qualification,Cologne,Germany,FALSE
2025-09-07,Luxembourg,Slovakia,0,1,FIFA World Cup qualification,Luxembourg,Luxembourg,FALSE
2025-09-07,Georgia,Bulgaria,3,0,FIFA World Cup qualification,Tbilisi,Georgia,FALSE
2025-09-07,Turkey,Spain,0,6,FIFA World Cup qualification,Konya,Turkey,FALSE
2025-09-07,Lithuania,Netherlands,2,3,FIFA World Cup qualification,Kaunas,Lithuania,FALSE
2025-09-07,Poland,Finland,3,1,FIFA World Cup qualification,Chorzów,Poland,FALSE
2025-09-07,North Macedonia,Liechtenstein,5,0,FIFA World Cup qualification,Skopje,North Macedonia,FALSE
2025-09-07,Belgium,Kazakhstan,6,0,FIFA World Cup qualification,Anderlecht,Belgium,FALSE
2025-09-07,Qatar,Russia,1,4,Friendly,Doha,Qatar,FALSE
2025-09-08,Czech Republic,Saudi Arabia,1,1,Friendly,Hradec Králové,Czech Republic,FALSE
2025-09-08,Indonesia,Lebanon,0,0,Friendly,Surabaya,Indonesia,FALSE
2025-09-08,Malaysia,Palestine,1,0,Friendly,Johor,Malaysia,FALSE
2025-09-08,Syria,Kuwait,2,2,Friendly,Doha,Qatar,TRUE
2025-09-08,United Arab Emirates,Bahrain,1,0,Friendly,Dubai,United Arab Emirates,FALSE
2025-09-08,Guinea-Bissau,Djibouti,2,0,FIFA World Cup qualification,Bissau,Guinea-Bissau,FALSE
2025-09-08,Libya,Eswatini,2,0,FIFA World Cup qualification,Benghazi,Libya,FALSE
2025-09-08,Zambia,Morocco,0,2,FIFA World Cup qualification,Ndola,Zambia,FALSE
2025-09-08,Mozambique,Botswana,2,0,FIFA World Cup qualification,Maputo,Mozambique,FALSE
2025-09-08,Guinea,Algeria,0,0,FIFA World Cup qualification,Casablanca,Morocco,TRUE
2025-09-08,Uganda,Somalia,2,0,FIFA World Cup qualification,Kampala,Uganda,FALSE
2025-09-08,Equatorial Guinea,Tunisia,0,1,FIFA World Cup qualification,Malabo,Equatorial Guinea,FALSE
2025-09-08,Malawi,Liberia,2,2,FIFA World Cup qualification,Lilongwe,Malawi,FALSE
2025-09-08,Madagascar,Chad,3,1,FIFA World Cup qualification,Casablanca,Morocco,TRUE
2025-09-08,Ghana,Mali,1,0,FIFA World Cup qualification,Accra,Ghana,FALSE
2025-09-08,Kosovo,Sweden,2,0,FIFA World Cup qualification,Pristina,Kosovo,FALSE
2025-09-08,Switzerland,Slovenia,3,0,FIFA World Cup qualification,Basel,Switzerland,FALSE
2025-09-08,Belarus,Scotland,0,2,FIFA World Cup qualification,Zalaegerszeg,Hungary,TRUE
2025-09-08,Greece,Denmark,0,3,FIFA World Cup qualification,Athens,Greece,FALSE
2025-09-08,Israel,Italy,4,5,FIFA World Cup qualification,Debrecen,Hungary,TRUE
2025-09-08,Croatia,Montenegro,4,0,FIFA World Cup qualification,Zagreb,Croatia,FALSE
2025-09-08,Gibraltar,Faroe Islands,0,1,FIFA World Cup qualification,Gibraltar,Gibraltar,FALSE
2025-09-08,El Salvador,Suriname,1,2,FIFA World Cup qualification,San Salvador,El Salvador,FALSE
2025-09-08,Panama,Guatemala,1,1,FIFA World Cup qualification,Panama City,Panama,FALSE
2025-09-09,Estonia,Andorra,0,0,Friendly,Tallinn,Estonia,FALSE
2025-09-09,Jordan,Dominican Republic,3,0,Friendly,Amman,Jordan,FALSE
2025-09-09,Malta,San Marino,3,1,Friendly,Ta' Qali,Malta,FALSE
2025-09-09,Mexico,South Korea,2,2,Friendly,Nashville,United States,TRUE
2025-09-09,Singapore,Myanmar,1,1,Friendly,Singapore,Singapore,FALSE
2025-09-09,Sri Lanka,Maldives,1,1,Friendly,Colombo,Sri Lanka,FALSE
2025-09-09,United States,Japan,2,0,Friendly,Columbus,United States,FALSE
2025-09-09,Wales,Canada,0,1,Friendly,Cardiff,Wales,FALSE
2025-09-09,Ecuador,Argentina,1,0,FIFA World Cup qualification,Guayaquil,Ecuador,FALSE
2025-09-09,Peru,Paraguay,0,1,FIFA World Cup qualification,Lima,Peru,FALSE
2025-09-09,Bolivia,Brazil,1,0,FIFA World Cup qualification,El Alto,Bolivia,FALSE
2025-09-09,Venezuela,Colombia,3,6,FIFA World Cup qualification,Maturín,Venezuela,FALSE
2025-09-09,Chile,Uruguay,0,0,FIFA World Cup qualification,Santiago,Chile,FALSE
2025-09-09,Sierra Leone,Ethiopia,2,0,FIFA World Cup qualification,Monrovia,Liberia,TRUE
2025-09-09,Burkina Faso,Egypt,0,0,FIFA World Cup qualification,Ouagadougou,Burkina Faso,FALSE
2025-09-09,Togo,Sudan,1,0,FIFA World Cup qualification,Lomé,Togo,FALSE
2025-09-09,DR Congo,Senegal,2,3,FIFA World Cup qualification,Kinshasa,DR Congo,FALSE
2025-09-09,Mauritania,South Sudan,0,0,FIFA World Cup qualification,Nouadhibou,Mauritania,FALSE
2025-09-09,Zimbabwe,Rwanda,0,1,FIFA World Cup qualification,Johannesburg,South Africa,TRUE
2025-09-09,South Africa,Nigeria,1,1,FIFA World Cup qualification,Bloemfontein,South Africa,FALSE
2025-09-09,Benin,Lesotho,4,0,FIFA World Cup qualification,Abidjan,Ivory Coast,TRUE
2025-09-09,Cape Verde,Cameroon,1,0,FIFA World Cup qualification,Praia,Cape Verde,FALSE
2025-09-09,Angola,Mauritius,3,1,FIFA World Cup qualification,Luanda,Angola,FALSE
2025-09-09,Tanzania,Niger,0,1,FIFA World Cup qualification,Unguja,Tanzania,FALSE
2025-09-09,Kenya,Seychelles,5,0,FIFA World Cup qualification,Nairobi,Kenya,FALSE
2025-09-09,Gabon,Ivory Coast,0,0,FIFA World Cup qualification,Franceville,Gabon,FALSE
2025-09-09,Gambia,Burundi,2,0,FIFA World Cup qualification,Nairobi,Kenya,TRUE
2025-09-09,Namibia,São Tomé and Príncipe,3,0,FIFA World Cup qualification,Francistown,Botswana,TRUE
2025-09-09,Azerbaijan,Ukraine,1,1,FIFA World Cup qualification,Baku,Azerbaijan,FALSE
2025-09-09,France,Iceland,2,1,FIFA World Cup qualification,Paris,France,FALSE
2025-09-09,Armenia,Republic of Ireland,2,1,FIFA World Cup qualification,Yerevan,Armenia,FALSE
2025-09-09,Hungary,Portugal,2,3,FIFA World Cup qualification,Budapest,Hungary,FALSE
2025-09-09,Bosnia and Herzegovina,Austria,1,2,FIFA World Cup qualification,Zenica,Bosnia and Herzegovina,FALSE
2025-09-09,Cyprus,Romania,2,2,FIFA World Cup qualification,Nicosia,Cyprus,FALSE
2025-09-09,Norway,Moldova,11,1,FIFA World Cup qualification,Oslo,Norway,FALSE
2025-09-09,Albania,Latvia,1,0,FIFA World Cup qualification,Tirana,Albania,FALSE
2025-09-09,Serbia,England,0,5,FIFA World Cup qualification,Belgrade,Serbia,FALSE
2025-09-09,Jamaica,Trinidad and Tobago,2,0,FIFA World Cup qualification,Kingston,Jamaica,FALSE
2025-09-09,Curaçao,Bermuda,3,2,FIFA World Cup qualification,Willemstad,Curaçao,FALSE
2025-09-09,Costa Rica,Haiti,3,3,FIFA World Cup qualification,San José,Costa Rica,FALSE
2025-09-09,Honduras,Nicaragua,2,0,FIFA World Cup qualification,Tegucigalpa,Honduras,FALSE
2025-10-04,Saint Kitts and Nevis,Saint Martin,5,0,Friendly,Basseterre,Saint Kitts and Nevis,FALSE
2025-10-05,Saint Kitts and Nevis,Saint Martin,2,1,Friendly,Basseterre,Saint Kitts and Nevis,FALSE
2025-10-05,Saint Vincent and the Grenadines,Cuba,7,0,Friendly,Arnos Vale,Saint Vincent and the Grenadines,FALSE
2025-10-08,Qatar,Oman,0,0,FIFA World Cup qualification,Al Rayyan,Qatar,FALSE
2025-10-08,Saudi Arabia,Indonesia,3,2,FIFA World Cup qualification,Jeddah,Saudi Arabia,FALSE
2025-10-08,Ethiopia,Guinea-Bissau,1,0,FIFA World Cup qualification,Kigali,Rwanda,TRUE
2025-10-08,Sierra Leone,Burkina Faso,0,1,FIFA World Cup qualification,Monrovia,Liberia,TRUE
2025-10-08,Djibouti,Egypt,0,3,FIFA World Cup qualification,Casablanca,Morocco,TRUE
2025-10-08,Libya,Cape Verde,3,3,FIFA World Cup qualification,Tripoli,Libya,FALSE
2025-10-08,Eswatini,Angola,2,2,FIFA World Cup qualification,Lobamba,Eswatini,FALSE
2025-10-08,Mauritius,Cameroon,0,2,FIFA World Cup qualification,Saint Pierre,Mauritius,FALSE
2025-10-08,Niger,Congo,3,1,FIFA World Cup qualification,Ouagadougou,Burkina Faso,TRUE
2025-10-08,Tanzania,Zambia,0,1,FIFA World Cup qualification,Unguja,Tanzania,FALSE
2025-10-08,Comoros,Madagascar,1,2,FIFA World Cup qualification,Abidjan,Ivory Coast,TRUE
2025-10-08,Central African Republic,Ghana,0,5,FIFA World Cup qualification,El Jadida,Morocco,TRUE
2025-10-08,Chad,Mali,0,2,FIFA World Cup qualification,N'Djamena,Chad,FALSE
2025-10-08,Gibraltar,New Caledonia,0,2,Friendly,Gibraltar,Gibraltar,FALSE
2025-10-08,Saint Vincent and the Grenadines,Cuba,1,0,Friendly,Arnos Vale,Saint Vincent and the Grenadines,FALSE
2025-10-09,England,Wales,3,0,Friendly,London,England,FALSE
2025-10-09,Poland,New Zealand,1,0,Friendly,Chorzów,Poland,FALSE
2025-10-09,Romania,Moldova,2,1,Friendly,Bucharest,Romania,FALSE
2025-10-09,Morocco,Bahrain,1,0,Friendly,Rabat,Morocco,FALSE
2025-10-09,Grenada,British Virgin Islands,4,1,Friendly,St. George's,Grenada,FALSE
2025-10-09,Burundi,Kenya,0,1,FIFA World Cup qualification,Bujumbura,Burundi,FALSE
2025-10-09,Algeria,Somalia,3,0,FIFA World Cup qualification,Bir El Djir,Algeria,FALSE
2025-10-09,Botswana,Uganda,0,1,FIFA World Cup qualification,Francistown,Botswana,FALSE
2025-10-09,Mozambique,Guinea,1,2,FIFA World Cup qualification,Maputo,Mozambique,FALSE
2025-10-09,Malawi,Equatorial Guinea,3,0,FIFA World Cup qualification,Lilongwe,Malawi,FALSE
2025-10-09,Scotland,Greece,3,1,FIFA World Cup qualification,Glasgow,Scotland,FALSE
2025-10-09,Belarus,Denmark,0,6,FIFA World Cup qualification,Zalaegerszeg,Hungary,TRUE
2025-10-09,Malta,Netherlands,0,4,FIFA World Cup qualification,Ta' Qali,Malta,FALSE
2025-10-09,Finland,Lithuania,2,1,FIFA World Cup qualification,Helsinki,Finland,FALSE
2025-10-09,Austria,San Marino,10,0,FIFA World Cup qualification,Vienna,Austria,FALSE
2025-10-09,Cyprus,Bosnia and Herzegovina,2,2,FIFA World Cup qualification,Larnaca,Cyprus,FALSE
2025-10-09,Faroe Islands,Montenegro,4,0,FIFA World Cup qualification,Tórshavn,Faroe Islands,FALSE
2025-10-09,Czech Republic,Croatia,0,0,FIFA World Cup qualification,Prague,Czech Republic,FALSE
2025-10-09,Tajikistan,Maldives,2,0,AFC Asian Cup qualification,Hisor,Tajikistan,FALSE
2025-10-09,Timor-Leste,Philippines,1,4,AFC Asian Cup qualification,Darwin,Australia,TRUE
2025-10-09,Brunei,Yemen,0,2,AFC Asian Cup qualification,Bandar Seri Begawan,Brunei,FALSE
2025-10-09,Lebanon,Bhutan,2,0,AFC Asian Cup qualification,Doha,Qatar,TRUE
2025-10-09,Singapore,India,1,1,AFC Asian Cup qualification,Kallang,Singapore,FALSE
2025-10-09,Bangladesh,Hong Kong,3,4,AFC Asian Cup qualification,Dhaka,Bangladesh,FALSE
2025-10-09,Sri Lanka,Turkmenistan,1,0,AFC Asian Cup qualification,Colombo,Sri Lanka,FALSE
2025-10-09,Thailand,Taiwan,2,0,AFC Asian Cup qualification,Bangkok,Thailand,FALSE
2025-10-09,Pakistan,Afghanistan,0,0,AFC Asian Cup qualification,Islamabad,Pakistan,FALSE
2025-10-09,Syria,Myanmar,5,1,AFC Asian Cup qualification,Al Hofuf,Saudi Arabia,TRUE
2025-10-09,Laos,Malaysia,0,3,AFC Asian Cup qualification,Vientiane,Laos,FALSE
2025-10-09,Vietnam,Nepal,3,1,AFC Asian Cup qualification,Ho Chi Minh City,Vietnam,FALSE
2025-10-09,Liberia,Namibia,3,1,FIFA World Cup qualification,Monrovia,Liberia,FALSE
2025-10-09,Nicaragua,Haiti,0,3,FIFA World Cup qualification,Managua,Nicaragua,FALSE
2025-10-09,Honduras,Costa Rica,0,0,FIFA World Cup qualification,San Pedro Sula,Honduras,FALSE
2025-10-10,Argentina,Venezuela,1,0,Friendly,Miami Gardens,United States,TRUE
2025-10-10,Chile,Peru,2,1,Friendly,Santiago,Chile,FALSE
2025-10-10,Canada,Australia,0,1,Friendly,Montreal,Canada,FALSE
2025-10-10,Russia,Iran,2,1,Friendly,Volgograd,Russia,FALSE
2025-10-10,Uzbekistan,Kuwait,2,0,Friendly,Tashkent,Uzbekistan,FALSE
2025-10-10,Jordan,Bolivia,0,1,Friendly,Istanbul,Turkey,TRUE
2025-10-10,South Korea,Brazil,0,5,Friendly,Seoul,South Korea,FALSE
2025-10-10,Uruguay,Dominican Republic,1,0,Friendly,Kuala Lumpur,Malaysia,TRUE
2025-10-10,United States,Ecuador,1,1,Friendly,Austin,United States,FALSE
2025-10-10,Togo,DR Congo,0,1,FIFA World Cup qualification,Lomé,Togo,FALSE
2025-10-10,South Sudan,Senegal,0,5,FIFA World Cup qualification,Juba,South Sudan,FALSE
2025-10-10,Sudan,Mauritania,0,0,FIFA World Cup qualification,Dar es Salaam,Tanzania,TRUE
2025-10-10,Lesotho,Nigeria,1,2,FIFA World Cup qualification,Polokwane,South Africa,TRUE
2025-10-10,Rwanda,Benin,0,1,FIFA World Cup qualification,Kigali,Rwanda,FALSE
2025-10-10,South Africa,Zimbabwe,0,0,FIFA World Cup qualification,Durban,South Africa,FALSE
2025-10-10,Gambia,Gabon,3,4,FIFA World Cup qualification,Nairobi,Kenya,TRUE
2025-10-10,Seychelles,Ivory Coast,0,7,FIFA World Cup qualification,Saint Pierre,Mauritius,TRUE
2025-10-10,Tunisia,São Tomé and Príncipe,6,0,FIFA World Cup qualification,Radès,Tunisia,FALSE
2025-10-10,Northern Ireland,Slovakia,2,0,FIFA World Cup qualification,Belfast,Northern Ireland,FALSE
2025-10-10,Germany,Luxembourg,4,0,FIFA World Cup qualification,Sinsheim,Germany,FALSE
2025-10-10,Kosovo,Slovenia,0,0,FIFA World Cup qualification,Pristina,Kosovo,FALSE
2025-10-10,Sweden,Switzerland,0,2,FIFA World Cup qualification,Solna,Sweden,FALSE
2025-10-10,Iceland,Ukraine,3,5,FIFA World Cup qualification,Reykjavík,Iceland,FALSE
2025-10-10,France,Azerbaijan,3,0,FIFA World Cup qualification,Paris,France,FALSE
2025-10-10,Kazakhstan,Liechtenstein,4,0,FIFA World Cup qualification,Astana,Kazakhstan,FALSE
2025-10-10,Belgium,North Macedonia,0,0,FIFA World Cup qualification,Gent,Belgium,FALSE
2025-10-10,Suriname,Guatemala,1,1,FIFA World Cup qualification,Paramaribo,Suriname,FALSE
2025-10-10,El Salvador,Panama,0,1,FIFA World Cup qualification,San Salvador,El Salvador,FALSE
2025-10-10,Bermuda,Trinidad and Tobago,0,3,FIFA World Cup qualification,Devonshire Parish,Bermuda,FALSE
2025-10-10,Curaçao,Jamaica,2,0,FIFA World Cup qualification,Willemstad,Curaçao,FALSE
2025-10-11,Grenada,Cuba,2,0,Friendly,St. George's,Grenada,FALSE
2025-10-11,Mexico,Colombia,0,4,Friendly,Arlington,United States,TRUE
2025-10-11,United Arab Emirates,Oman,2,1,FIFA World Cup qualification,Al Rayyan,Qatar,TRUE
2025-10-11,Iraq,Indonesia,1,0,FIFA World Cup qualification,Jeddah,Saudi Arabia,TRUE
2025-10-11,Spain,Georgia,2,0,FIFA World Cup qualification,Elche,Spain,FALSE
2025-10-11,Bulgaria,Turkey,1,6,FIFA World Cup qualification,Sofia,Bulgaria,FALSE
2025-10-11,Hungary,Armenia,2,0,FIFA World Cup qualification,Budapest,Hungary,FALSE
2025-10-11,Portugal,Republic of Ireland,1,0,FIFA World Cup qualification,Lisbon,Portugal,FALSE
2025-10-11,Norway,Israel,5,0,FIFA World Cup qualification,Oslo,Norway,FALSE
2025-10-11,Estonia,Italy,1,3,FIFA World Cup qualification,Tallinn,Estonia,FALSE
2025-10-11,Latvia,Andorra,2,2,FIFA World Cup qualification,Riga,Latvia,FALSE
2025-10-11,Serbia,Albania,0,1,FIFA World Cup qualification,Leskovac,Serbia,FALSE
2025-10-12,Malta,Bosnia and Herzegovina,1,4,Friendly,Ta' Qali,Malta,FALSE
2025-10-12,Burkina Faso,Ethiopia,3,1,FIFA World Cup qualification,Ouagadougou,Burkina Faso,FALSE
2025-10-12,Djibouti,Sierra Leone,1,2,FIFA World Cup qualification,Casablanca,Morocco,TRUE
2025-10-12,Egypt,Guinea-Bissau,1,0,FIFA World Cup qualification,Cairo,Egypt,FALSE
2025-10-12,Zambia,Niger,0,1,FIFA World Cup qualification,Ndola,Zambia,FALSE
2025-10-12,Chad,Central African Republic,2,3,FIFA World Cup qualification,N'Djamena,Chad,FALSE
2025-10-12,Ghana,Comoros,1,0,FIFA World Cup qualification,Accra,Ghana,FALSE
2025-10-12,Mali,Madagascar,4,1,FIFA World Cup qualification,Bamako,Mali,FALSE
2025-10-12,Scotland,Belarus,2,1,FIFA World Cup qualification,Glasgow,Scotland,FALSE
2025-10-12,Denmark,Greece,3,1,FIFA World Cup qualification,Copenhagen,Denmark,FALSE
2025-10-12,Netherlands,Finland,4,0,FIFA World Cup qualification,Amsterdam,Netherlands,FALSE
2025-10-12,Lithuania,Poland,0,2,FIFA World Cup qualification,Kaunas,Lithuania,FALSE
2025-10-12,San Marino,Cyprus,0,4,FIFA World Cup qualification,Serravalle,San Marino,FALSE
2025-10-12,Romania,Austria,1,0,FIFA World Cup qualification,Bucharest,Romania,FALSE
2025-10-12,Faroe Islands,Czech Republic,2,1,FIFA World Cup qualification,Tórshavn,Faroe Islands,FALSE
2025-10-12,Croatia,Gibraltar,3,0,FIFA World Cup qualification,Varaždin,Croatia,FALSE
2025-10-13,Montenegro,Liechtenstein,2,1,Friendly,Podgorica,Montenegro,FALSE
2025-10-13,Uzbekistan,Uruguay,1,2,Friendly,Malacca City,Malaysia,TRUE
2025-10-13,South Sudan,Togo,0,0,FIFA World Cup qualification,Juba,South Sudan,FALSE
2025-10-13,Lesotho,Zimbabwe,1,0,FIFA World Cup qualification,Polokwane,South Africa,TRUE
2025-10-13,Cape Verde,Eswatini,3,0,FIFA World Cup qualification,Praia,Cape Verde,FALSE
2025-10-13,Cameroon,Angola,0,0,FIFA World Cup qualification,Yaoundé,Cameroon,FALSE
2025-10-13,Mauritius,Libya,0,0,FIFA World Cup qualification,Saint Pierre,Mauritius,FALSE
2025-10-13,Equatorial Guinea,Liberia,1,1,FIFA World Cup qualification,Malabo,Equatorial Guinea,FALSE
2025-10-13,São Tomé and Príncipe,Malawi,1,0,FIFA World Cup qualification,Sousse,Tunisia,TRUE
2025-10-13,Tunisia,Namibia,3,0,FIFA World Cup qualification,Radès,Tunisia,FALSE
2025-10-13,Northern Ireland,Germany,0,1,FIFA World Cup qualification,Belfast,Northern Ireland,FALSE
2025-10-13,Slovakia,Luxembourg,2,0,FIFA World Cup qualification,Trnava,Slovakia,FALSE
2025-10-13,Slovenia,Switzerland,0,0,FIFA World Cup qualification,Ljubljana,Slovenia,FALSE
2025-10-13,Sweden,Kosovo,0,1,FIFA World Cup qualification,Gothenburg,Sweden,FALSE
2025-10-13,Iceland,France,2,2,FIFA World Cup qualification,Reykjavík,Iceland,FALSE
2025-10-13,Ukraine,Azerbaijan,2,1,FIFA World Cup qualification,Kraków,Poland,TRUE
2025-10-13,Wales,Belgium,2,4,FIFA World Cup qualification,Cardiff,Wales,FALSE
2025-10-13,North Macedonia,Kazakhstan,1,1,FIFA World Cup qualification,Skopje,North Macedonia,FALSE
2025-10-13,Honduras,Haiti,3,0,FIFA World Cup qualification,Tegucigalpa,Honduras,FALSE
2025-10-13,Costa Rica,Nicaragua,4,1,FIFA World Cup qualification,San José,Costa Rica,FALSE
2025-10-14,Albania,Jordan,4,2,Friendly,Tirana,Albania,FALSE
2025-10-14,Iran,Tanzania,2,0,Friendly,Dubai,United Arab Emirates,TRUE
2025-10-14,Canada,Colombia,0,0,Friendly,Harrison,United States,TRUE
2025-10-14,South Korea,Paraguay,2,0,Friendly,Seoul,South Korea,FALSE
2025-10-14,Mexico,Ecuador,1,1,Friendly,Zapopan,Mexico,FALSE
2025-10-14,Norway,New Zealand,1,1,Friendly,Oslo,Norway,FALSE
2025-10-14,Puerto Rico,Argentina,0,6,Friendly,Fort Lauderdale,United States,TRUE
2025-10-14,Russia,Bolivia,3,0,Friendly,Moscow,Russia,FALSE
2025-10-14,United States,Australia,2,1,Friendly,Denver,United States,FALSE
2025-10-14,Qatar,United Arab Emirates,2,1,FIFA World Cup qualification,Al Rayyan,Qatar,FALSE
2025-10-14,Saudi Arabia,Iraq,0,0,FIFA World Cup qualification,Jeddah,Saudi Arabia,FALSE
2025-10-14,Senegal,Mauritania,4,0,FIFA World Cup qualification,Diamniadio,Senegal,FALSE
2025-10-14,DR Congo,Sudan,1,0,FIFA World Cup qualification,Kinshasa,DR Congo,FALSE
2025-10-14,Nigeria,Benin,4,0,FIFA World Cup qualification,Uyo,Nigeria,FALSE
2025-10-14,South Africa,Rwanda,3,0,FIFA World Cup qualification,Mbombela,South Africa,FALSE
2025-10-14,Morocco,Congo,1,0,FIFA World Cup qualification,Rabat,Morocco,FALSE
2025-10-14,Seychelles,Gambia,0,7,FIFA World Cup qualification,Saint Pierre,Mauritius,TRUE
2025-10-14,Ivory Coast,Kenya,3,0,FIFA World Cup qualification,Ebimpé,Ivory Coast,FALSE
2025-10-14,Gabon,Burundi,2,0,FIFA World Cup qualification,Franceville,Gabon,FALSE
2025-10-14,Algeria,Uganda,2,1,FIFA World Cup qualification,Tizi Ouzou,Algeria,FALSE
2025-10-14,Guinea,Botswana,2,2,FIFA World Cup qualification,Casablanca,Morocco,TRUE
2025-10-14,Somalia,Mozambique,0,1,FIFA World Cup qualification,Bir El Djir,Algeria,TRUE
2025-10-14,Spain,Bulgaria,4,0,FIFA World Cup qualification,Valladolid,Spain,FALSE
2025-10-14,Turkey,Georgia,4,1,FIFA World Cup qualification,Izmit,Turkey,FALSE
2025-10-14,Portugal,Hungary,2,2,FIFA World Cup qualification,Lisbon,Portugal,FALSE
2025-10-14,Republic of Ireland,Armenia,1,0,FIFA World Cup qualification,Dublin,Republic of Ireland,FALSE
2025-10-14,Estonia,Moldova,1,1,FIFA World Cup qualification,Tallinn,Estonia,FALSE
2025-10-14,Italy,Israel,3,0,FIFA World Cup qualification,Udine,Italy,FALSE
2025-10-14,Andorra,Serbia,1,3,FIFA World Cup qualification,Encamp,Andorra,FALSE
2025-10-14,Latvia,England,0,5,FIFA World Cup qualification,Riga,Latvia,FALSE
2025-10-14,Maldives,Tajikistan,0,3,AFC Asian Cup qualification,Malé,Maldives,FALSE
2025-10-14,Philippines,Timor-Leste,3,1,AFC Asian Cup qualification,Capas,Philippines,FALSE
2025-10-14,Bhutan,Lebanon,0,4,AFC Asian Cup qualification,Al Wakrah,Qatar,TRUE
2025-10-14,Yemen,Brunei,9,0,AFC Asian Cup qualification,Kuwait City,Kuwait,TRUE
2025-10-14,India,Singapore,1,2,AFC Asian Cup qualification,Margao,India,FALSE
2025-10-14,Hong Kong,Bangladesh,1,1,AFC Asian Cup qualification,Kowloon,Hong Kong,FALSE
2025-10-14,Taiwan,Thailand,1,6,AFC Asian Cup qualification,Taipei,Taiwan,FALSE
2025-10-14,Turkmenistan,Sri Lanka,2,1,AFC Asian Cup qualification,Arkadag,Turkmenistan,FALSE
2025-10-14,Myanmar,Syria,0,3,AFC Asian Cup qualification,Yangon,Myanmar,FALSE
2025-10-14,Afghanistan,Pakistan,1,1,AFC Asian Cup qualification,Al Farwaniyah,Kuwait,TRUE
2025-10-14,Vietnam,Nepal,1,0,AFC Asian Cup qualification,Ho Chi Minh City,Vietnam,FALSE
2025-10-14,Malaysia,Laos,5,1,AFC Asian Cup qualification,Kuala Lumpur,Malaysia,FALSE
2025-10-14,Panama,Suriname,1,1,FIFA World Cup qualification,Panama City,Panama,FALSE
2025-10-14,El Salvador,Guatemala,0,1,FIFA World Cup qualification,San Salvador,El Salvador,FALSE
2025-10-14,Curaçao,Trinidad and Tobago,1,1,FIFA World Cup qualification,Willemstad,Curaçao,FALSE
2025-10-14,Jamaica,Bermuda,4,0,FIFA World Cup qualification,Kingston,Jamaica,FALSE
2025-11-12,Tunisia,Mauritania,1,1,Friendly,Radès,Tunisia,FALSE
2025-11-12,Russia,Peru,1,1,Friendly,Saint Petersburg,Russia,FALSE
2025-11-13,Algeria,Zimbabwe,3,1,Friendly,Jeddah,Saudi Arabia,TRUE
2025-11-13,Bangladesh,Nepal,2,2,Friendly,Dhaka,Bangladesh,FALSE
2025-11-13,Canada,Ecuador,0,0,Friendly,Toronto,Canada,FALSE
2025-11-13,Czech Republic,San Marino,1,0,Friendly,Karviná,Czech Republic,FALSE
2025-11-13,Hong Kong,Cambodia,1,1,Friendly,Hong Kong,Hong Kong,FALSE
2025-11-13,Lithuania,Israel,0,0,Friendly,Kaunas,Lithuania,FALSE
2025-11-13,North Macedonia,Latvia,0,0,Friendly,Skopje,North Macedonia,FALSE
2025-11-13,Thailand,Singapore,3,2,Friendly,Pathum Thani,Thailand,FALSE
2025-11-13,United Arab Emirates,Iraq,1,1,FIFA World Cup qualification,Abu Dhabi,United Arab Emirates,FALSE
2025-11-13,Cameroon,DR Congo,0,1,FIFA World Cup qualification,Rabat,Morocco,TRUE
2025-11-13,Nigeria,Gabon,4,1,FIFA World Cup qualification,Rabat,Morocco,TRUE
2025-11-13,France,Ukraine,4,0,FIFA World Cup qualification,Paris,France,FALSE
2025-11-13,Azerbaijan,Iceland,0,2,FIFA World Cup qualification,Baku,Azerbaijan,FALSE
2025-11-13,Republic of Ireland,Portugal,2,0,FIFA World Cup qualification,Dublin,Republic of Ireland,FALSE
2025-11-13,Armenia,Hungary,0,1,FIFA World Cup qualification,Yerevan,Armenia,FALSE
2025-11-13,Norway,Estonia,4,1,FIFA World Cup qualification,Oslo,Norway,FALSE
2025-11-13,Moldova,Italy,0,2,FIFA World Cup qualification,Chișinău,Moldova,FALSE
2025-11-13,England,Serbia,2,0,FIFA World Cup qualification,London,England,FALSE
2025-11-13,Andorra,Albania,0,1,FIFA World Cup qualification,Encamp,Andorra,FALSE
2025-11-13,Suriname,El Salvador,4,0,FIFA World Cup qualification,Paramaribo,Suriname,FALSE
2025-11-13,Guatemala,Panama,2,3,FIFA World Cup qualification,Guatemala City,Guatemala,FALSE
2025-11-13,Bermuda,Curaçao,0,7,FIFA World Cup qualification,Devonshire Parish,Bermuda,FALSE
2025-11-13,Trinidad and Tobago,Jamaica,1,1,FIFA World Cup qualification,Port of Spain,Trinidad and Tobago,FALSE
2025-11-13,Haiti,Costa Rica,1,0,FIFA World Cup qualification,Willemstad,Curaçao,TRUE
2025-11-13,Nicaragua,Honduras,2,0,FIFA World Cup qualification,Managua,Nicaragua,FALSE
2025-11-14,Angola,Argentina,0,2,Friendly,Luanda,Angola,FALSE
2025-11-14,Australia,Venezuela,0,1,Friendly,Houston,United States,TRUE
2025-11-14,South Korea,Bolivia,2,0,Friendly,Daejeon,South Korea,FALSE
2025-11-14,Morocco,Mozambique,1,0,Friendly,Tangier,Morocco,FALSE
2025-11-14,Oman,Sudan,2,0,Friendly,Seeb,Oman,FALSE
2025-11-14,Comoros,Namibia,1,0,Friendly,Iconi,Comoros,FALSE
2025-11-14,Uganda,Chad,2,1,Friendly,Berrechid,Morocco,TRUE
2025-11-14,Burkina Faso,Niger,3,2,Friendly,Mohammedia,Morocco,TRUE
2025-11-14,Saudi Arabia,Ivory Coast,1,0,Friendly,Jeddah,Saudi Arabia,FALSE
2025-11-14,Tunisia,Jordan,3,2,Friendly,Radès,Tunisia,FALSE
2025-11-14,Luxembourg,Germany,0,2,FIFA World Cup qualification,Luxembourg,Luxembourg,FALSE
2025-11-14,Slovakia,Northern Ireland,1,0,FIFA World Cup qualification,Košice,Slovakia,FALSE
2025-11-14,Finland,Malta,0,1,FIFA World Cup qualification,Helsinki,Finland,FALSE
2025-11-14,Poland,Netherlands,1,1,FIFA World Cup qualification,Warsaw,Poland,FALSE
2025-11-14,Croatia,Faroe Islands,3,1,FIFA World Cup qualification,Rijeka,Croatia,FALSE
2025-11-14,Gibraltar,Montenegro,1,2,FIFA World Cup qualification,Gibraltar,Gibraltar,FALSE
2025-11-15,Russia,Chile,0,2,Friendly,Sochi,Russia,FALSE
2025-11-15,Libya,Mauritania,1,0,Friendly,Benina,Libya,FALSE
2025-11-15,Kuwait,Tanzania,4,3,Friendly,Cairo,Egypt,TRUE
2025-11-15,Lesotho,Malawi,0,0,Friendly,Bloemfontein,South Africa,TRUE
2025-11-15,Guinea,Liberia,2,0,Friendly,Casablanca,Morocco,TRUE
2025-11-15,Brazil,Senegal,2,0,Friendly,London,England,TRUE
2025-11-15,Colombia,New Zealand,2,1,Friendly,Fort Lauderdale,United States,TRUE
2025-11-15,Mexico,Uruguay,0,0,Friendly,Torreón,Mexico,FALSE
2025-11-15,South Africa,Zambia,3,1,Friendly,Gqeberha,South Africa,FALSE
2025-11-15,United States,Paraguay,2,1,Friendly,Chester,United States,FALSE
2025-11-15,Slovenia,Kosovo,0,2,FIFA World Cup qualification,Ljubljana,Slovenia,FALSE
2025-11-15,Switzerland,Sweden,4,1,FIFA World Cup qualification,Geneva,Switzerland,FALSE
2025-11-15,Denmark,Belarus,2,2,FIFA World Cup qualification,Copenhagen,Denmark,FALSE
2025-11-15,Greece,Scotland,3,2,FIFA World Cup qualification,Piraeus,Greece,FALSE
2025-11-15,Turkey,Bulgaria,2,0,FIFA World Cup qualification,Bursa,Turkey,FALSE
2025-11-15,Georgia,Spain,0,4,FIFA World Cup qualification,Tbilisi,Georgia,FALSE
2025-11-15,Cyprus,Austria,0,2,FIFA World Cup qualification,Limassol,Cyprus,FALSE
2025-11-15,Bosnia and Herzegovina,Romania,3,1,FIFA World Cup qualification,Zenica,Bosnia and Herzegovina,FALSE
2025-11-15,Liechtenstein,Wales,0,1,FIFA World Cup qualification,Vaduz,Liechtenstein,FALSE
2025-11-15,Kazakhstan,Belgium,1,1,FIFA World Cup qualification,Astana,Kazakhstan,FALSE
2025-11-16,Nigeria,DR Congo,1,1,FIFA World Cup qualification,Rabat,Morocco,TRUE
2025-11-16,Ukraine,Iceland,2,0,FIFA World Cup qualification,Warsaw,Poland,TRUE
2025-11-16,Azerbaijan,France,1,3,FIFA World Cup qualification,Baku,Azerbaijan,FALSE
2025-11-16,Portugal,Armenia,9,1,FIFA World Cup qualification,Porto,Portugal,FALSE
2025-11-16,Hungary,Republic of Ireland,2,3,FIFA World Cup qualification,Budapest,Hungary,FALSE
2025-11-16,Moldova,Israel,1,4,FIFA World Cup qualification,Chișinău,Moldova,FALSE
2025-11-16,Italy,Norway,1,4,FIFA World Cup qualification,Milan,Italy,FALSE
2025-11-16,Albania,England,0,2,FIFA World Cup qualification,Tirana,Albania,FALSE
2025-11-16,Serbia,Latvia,2,1,FIFA World Cup qualification,Leskovac,Serbia,FALSE
2025-11-17,Comoros,Namibia,4,0,Friendly,Iconi,Comoros,FALSE
2025-11-17,Mozambique,Chad,2,2,Friendly,Berrechid,Morocco,TRUE
2025-11-17,Madagascar,Equatorial Guinea,2,0,Friendly,Antalya,Turkey,TRUE
2025-11-17,Finland,Andorra,4,0,Friendly,Tampere,Finland,FALSE
2025-11-17,Qatar,Zimbabwe,1,2,Friendly,Ar-Rayyan,Qatar,FALSE
2025-11-17,Bahrain,Somalia,1,2,Friendly,Riffa,Bahrain,FALSE
2025-11-17,Northern Ireland,Luxembourg,1,0,FIFA World Cup qualification,Belfast,Northern Ireland,FALSE
2025-11-17,Germany,Slovakia,6,0,FIFA World Cup qualification,Leipzig,Germany,FALSE
2025-11-17,Malta,Poland,2,3,FIFA World Cup qualification,Ta' Qali,Malta,FALSE
2025-11-17,Netherlands,Lithuania,4,0,FIFA World Cup qualification,Amsterdam,Netherlands,FALSE
2025-11-17,Czech Republic,Gibraltar,6,0,FIFA World Cup qualification,Olomouc,Czech Republic,FALSE
2025-11-17,Montenegro,Croatia,2,3,FIFA World Cup qualification,Podgorica,Montenegro,FALSE
2025-11-18,Angola,Zambia,3,2,Friendly,Luanda,Angola,FALSE
2025-11-18,Morocco,Uganda,4,0,Friendly,Tangier,Morocco,FALSE
2025-11-18,Oman,Ivory Coast,0,2,Friendly,Seeb,Oman,FALSE
2025-11-18,Saudi Arabia,Algeria,0,2,Friendly,Jeddah,Saudi Arabia,FALSE
2025-11-18,Guinea,Niger,1,1,Friendly,Mohammedia,Morocco,TRUE
2025-11-18,Kenya,Senegal,0,8,Friendly,Antalya,Turkey,TRUE
2025-11-18,Benin,Burkina Faso,0,3,Friendly,Mohammedia,Morocco,TRUE
2025-11-18,Mali,Jordan,3,2,Friendly,Radès,Tunisia,TRUE
2025-11-18,Kuwait,Gambia,2,2,Friendly,Cairo,Egypt,TRUE
2025-11-18,Lesotho,Malawi,0,1,Friendly,Bloemfontein,South Africa,TRUE
2025-11-18,Maldives,Philippines,0,2,AFC Asian Cup qualification,Malé,Maldives,FALSE
2025-11-18,Timor-Leste,Tajikistan,0,5,AFC Asian Cup qualification,Darwin,Australia,TRUE
2025-11-18,Yemen,Bhutan,7,1,AFC Asian Cup qualification,Kuwait City,Kuwait,TRUE
2025-11-18,Brunei,Lebanon,0,3,AFC Asian Cup qualification,Bandar Seri Begawan,Brunei,FALSE
2025-11-18,Bangladesh,India,1,0,AFC Asian Cup qualification,Dhaka,Bangladesh,FALSE
2025-11-18,Hong Kong,Singapore,1,2,AFC Asian Cup qualification,Kowloon,Hong Kong,FALSE
2025-11-18,Sri Lanka,Thailand,0,4,AFC Asian Cup qualification,Colombo,Sri Lanka,FALSE
2025-11-18,Turkmenistan,Taiwan,3,1,AFC Asian Cup qualification,Arkadag,Turkmenistan,FALSE
2025-11-18,Pakistan,Syria,0,5,AFC Asian Cup qualification,Islamabad,Pakistan,FALSE
2025-11-18,Malaysia,Nepal,1,0,AFC Asian Cup qualification,Kuala Lumpur,Malaysia,FALSE
2025-11-18,Brazil,Tunisia,1,1,Friendly,Lille,France,TRUE
2025-11-18,Canada,Venezuela,2,0,Friendly,Fort Lauderdale,United States,TRUE
2025-11-18,Chile,Peru,2,1,Friendly,Sochi,Russia,TRUE
2025-11-18,Colombia,Australia,3,0,Friendly,New York,United States,TRUE
2025-11-18,Cyprus,Estonia,2,4,Friendly,Limassol,Cyprus,FALSE
2025-11-18,Ecuador,New Zealand,2,0,Friendly,Harrison,United States,TRUE
2025-11-18,Faroe Islands,Kazakhstan,1,0,Friendly,Pula,Croatia,TRUE
2025-11-18,South Korea,Ghana,1,0,Friendly,Seoul,South Korea,FALSE
2025-11-18,Mexico,Paraguay,1,2,Friendly,San Antonio,United States,TRUE
2025-11-18,United States,Uruguay,5,1,Friendly,Tampa,United States,FALSE
2025-11-18,Iraq,United Arab Emirates,2,1,FIFA World Cup qualification,Basra,Iraq,FALSE
2025-11-18,Kosovo,Switzerland,1,1,FIFA World Cup qualification,Pristina,Kosovo,FALSE
2025-11-18,Sweden,Slovenia,1,1,FIFA World Cup qualification,Solna,Sweden,FALSE
2025-11-18,Scotland,Denmark,4,2,FIFA World Cup qualification,Glasgow,Scotland,FALSE
2025-11-18,Belarus,Greece,0,0,FIFA World Cup qualification,Zalaegerszeg,Hungary,TRUE
2025-11-18,Spain,Turkey,2,2,FIFA World Cup qualification,Seville,Spain,FALSE
2025-11-18,Bulgaria,Georgia,2,1,FIFA World Cup qualification,Sofia,Bulgaria,FALSE
2025-11-18,Austria,Bosnia and Herzegovina,1,1,FIFA World Cup qualification,Vienna,Austria,FALSE
2025-11-18,Romania,San Marino,7,1,FIFA World Cup qualification,Ploiești,Romania,FALSE
2025-11-18,Wales,North Macedonia,7,1,FIFA World Cup qualification,Cardiff,Wales,FALSE
2025-11-18,Belgium,Liechtenstein,7,0,FIFA World Cup qualification,Liège,Belgium,FALSE
2025-11-18,Guatemala,Suriname,3,1,FIFA World Cup qualification,Guatemala City,Guatemala,FALSE
2025-11-18,Panama,El Salvador,3,0,FIFA World Cup qualification,Panama City,Panama,FALSE
2025-11-18,Jamaica,Curaçao,0,0,FIFA World Cup qualification,Kingston,Jamaica,FALSE
2025-11-18,Trinidad and Tobago,Bermuda,2,2,FIFA World Cup qualification,Port of Spain,Trinidad and Tobago,FALSE
2025-11-18,Costa Rica,Honduras,0,0,FIFA World Cup qualification,San José,Costa Rica,FALSE
2025-11-18,Haiti,Nicaragua,2,0,FIFA World Cup qualification,Willemstad,Curaçao,TRUE
2025-11-19,Laos,Vietnam,0,2,AFC Asian Cup qualification,Vientiane,Laos,FALSE
2025-12-21,Morocco,Comoros,2,0,African Cup of Nations,Rabat,Morocco,FALSE
2025-12-22,Mali,Zambia,1,1,African Cup of Nations,Casablanca,Morocco,TRUE
2025-12-22,South Africa,Angola,2,1,African Cup of Nations,Marrakesh,Morocco,TRUE
2025-12-22,Egypt,Zimbabwe,2,1,African Cup of Nations,Agadir,Morocco,TRUE
2025-12-23,Nigeria,Tanzania,2,1,African Cup of Nations,Fez,Morocco,TRUE
2025-12-23,Tunisia,Uganda,3,1,African Cup of Nations,Rabat,Morocco,TRUE
2025-12-23,DR Congo,Benin,1,0,African Cup of Nations,Rabat,Morocco,TRUE
2025-12-23,Senegal,Botswana,3,0,African Cup of Nations,Tangier,Morocco,TRUE
2025-12-24,Burkina Faso,Equatorial Guinea,2,1,African Cup of Nations,Casablanca,Morocco,TRUE
2025-12-24,Algeria,Sudan,3,0,African Cup of Nations,Rabat,Morocco,TRUE
2025-12-24,Ivory Coast,Mozambique,1,0,African Cup of Nations,Marrakesh,Morocco,TRUE
2025-12-24,Cameroon,Gabon,1,0,African Cup of Nations,Agadir,Morocco,TRUE
2025-12-26,Zambia,Comoros,0,0,African Cup of Nations,Casablanca,Morocco,TRUE
2025-12-26,Morocco,Mali,1,1,African Cup of Nations,Rabat,Morocco,FALSE
2025-12-26,Angola,Zimbabwe,1,1,African Cup of Nations,Marrakesh,Morocco,TRUE
2025-12-26,Egypt,South Africa,1,0,African Cup of Nations,Agadir,Morocco,TRUE
2025-12-27,Uganda,Tanzania,1,1,African Cup of Nations,Rabat,Morocco,TRUE
2025-12-27,Nigeria,Tunisia,3,2,African Cup of Nations,Fez,Morocco,TRUE
2025-12-27,Benin,Botswana,1,0,African Cup of Nations,Rabat,Morocco,TRUE
2025-12-27,Senegal,DR Congo,1,1,African Cup of Nations,Tangier,Morocco,TRUE
2025-12-28,Equatorial Guinea,Sudan,0,1,African Cup of Nations,Casablanca,Morocco,TRUE
2025-12-28,Algeria,Burkina Faso,1,0,African Cup of Nations,Rabat,Morocco,TRUE
2025-12-28,Gabon,Mozambique,2,3,African Cup of Nations,Agadir,Morocco,TRUE
2025-12-28,Ivory Coast,Cameroon,1,1,African Cup of Nations,Marrakesh,Morocco,TRUE
2025-12-29,Morocco,Zambia,3,0,African Cup of Nations,Rabat,Morocco,FALSE
2025-12-29,Comoros,Mali,0,0,African Cup of Nations,Casablanca,Morocco,TRUE
2025-12-29,Angola,Egypt,0,0,African Cup of Nations,Agadir,Morocco,TRUE
2025-12-29,Zimbabwe,South Africa,2,3,African Cup of Nations,Marrakesh,Morocco,TRUE
2025-12-30,Uganda,Nigeria,1,3,African Cup of Nations,Fez,Morocco,TRUE
2025-12-30,Tanzania,Tunisia,1,1,African Cup of Nations,Rabat,Morocco,TRUE
2025-12-30,Benin,Senegal,0,3,African Cup of Nations,Tangier,Morocco,TRUE
2025-12-30,Botswana,DR Congo,0,3,African Cup of Nations,Rabat,Morocco,TRUE
2025-12-31,Equatorial Guinea,Algeria,1,3,African Cup of Nations,Rabat,Morocco,TRUE
2025-12-31,Sudan,Burkina Faso,0,2,African Cup of Nations,Casablanca,Morocco,TRUE
2025-12-31,Gabon,Ivory Coast,2,3,African Cup of Nations,Marrakesh,Morocco,TRUE
2025-12-31,Mozambique,Cameroon,1,2,African Cup of Nations,Agadir,Morocco,TRUE
2026-01-03,Senegal,Sudan,3,1,African Cup of Nations,Tangier,Morocco,TRUE
2026-01-03,Mali,Tunisia,1,1,African Cup of Nations,Casablanca,Morocco,TRUE
2026-01-04,Morocco,Tanzania,1,0,African Cup of Nations,Rabat,Morocco,FALSE
2026-01-04,South Africa,Cameroon,1,2,African Cup of Nations,Rabat,Morocco,TRUE
2026-01-05,Egypt,Benin,3,1,African Cup of Nations,Agadir,Morocco,TRUE
2026-01-05,Nigeria,Mozambique,4,0,African Cup of Nations,Fez,Morocco,TRUE
2026-01-06,Algeria,DR Congo,1,0,African Cup of Nations,Rabat,Morocco,TRUE
2026-01-06,Ivory Coast,Burkina Faso,3,0,African Cup of Nations,Marrakesh,Morocco,TRUE
2026-01-09,Mali,Senegal,0,1,African Cup of Nations,Tangier,Morocco,TRUE
2026-01-09,Morocco,Cameroon,2,0,African Cup of Nations,Rabat,Morocco,FALSE
2026-01-10,Algeria,Nigeria,0,2,African Cup of Nations,Marrakesh,Morocco,TRUE
2026-01-10,Egypt,Ivory Coast,3,2,African Cup of Nations,Agadir,Morocco,TRUE
2026-01-14,Senegal,Egypt,1,0,African Cup of Nations,Tangier,Morocco,TRUE
2026-01-14,Morocco,Nigeria,0,0,African Cup of Nations,Rabat,Morocco,FALSE
2026-01-17,Egypt,Nigeria,0,0,African Cup of Nations,Casablanca,Morocco,TRUE
2026-01-18,Morocco,Senegal,3,0,African Cup of Nations,Rabat,Morocco,FALSE
2026-01-18,Bolivia,Panama,1,1,Friendly,Tarija,Bolivia,FALSE
2026-01-18,Grenada,Jamaica,0,1,Friendly,St. George's,Grenada,FALSE
2026-01-22,Panama,Mexico,0,1,Friendly,Panama City,Panama,FALSE
2026-01-25,Bolivia,Mexico,0,1,Friendly,Santa Cruz,Bolivia,FALSE
2026-01-26,Uzbekistan,China PR,2,2,Friendly,Dubai,United Arab Emirates,TRUE
2026-02-25,Mexico,Iceland,4,0,Friendly,Querétaro,Mexico,FALSE
2026-03-15,Bolivia,Trinidad and Tobago,3,0,Friendly,Santa Cruz,Bolivia,FALSE
2026-03-25,Bermuda,DR Congo,0,2,Friendly,Zapopan,Mexico,TRUE
2026-03-25,Equatorial Guinea,Kyrgyzstan,1,0,Friendly,Antalya,Turkey,TRUE
2026-03-26,Brazil,France,1,2,Friendly,Foxborough,United States,TRUE
2026-03-26,Colombia,Croatia,1,2,Friendly,Orlando,United States,TRUE
2026-03-26,Cyprus,Belarus,0,1,Friendly,Nicosia,Cyprus,FALSE
2026-03-26,Georgia,Israel,2,2,Friendly,Tbilisi,Georgia,FALSE
2026-03-26,Moldova,Lithuania,0,2,Friendly,Chișinău,Moldova,FALSE
2026-03-26,Vietnam,Bangladesh,3,0,Friendly,Hanoi,Vietnam,FALSE
2026-03-26,New Caledonia,Jamaica,0,1,FIFA World Cup qualification,Zapopan,Mexico,TRUE
2026-03-26,Bolivia,Suriname,2,1,FIFA World Cup qualification,Guadalupe,Mexico,TRUE
2026-03-26,Italy,Northern Ireland,2,0,FIFA World Cup qualification,Bergamo,Italy,FALSE
2026-03-26,Wales,Bosnia and Herzegovina,1,1,FIFA World Cup qualification,Cardiff,Wales,FALSE
2026-03-26,Poland,Albania,2,1,FIFA World Cup qualification,Warsaw,Poland,FALSE
2026-03-26,Ukraine,Sweden,1,3,FIFA World Cup qualification,Valencia,Spain,TRUE
2026-03-26,Slovakia,Kosovo,3,4,FIFA World Cup qualification,Bratislava,Slovakia,FALSE
2026-03-26,Turkey,Romania,1,0,FIFA World Cup qualification,Istanbul,Turkey,FALSE
2026-03-26,Czech Republic,Republic of Ireland,2,2,FIFA World Cup qualification,Prague,Czech Republic,FALSE
2026-03-26,Denmark,North Macedonia,4,0,FIFA World Cup qualification,Copenhagen,Denmark,FALSE
2026-03-27,Algeria,Guatemala,7,0,Friendly,Genoa,Switzerland,TRUE
2026-03-27,Argentina,Mauritania,2,1,Friendly,Buenos Aires,Argentina,FALSE
2026-03-27,Austria,Ghana,5,1,Friendly,Vienna,Austria,FALSE
2026-03-27,England,Uruguay,1,1,Friendly,London,England,FALSE
2026-03-27,Greece,Paraguay,0,1,Friendly,Athens,Greece,FALSE
2026-03-27,Montenegro,Andorra,2,0,Friendly,Podgorica,Montenegro,FALSE
2026-03-27,Morocco,Ecuador,1,1,Friendly,Madrid,Spain,TRUE
2026-03-27,Netherlands,Norway,2,1,Friendly,Amsterdam,Netherlands,FALSE
2026-03-27,Saudi Arabia,Egypt,0,4,Friendly,Jeddah,Saudi Arabia,FALSE
2026-03-27,South Africa,Panama,1,1,Friendly,Durban,South Africa,FALSE
2026-03-27,Spain,Serbia,3,0,Friendly,Villarreal,Spain,FALSE
2026-03-27,Russia,Nicaragua,3,1,Friendly,Krasnodar,Russia,FALSE
2026-03-27,Switzerland,Germany,3,4,Friendly,Basel,Switzerland,FALSE
2026-03-27,Costa Rica,Jordan,2,2,Friendly,Antalya,Turkey,TRUE
2026-03-27,Iran,Nigeria,1,2,Friendly,Antalya,Turkey,TRUE
2026-03-28,Burkina Faso,Guinea-Bissau,5,0,Friendly,Ouagadougou,Burkina Faso,FALSE
2026-03-28,Canada,Iceland,2,2,Friendly,Toronto,Canada,FALSE
2026-03-28,Haiti,Tunisia,0,1,Friendly,Toronto,Canada,TRUE
2026-03-28,Hungary,Slovenia,1,0,Friendly,Budapest,Hungary,FALSE
2026-03-28,Ivory Coast,South Korea,4,0,Friendly,Milton Keynes,England,TRUE
2026-03-28,Mexico,Portugal,0,0,Friendly,Mexico City,Mexico,FALSE
2026-03-28,San Marino,Faroe Islands,1,2,Friendly,Serravalle,San Marino,FALSE
2026-03-28,Scotland,Japan,0,1,Friendly,Glasgow,Scotland,FALSE
2026-03-28,Senegal,Peru,2,0,Friendly,Paris,France,TRUE
2026-03-28,United States,Belgium,2,5,Friendly,Atlanta,United States,FALSE
2026-03-28,Kyrgyzstan,Madagascar,2,5,Friendly,Antalya,Turkey,TRUE
2026-03-29,Armenia,Belarus,1,2,Friendly,Yerevan,Armenia,FALSE
2026-03-29,Colombia,France,1,3,Friendly,Landover,United States,TRUE
2026-03-29,Lithuania,Georgia,0,2,Friendly,Kaunas,Lithuania,FALSE
2026-03-30,Cyprus,Moldova,3,2,Friendly,Nicosia,Cyprus,FALSE
2026-03-30,Germany,Ghana,2,1,Friendly,Stuttgart,Germany,FALSE
2026-03-31,Algeria,Uruguay,0,0,Friendly,Turin,Italy,TRUE
2026-03-31,Argentina,Zambia,5,0,Friendly,Buenos Aires,Argentina,FALSE
2026-03-31,Austria,South Korea,1,0,Friendly,Vienna,Austria,FALSE
2026-03-31,Brazil,Croatia,3,1,Friendly,Orlando,United States,TRUE
2026-03-31,Burkina Faso,Guinea-Bissau,1,1,Friendly,Ouagadougou,Burkina Faso,FALSE
2026-03-31,Canada,Tunisia,0,0,Friendly,Toronto,Canada,FALSE
2026-03-31,Costa Rica,Iran,0,5,Friendly,Antalya,Turkey,TRUE
2026-03-31,England,Japan,0,1,Friendly,London,England,FALSE
2026-03-31,Equatorial Guinea,Madagascar,1,1,Friendly,Manavgat,Turkey,TRUE
2026-03-31,Haiti,Iceland,1,1,Friendly,Toronto,Canada,TRUE
2026-03-31,Hungary,Greece,0,0,Friendly,Budapest,Hungary,FALSE
2026-03-31,Ivory Coast,Scotland,1,0,Friendly,Liverpool,England,TRUE
2026-03-31,Jordan,Nigeria,2,2,Friendly,Antalya,Turkey,TRUE
2026-03-31,Mexico,Belgium,1,1,Friendly,Chicago,United States,TRUE
2026-03-31,Montenegro,Slovenia,2,3,Friendly,Podgorica,Montenegro,FALSE
2026-03-31,Morocco,Paraguay,2,1,Friendly,Lens,France,TRUE
2026-03-31,Netherlands,Ecuador,1,1,Friendly,Eindhoven,Netherlands,FALSE
2026-03-31,Norway,Switzerland,0,0,Friendly,Oslo,Norway,FALSE
2026-03-31,Peru,Honduras,2,2,Friendly,Madrid,Spain,TRUE
2026-03-31,Russia,Mali,0,0,Friendly,Saint Petersburg,Russia,FALSE
2026-03-31,Republic of Ireland,North Macedonia,0,0,Friendly,Dublin,Republic of Ireland,FALSE
2026-03-31,San Marino,Andorra,0,0,Friendly,Serravalle,San Marino,FALSE
2026-03-31,Senegal,Gambia,3,1,Friendly,Diamniadio,Senegal,FALSE
2026-03-31,Serbia,Saudi Arabia,2,1,Friendly,Backa Topola,Serbia,FALSE
2026-03-31,Slovakia,Romania,2,0,Friendly,Bratislava,Slovakia,FALSE
2026-03-31,South Africa,Panama,1,2,Friendly,Cape Town,South Africa,FALSE
2026-03-31,Spain,Egypt,0,0,Friendly,Barcelona,Spain,FALSE
2026-03-31,Ukraine,Albania,1,0,Friendly,Valencia,Spain,TRUE
2026-03-31,United States,Portugal,0,2,Friendly,Atlanta,United States,FALSE
2026-03-31,Wales,Northern Ireland,1,1,Friendly,Cardiff,Wales,FALSE
2026-03-31,DR Congo,Jamaica,1,0,FIFA World Cup qualification,Zapopan,Mexico,TRUE
2026-03-31,Iraq,Bolivia,2,1,FIFA World Cup qualification,Guadalupe,Mexico,TRUE
2026-03-31,Bosnia and Herzegovina,Italy,1,1,FIFA World Cup qualification,Zenica,Bosnia and Herzegovina,FALSE
2026-03-31,Sweden,Poland,3,2,FIFA World Cup qualification,Solna,Sweden,FALSE
2026-03-31,Kosovo,Turkey,0,1,FIFA World Cup qualification,Pristina,Kosovo,FALSE
2026-03-31,Czech Republic,Denmark,2,2,FIFA World Cup qualification,Prague,Czech Republic,FALSE
2026-06-11,Mexico,South Africa,NA,NA,FIFA World Cup,Mexico City,Mexico,FALSE
2026-06-11,South Korea,Czech Republic,NA,NA,FIFA World Cup,Zapopan,Mexico,TRUE
2026-06-12,Canada,Bosnia and Herzegovina,NA,NA,FIFA World Cup,Toronto,Canada,FALSE
2026-06-12,United States,Paraguay,NA,NA,FIFA World Cup,Inglewood,United States,FALSE
2026-06-13,Qatar,Switzerland,NA,NA,FIFA World Cup,Santa Clara,United States,TRUE
2026-06-13,Brazil,Morocco,NA,NA,FIFA World Cup,East Rutherford,United States,TRUE
2026-06-13,Haiti,Scotland,NA,NA,FIFA World Cup,Foxborough,United States,TRUE
2026-06-13,Australia,Turkey,NA,NA,FIFA World Cup,Vancouver,Canada,TRUE
2026-06-14,Germany,Curaçao,NA,NA,FIFA World Cup,Houston,United States,TRUE
2026-06-14,Ivory Coast,Ecuador,NA,NA,FIFA World Cup,Philadelphia,United States,TRUE
2026-06-14,Netherlands,Japan,NA,NA,FIFA World Cup,Arlington,United States,TRUE
2026-06-14,Sweden,Tunisia,NA,NA,FIFA World Cup,Guadalupe,Mexico,TRUE
2026-06-15,Belgium,Egypt,NA,NA,FIFA World Cup,Seattle,United States,TRUE
2026-06-15,Iran,New Zealand,NA,NA,FIFA World Cup,Inglewood,United States,TRUE
2026-06-15,Spain,Cape Verde,NA,NA,FIFA World Cup,Atlanta,United States,TRUE
2026-06-15,Saudi Arabia,Uruguay,NA,NA,FIFA World Cup,Miami Gardens,United States,TRUE
2026-06-16,France,Senegal,NA,NA,FIFA World Cup,East Rutherford,United States,TRUE
2026-06-16,Iraq,Norway,NA,NA,FIFA World Cup,Foxborough,United States,TRUE
2026-06-16,Argentina,Algeria,NA,NA,FIFA World Cup,Kansas City,United States,TRUE
2026-06-16,Austria,Jordan,NA,NA,FIFA World Cup,Santa Clara,United States,TRUE
2026-06-17,Portugal,DR Congo,NA,NA,FIFA World Cup,Houston,United States,TRUE
2026-06-17,Uzbekistan,Colombia,NA,NA,FIFA World Cup,Mexico City,Mexico,TRUE
2026-06-17,England,Croatia,NA,NA,FIFA World Cup,Arlington,United States,TRUE
2026-06-17,Ghana,Panama,NA,NA,FIFA World Cup,Toronto,Canada,TRUE
2026-06-18,Czech Republic,South Africa,NA,NA,FIFA World Cup,Atlanta,United States,TRUE
2026-06-18,Mexico,South Korea,NA,NA,FIFA World Cup,Zapopan,Mexico,FALSE
2026-06-18,Switzerland,Bosnia and Herzegovina,NA,NA,FIFA World Cup,Inglewood,United States,TRUE
2026-06-18,Canada,Qatar,NA,NA,FIFA World Cup,Vancouver,Canada,FALSE
2026-06-19,Scotland,Morocco,NA,NA,FIFA World Cup,Foxborough,United States,TRUE
2026-06-19,Brazil,Haiti,NA,NA,FIFA World Cup,Philadelphia,United States,TRUE
2026-06-19,United States,Australia,NA,NA,FIFA World Cup,Seattle,United States,FALSE
2026-06-19,Turkey,Paraguay,NA,NA,FIFA World Cup,Santa Clara,United States,TRUE
2026-06-20,Germany,Ivory Coast,NA,NA,FIFA World Cup,Toronto,Canada,TRUE
2026-06-20,Ecuador,Curaçao,NA,NA,FIFA World Cup,Kansas City,United States,TRUE
2026-06-20,Netherlands,Sweden,NA,NA,FIFA World Cup,Houston,United States,TRUE
2026-06-20,Tunisia,Japan,NA,NA,FIFA World Cup,Guadalupe,Mexico,TRUE
2026-06-21,Belgium,Iran,NA,NA,FIFA World Cup,Inglewood,United States,TRUE
2026-06-21,New Zealand,Egypt,NA,NA,FIFA World Cup,Vancouver,Canada,TRUE
2026-06-21,Spain,Saudi Arabia,NA,NA,FIFA World Cup,Atlanta,United States,TRUE
2026-06-21,Uruguay,Cape Verde,NA,NA,FIFA World Cup,Miami Gardens,United States,TRUE
2026-06-22,France,Iraq,NA,NA,FIFA World Cup,Philadelphia,United States,TRUE
2026-06-22,Norway,Senegal,NA,NA,FIFA World Cup,East Rutherford,United States,TRUE
2026-06-22,Argentina,Austria,NA,NA,FIFA World Cup,Arlington,United States,TRUE
2026-06-22,Jordan,Algeria,NA,NA,FIFA World Cup,Santa Clara,United States,TRUE
2026-06-23,Portugal,Uzbekistan,NA,NA,FIFA World Cup,Houston,United States,TRUE
2026-06-23,Colombia,DR Congo,NA,NA,FIFA World Cup,Zapopan,Mexico,TRUE
2026-06-23,England,Ghana,NA,NA,FIFA World Cup,Foxborough,United States,TRUE
2026-06-23,Panama,Croatia,NA,NA,FIFA World Cup,Toronto,Canada,TRUE
2026-06-24,Mexico,Czech Republic,NA,NA,FIFA World Cup,Mexico City,Mexico,FALSE
2026-06-24,South Africa,South Korea,NA,NA,FIFA World Cup,Guadalupe,Mexico,TRUE
2026-06-24,Canada,Switzerland,NA,NA,FIFA World Cup,Vancouver,Canada,FALSE
2026-06-24,Bosnia and Herzegovina,Qatar,NA,NA,FIFA World Cup,Seattle,United States,TRUE
2026-06-24,Scotland,Brazil,NA,NA,FIFA World Cup,Miami Gardens,United States,TRUE
2026-06-24,Morocco,Haiti,NA,NA,FIFA World Cup,Atlanta,United States,TRUE
2026-06-25,United States,Turkey,NA,NA,FIFA World Cup,Inglewood,United States,FALSE
2026-06-25,Paraguay,Australia,NA,NA,FIFA World Cup,Santa Clara,United States,TRUE
2026-06-25,Curaçao,Ivory Coast,NA,NA,FIFA World Cup,Philadelphia,United States,TRUE
2026-06-25,Ecuador,Germany,NA,NA,FIFA World Cup,East Rutherford,United States,TRUE
2026-06-25,Japan,Sweden,NA,NA,FIFA World Cup,Arlington,United States,TRUE
2026-06-25,Tunisia,Netherlands,NA,NA,FIFA World Cup,Kansas City,United States,TRUE
2026-06-26,Egypt,Iran,NA,NA,FIFA World Cup,Seattle,United States,TRUE
2026-06-26,New Zealand,Belgium,NA,NA,FIFA World Cup,Vancouver,Canada,TRUE
2026-06-26,Cape Verde,Saudi Arabia,NA,NA,FIFA World Cup,Houston,United States,TRUE
2026-06-26,Uruguay,Spain,NA,NA,FIFA World Cup,Zapopan,Mexico,TRUE
2026-06-26,Norway,France,NA,NA,FIFA World Cup,Foxborough,United States,TRUE
2026-06-26,Senegal,Iraq,NA,NA,FIFA World Cup,Toronto,Canada,TRUE
2026-06-27,Algeria,Austria,NA,NA,FIFA World Cup,Kansas City,United States,TRUE
2026-06-27,Jordan,Argentina,NA,NA,FIFA World Cup,Arlington,United States,TRUE
2026-06-27,Colombia,Portugal,NA,NA,FIFA World Cup,Miami Gardens,United States,TRUE
2026-06-27,DR Congo,Uzbekistan,NA,NA,FIFA World Cup,Atlanta,United States,TRUE
2026-06-27,Panama,England,NA,NA,FIFA World Cup,East Rutherford,United States,TRUE
2026-06-27,Croatia,Ghana,NA,NA,FIFA World Cup,Philadelphia,United States,TRUE
